captured_at,bucket,event_id,name,local_date,local_time,time_tbd,status,venue,city,price_type,min_price,max_price,currency,sale_start,sale_end,ticket_limit,url
2026-09-28T15:24:52+00:00,mlb_postseason,G5vVZ_3wH1uYn,2026 NY Yankees v Boston Red Sox Wild Card Game 1,2026-09-29,20:00:00,False,onsale,Yankee Stadium,Bronx,,,,,2026-09-18T18:00:00Z,2026-09-30T01:00:00Z,Only a LIMITED number of Tickets (as determined by the Yankees in its sole and absolute discretion) will be made available during the presale.Maximum of eight (8) Tickets to each potential game scheduled to be played during the 2026 Wild Card and ALDS.,https://www.ticketmaster.com/2026-ny-yankees-v-boston-red-bronx-new-york-09-29-2026/event/1D00652CBC28DC2A
2026-09-28T15:24:52+00:00,mlb_postseason,G5vVZ_3wWEXeS,2026 NY Yankees v Boston Red Sox Wild Card Game 2,2026-09-30,20:00:00,False,onsale,Yankee Stadium,Bronx,,,,,2026-09-18T18:00:00Z,2026-10-01T01:00:00Z,Only a LIMITED number of Tickets (as determined by the Yankees in its sole and absolute discretion) will be made available during the presale.Maximum of eight (8) Tickets to each potential game scheduled to be played during the 2026 Wild Card and ALDS.,https://www.ticketmaster.com/2026-ny-yankees-v-boston-red-bronx-new-york-09-30-2026/event/1D00652CBD9FE0B3
2026-09-28T15:24:52+00:00,mlb_postseason,G5vVZ_3wWiXdW,2026 NY Yankees v Boston Red Sox Wild Card Game 3,2026-10-01,20:00:00,False,onsale,Yankee Stadium,Bronx,,,,,2026-09-18T18:00:00Z,2026-10-02T01:00:00Z,Only a LIMITED number of Tickets (as determined by the Yankees in its sole and absolute discretion) will be made available during the presale.Maximum of eight (8) Tickets to each potential game scheduled to be played during the 2026 Wild Card and ALDS.,https://www.ticketmaster.com/2026-ny-yankees-v-boston-red-bronx-new-york-10-01-2026/event/1D00652CBDB3E0FD
2026-09-28T15:24:52+00:00,mlb_postseason,G5vVZ_3Yebnyg,Pinstripe Pass * 2026 NY Yankees v Boston Red Sox Wild Card Game 1,2026-09-29,20:00:00,False,onsale,Yankee Stadium,Bronx,,,,,2026-09-18T18:00:00Z,2026-09-30T01:00:00Z,Only a LIMITED number of Tickets (as determined by the Yankees in its sole and absolute discretion) will be made available during the presale.Maximum of eight (8) Tickets to each potential game scheduled to be played during the 2026 Wild Card and ALDS.,https://www.ticketmaster.com/pinstripe-pass-2026-ny-yankees-v-bronx-new-york-09-29-2026/event/1D00652C0262AE75
2026-09-28T15:24:52+00:00,mlb_postseason,G5vVZ_3wcRlFC,2026 NY Yankees v Boston Red Sox Wild Card Game 1 * Premium Seating *,2026-09-29,20:00:00,False,onsale,Yankee Stadium,Bronx,,,,,2026-09-18T18:00:00Z,2026-09-30T01:00:00Z,Only a LIMITED number of Tickets (as determined by the Yankees in its sole and absolute discretion) will be made available during the presale.Maximum of eight (8) Tickets to each potential game scheduled to be played during the 2026 Wild Card and ALDS.,https://www.ticketmaster.com/2026-ny-yankees-v-boston-red-bronx-new-york-09-29-2026/event/1D00652CADBEB20E
2026-09-28T15:24:52+00:00,mlb_postseason,G5vVZ_3YdsD5c,Pinstripe Pass * 2026 NY Yankees v Boston Red Sox Wild Card Game 2,2026-09-30,20:00:00,False,onsale,Yankee Stadium,Bronx,,,,,2026-09-18T18:00:00Z,2026-10-01T01:00:00Z,Only a LIMITED number of Tickets (as determined by the Yankees in its sole and absolute discretion) will be made available during the presale.Maximum of eight (8) Tickets to each potential game scheduled to be played during the 2026 Wild Card and ALDS.,https://www.ticketmaster.com/pinstripe-pass-2026-ny-yankees-v-bronx-new-york-09-30-2026/event/1D00652C03C7B2ED
2026-09-28T15:24:52+00:00,mlb_postseason,G5vVZ_3wSFHFF,2026 NY Yankees v Boston Red Sox Wild Card Game 2 * Premium Seating *,2026-09-30,20:00:00,False,onsale,Yankee Stadium,Bronx,,,,,2026-09-18T18:00:00Z,2026-10-01T01:00:00Z,Only a LIMITED number of Tickets (as determined by the Yankees in its sole and absolute discretion) will be made available during the presale.Maximum of eight (8) Tickets to each potential game scheduled to be played during the 2026 Wild Card and ALDS.,https://www.ticketmaster.com/2026-ny-yankees-v-boston-red-bronx-new-york-09-30-2026/event/1D00652CB323C208
2026-09-28T15:24:52+00:00,mlb_postseason,G5vVZ_3wWBCk9,2026 NY Yankees Division Series Home Game 1,2026-10-07,,True,offsale,Yankee Stadium,Bronx,,,,,2026-09-18T18:00:00Z,,Only a LIMITED number of Tickets (as determined by the Yankees in its sole and absolute discretion) will be made available during the presale.Maximum of eight (8) Tickets to each potential game scheduled to be played during the 2026 Wild Card and ALDS.,https://www.ticketmaster.com/2026-ny-yankees-division-series-home-bronx-new-york-10-07-2026/event/1D00652CBDE8E197
2026-09-28T15:24:52+00:00,mlb_postseason,G5vVZ_3YdVlG6,Pinstripe Pass * 2026 NY Yankees v Boston Red Sox Wild Card Game 3,2026-10-01,20:00:00,False,onsale,Yankee Stadium,Bronx,,,,,2026-09-18T18:00:00Z,2026-10-02T01:00:00Z,Only a LIMITED number of Tickets (as determined by the Yankees in its sole and absolute discretion) will be made available during the presale.Maximum of eight (8) Tickets to each potential game scheduled to be played during the 2026 Wild Card and ALDS.,https://www.ticketmaster.com/pinstripe-pass-2026-ny-yankees-v-bronx-new-york-10-01-2026/event/1D00652C03D2B307
2026-09-28T15:24:52+00:00,mlb_postseason,G5vVZ_3wS_H1X,2026 NY Yankees v Boston Red Sox Wild Card Game 3 * Premium Seating *,2026-10-01,20:00:00,False,onsale,Yankee Stadium,Bronx,,,,,2026-09-18T18:00:00Z,2026-10-02T01:00:00Z,Only a LIMITED number of Tickets (as determined by the Yankees in its sole and absolute discretion) will be made available during the presale.Maximum of eight (8) Tickets to each potential game scheduled to be played during the 2026 Wild Card and ALDS.,https://www.ticketmaster.com/2026-ny-yankees-v-boston-red-bronx-new-york-10-01-2026/event/1D00652CB367C2BE
2026-09-28T15:24:52+00:00,mlb_postseason,G5vVZ_3wXaCa8,2026 NY Yankees Division Series Home Game 2,2026-10-08,,True,offsale,Yankee Stadium,Bronx,,,,,2026-09-18T18:00:00Z,,Only a LIMITED number of Tickets (as determined by the Yankees in its sole and absolute discretion) will be made available during the presale.Maximum of eight (8) Tickets to each potential game scheduled to be played during the 2026 Wild Card and ALDS.,https://www.ticketmaster.com/2026-ny-yankees-division-series-home-bronx-new-york-10-08-2026/event/1D00652CBE24E250
2026-09-28T15:24:52+00:00,mlb_postseason,G5vVZ_3Y7oDKe,Pinstripe Pass * 2026 NY Yankees Division Series Home Game 1,2026-10-07,,True,offsale,Yankee Stadium,Bronx,,,,,2026-09-18T18:00:00Z,,Only a LIMITED number of Tickets (as determined by the Yankees in its sole and absolute discretion) will be made available during the presale.Maximum of eight (8) Tickets to each potential game scheduled to be played during the 2026 Wild Card and ALDS.,https://www.ticketmaster.com/pinstripe-pass-2026-ny-yankees-division-bronx-new-york-10-07-2026/event/1D00652C0447B4C2
2026-09-28T15:24:52+00:00,mlb_postseason,G5vVZ_3wSMGo3,2026 NY Yankees Division Series Home Game 1 * Premium Seating *,2026-10-07,,True,offsale,Yankee Stadium,Bronx,,,,,2026-09-18T18:00:00Z,,Only a LIMITED number of Tickets (as determined by the Yankees in its sole and absolute discretion) will be made available during the presale.Maximum of eight (8) Tickets to each potential game scheduled to be played during the 2026 Wild Card and ALDS.,https://www.ticketmaster.com/2026-ny-yankees-division-series-home-bronx-new-york-10-07-2026/event/1D00652CB3DCC452
2026-09-28T15:24:52+00:00,mlb_postseason,G5vVZ_3Y7ql4F,Pinstripe Pass * 2026 NY Yankees Division Series Home Game 2,2026-10-08,,True,offsale,Yankee Stadium,Bronx,,,,,2026-09-18T18:00:00Z,,Only a LIMITED number of Tickets (as determined by the Yankees in its sole and absolute discretion) will be made available during the presale.Maximum of eight (8) Tickets to each potential game scheduled to be played during the 2026 Wild Card and ALDS.,https://www.ticketmaster.com/pinstripe-pass-2026-ny-yankees-division-bronx-new-york-10-08-2026/event/1D00652C0476B548
2026-09-28T15:24:52+00:00,mlb_postseason,G5vVZ_3wzZqvA,2026 NY Yankees Division Series Home Game 2 * Premium Seating *,2026-10-08,,True,offsale,Yankee Stadium,Bronx,,,,,2026-09-18T18:00:00Z,,Only a LIMITED number of Tickets (as determined by the Yankees in its sole and absolute discretion) will be made available during the presale.Maximum of eight (8) Tickets to each potential game scheduled to be played during the 2026 Wild Card and ALDS.,https://www.ticketmaster.com/2026-ny-yankees-division-series-home-bronx-new-york-10-08-2026/event/1D00652CB801D045
2026-09-28T15:24:52+00:00,mlb_postseason,Z7r9jZ1AAZP3b,TBD at Los Angeles Dodgers: NLDS (Home Game 1),2026-10-03,18:08:00,False,onsale,UNIQLO Field at Dodger Stadium,Los Angeles,,,,,1900-01-01T18:00:00Z,2026-10-04T03:08:00Z,,https://www.ticketmaster.com/event/Z7r9jZ1AAZP3b
2026-09-28T15:24:52+00:00,mlb_postseason,Z7r9jZ1AAZP3_,TBD at Los Angeles Dodgers: NLDS (Home Game 2),2026-10-04,18:08:00,False,onsale,UNIQLO Field at Dodger Stadium,Los Angeles,,,,,1900-01-01T18:00:00Z,2026-10-05T03:08:00Z,,https://www.ticketmaster.com/event/Z7r9jZ1AAZP3_
2026-09-28T15:24:52+00:00,mlb_postseason,Z7r9jZ1AAZPfZ,"TBD at Los Angeles Dodgers: NLDS (Home Game 3, If Necessary)",2026-10-09,18:08:00,False,onsale,UNIQLO Field at Dodger Stadium,Los Angeles,,,,,1900-01-01T18:00:00Z,2026-10-10T03:08:00Z,,https://www.ticketmaster.com/event/Z7r9jZ1AAZPfZ
2026-09-28T15:24:52+00:00,mlb_postseason,Z7r9jZ1AAZMa7,Chicago Cubs at San Diego Padres: NL Wild Card (Home Game 1),2026-09-29,19:00:00,False,onsale,PETCO Park,San Diego,,,,,1900-01-01T18:00:00Z,2026-09-30T03:00:00Z,,https://www.ticketmaster.com/event/Z7r9jZ1AAZMa7
2026-09-28T15:24:52+00:00,mlb_postseason,Z7r9jZ1AAZIk6,Chicago Cubs at San Diego Padres: NL Wild Card (Home Game 2),2026-09-30,19:00:00,False,onsale,PETCO Park,San Diego,,,,,1900-01-01T18:00:00Z,2026-10-01T03:00:00Z,,https://www.ticketmaster.com/event/Z7r9jZ1AAZIk6
2026-09-28T15:24:52+00:00,mlb_postseason,vvG1zZ_o1HYDbV,Atlanta Braves Wild Card Game 1,2026-09-29,14:00:00,False,onsale,Truist Park,Atlanta,,,,,2026-09-17T17:00:00Z,2026-09-29T19:00:00Z,There is an overall 6 ticket limit for this event.,https://www.ticketmaster.com/atlanta-braves-wild-card-game-1-atlanta-georgia-09-29-2026/event/0E006512BCC3B634
2026-09-28T15:24:52+00:00,mlb_postseason,vvG18Z_GRS2g-o,ALDS Home Game 1,2026-10-03,13:10:00,False,onsale,Rate Field,Chicago,,,,,2026-09-18T19:00:00Z,2026-10-03T19:10:00Z,There is a 6 ticket limit for this event.,https://www.ticketmaster.com/alds-home-game-1-chicago-illinois-10-03-2026/event/040064CBF33F5851
2026-09-28T15:24:52+00:00,mlb_postseason,vvG1zZ_o1Hwh_e,Atlanta Braves Wild Card Game 2,2026-09-30,14:00:00,False,onsale,Truist Park,Atlanta,,,,,2026-09-17T17:00:00Z,2026-09-30T19:00:00Z,There is an overall 6 ticket limit for this event.,https://www.ticketmaster.com/atlanta-braves-wild-card-game-2-atlanta-georgia-09-30-2026/event/0E006512BCC9B642
2026-09-28T15:24:52+00:00,mlb_postseason,vvG18Z_GRSog-J,ALDS Home Game 2,2026-10-04,13:10:00,False,onsale,Rate Field,Chicago,,,,,2026-09-18T19:00:00Z,2026-10-04T19:10:00Z,There is a 6 ticket limit for this event.,https://www.ticketmaster.com/alds-home-game-2-chicago-illinois-10-04-2026/event/040064CBF3475866
2026-09-28T15:24:52+00:00,mlb_postseason,vvG1zZ_o1HSl_o,Atlanta Braves Wild Card Game 3,2026-10-01,,True,onsale,Truist Park,Atlanta,,,,,2026-09-17T17:00:00Z,2026-10-02T02:00:00Z,There is an overall 6 ticket limit for this event.,https://www.ticketmaster.com/atlanta-braves-wild-card-game-3-atlanta-georgia-10-01-2026/event/0E006512BCCEB651
2026-09-28T15:24:52+00:00,mlb_postseason,vvG1zZ_o1Hc5b9,Atlanta Braves NLDS Home Game 1,2026-10-06,,True,onsale,Truist Park,Atlanta,,,,,2026-09-17T17:00:00Z,2026-10-07T02:00:00Z,There is an overall 6 ticket limit for this event.,https://www.ticketmaster.com/atlanta-braves-nlds-home-game-1-atlanta-georgia-10-06-2026/event/0E006512BCB4B617
2026-09-28T15:24:52+00:00,mlb_postseason,G5vVZbzmDC45f,Postseason Pregame Tour*2026 Wild Card Game 1,2026-09-29,,True,offsale,Yankee Stadium,Bronx,,,,,,,There is a nineteen (19) ticket limit per Tour event.,https://www.ticketmaster.com/postseason-pregame-tour2026-wild-card-game-bronx-new-york-09-29-2026/event/1D00638BBB3952D4
2026-09-28T15:24:52+00:00,mlb_postseason,G5vVZbzmDC45b,Postseason Pregame Tour*2026 Wild Card Game 2,2026-09-30,,True,offsale,Yankee Stadium,Bronx,,,,,,,There is a nineteen (19) ticket limit per Tour event.,https://www.ticketmaster.com/postseason-pregame-tour2026-wild-card-game-bronx-new-york-09-30-2026/event/1D00638BBB3952D8
2026-09-28T15:24:52+00:00,mlb_postseason,G5vVZbzmDCP5Q,Postseason Pregame Tour*2026 Wild Card Game 3,2026-10-01,,True,offsale,Yankee Stadium,Bronx,,,,,,,There is a nineteen (19) ticket limit per Tour event.,https://www.ticketmaster.com/postseason-pregame-tour2026-wild-card-game-bronx-new-york-10-01-2026/event/1D00638BBB3A52DA
2026-09-28T15:24:52+00:00,mlb_postseason,G5vVZbydnigr-,Postseason Premium Pregame Tour*2026 Wild Card Game 1,2026-09-29,,True,offsale,Yankee Stadium,Bronx,,,,,,,There is a nine (9) ticket limit per Tour event.,https://www.ticketmaster.com/postseason-premium-pregame-tour2026-wild-card-bronx-new-york-09-29-2026/event/1D006390EAB357A1
2026-09-28T15:24:52+00:00,mlb_postseason,G5vVZbzRDh9cV,Postseason Pregame Glimpse of Greatness Tour*2026 Wild Card Game 1,2026-09-29,,True,offsale,Yankee Stadium,Bronx,,,,,,,There is a nineteen (19) ticket limit per Tour event.,https://www.ticketmaster.com/postseason-pregame-glimpse-of-greatness-tour2026-bronx-new-york-09-29-2026/event/1D00638BFB6D7B74
2026-09-28T15:24:52+00:00,mlb_postseason,G5vVZbydnigrN,Postseason Premium Pregame Tour*2026 Wild Card Game 2,2026-09-30,,True,offsale,Yankee Stadium,Bronx,,,,,,,There is a nine (9) ticket limit per Tour event.,https://www.ticketmaster.com/postseason-premium-pregame-tour2026-wild-card-bronx-new-york-09-30-2026/event/1D006390EAB357A3
2026-09-28T15:24:52+00:00,mlb_postseason,G5vVZbzRDhEcU,Postseason Pregame Glimpse of Greatness Tour*2026 Wild Card Game 2,2026-09-30,,True,offsale,Yankee Stadium,Bronx,,,,,,,There is a nineteen (19) ticket limit per Tour event.,https://www.ticketmaster.com/postseason-pregame-glimpse-of-greatness-tour2026-bronx-new-york-09-30-2026/event/1D00638BFB6E7B76
2026-09-28T15:24:52+00:00,mlb_postseason,G5vVZbydnigrP,Postseason Premium Pregame Tour*2026 Wild Card Game 3,2026-10-01,,True,offsale,Yankee Stadium,Bronx,,,,,,,There is a nine (9) ticket limit per Tour event.,https://www.ticketmaster.com/postseason-premium-pregame-tour2026-wild-card-bronx-new-york-10-01-2026/event/1D006390EAB357A5
2026-09-28T15:24:52+00:00,mlb_postseason,G5vVZbzRDhEcz,Postseason Pregame Glimpse of Greatness Tour*2026 Wild Card Game 3,2026-10-01,,True,offsale,Yankee Stadium,Bronx,,,,,,,There is a nineteen (19) ticket limit per Tour event.,https://www.ticketmaster.com/postseason-pregame-glimpse-of-greatness-tour2026-bronx-new-york-10-01-2026/event/1D00638BFB6E7B78
2026-09-28T15:24:52+00:00,mlb_postseason,vvG1zZ_o5frqHF,Atlanta Braves Wild Card Game 1 * Premium Seating *,2026-09-29,14:00:00,False,onsale,Truist Park,Atlanta,,,,,2026-09-17T17:00:00Z,2026-09-29T19:00:00Z,There is an overall 6 ticket limit for this event.,https://www.ticketmaster.com/atlanta-braves-wild-card-game-1-atlanta-georgia-09-29-2026/event/0E006512D479DF08
2026-09-28T15:24:52+00:00,mlb_postseason,vvG1zZ_o5fLcHf,Atlanta Braves Wild Card Game 2 * Premium Seating *,2026-09-30,14:00:00,False,onsale,Truist Park,Atlanta,,,,,2026-09-17T17:00:00Z,2026-09-30T19:00:00Z,There is an overall 6 ticket limit for this event.,https://www.ticketmaster.com/atlanta-braves-wild-card-game-2-atlanta-georgia-09-30-2026/event/0E006512D47EDF14
2026-09-28T15:24:52+00:00,mlb_postseason,vvG1zZ_o5fOWHh,Atlanta Braves Wild Card Game 3 * Premium Seating *,2026-10-01,,True,onsale,Truist Park,Atlanta,,,,,2026-09-17T17:00:00Z,2026-10-02T02:00:00Z,There is an overall 6 ticket limit for this event.,https://www.ticketmaster.com/atlanta-braves-wild-card-game-3-atlanta-georgia-10-01-2026/event/0E006512D483DF1B
2026-09-28T15:24:52+00:00,mlb_postseason,Z7r9jZ1AAZIAy,"Chicago Cubs at San Diego Padres: NL Wild Card (Home Game 3, If Necessary)",2026-10-01,19:00:00,False,onsale,PETCO Park,San Diego,,,,,1900-01-01T18:00:00Z,2026-10-02T03:00:00Z,,https://www.ticketmaster.com/event/Z7r9jZ1AAZIAy
2026-09-28T15:24:52+00:00,mlb_postseason,vvG18Z_GRS4Axp,ALCS Home Game 1,2026-10-11,13:10:00,False,onsale,Rate Field,Chicago,,,,,2026-09-18T19:00:00Z,2026-10-11T18:10:00Z,There is a 6 ticket limit for this event.,https://www.ticketmaster.com/alcs-home-game-1-chicago-illinois-10-11-2026/event/040064CBF3545896
2026-09-28T15:24:52+00:00,mlb_postseason,vvG1zZ_o1HmhbP,Atlanta Braves NLDS Home Game 2,2026-10-07,,True,onsale,Truist Park,Atlanta,,,,,2026-09-17T17:00:00Z,2026-10-08T02:00:00Z,There is an overall 6 ticket limit for this event.,https://www.ticketmaster.com/atlanta-braves-nlds-home-game-2-atlanta-georgia-10-07-2026/event/0E006512BCB9B625
2026-09-28T15:24:52+00:00,mlb_postseason,vvG18Z_GRSK4xA,ALDS HOME GAME 3,2026-10-05,13:10:00,False,onsale,Rate Field,Chicago,,,,,2026-09-18T19:00:00Z,2026-10-05T19:10:00Z,There is a 6 ticket limit for this event.,https://www.ticketmaster.com/alds-home-game-3-chicago-illinois-10-05-2026/event/040064CBF34D5885
2026-09-28T15:24:52+00:00,mlb_postseason,vvG18Z_GRSh4NN,Wild Card Home Game 1,2026-09-29,13:10:00,False,onsale,Rate Field,Chicago,,,,,2026-09-18T19:00:00Z,2026-09-29T19:10:00Z,There is a 6 ticket limit for this event.,https://www.ticketmaster.com/wild-card-home-game-1-chicago-illinois-09-29-2026/event/040064CBF36D58E3
2026-09-28T15:24:52+00:00,mlb_postseason,vvG1zZ_o1HRlbR,Atlanta Braves NLDS Home Game 3,2026-10-09,,False,cancelled,Truist Park,Atlanta,,,,,2026-09-17T17:00:00Z,2026-10-09T05:00:00Z,There is an overall 6 ticket limit for this event.,https://www.ticketmaster.com/atlanta-braves-nlds-home-game-3-atlanta-georgia-10-09-2026/event/0E006512BCBEB62F
2026-09-28T15:24:52+00:00,mlb_postseason,vvG18Z_GRSpPxP,ALCS Home Game 2,2026-10-12,13:10:00,False,onsale,Rate Field,Chicago,,,,,2026-09-18T19:00:00Z,2026-10-12T18:10:00Z,There is a 6 ticket limit for this event.,https://www.ticketmaster.com/alcs-home-game-2-chicago-illinois-10-12-2026/event/040064CBF35A58A5
2026-09-28T15:24:52+00:00,mlb_postseason,vvG1zZ_o5fhuDl,Atlanta Braves NLDS Home Game 1 * Premium Seating *,2026-10-06,,True,onsale,Truist Park,Atlanta,,,,,2026-09-17T17:00:00Z,2026-10-07T02:00:00Z,There is an overall 6 ticket limit for this event.,https://www.ticketmaster.com/atlanta-braves-nlds-home-game-1-atlanta-georgia-10-06-2026/event/0E006512D46CDEEB
2026-09-28T15:24:52+00:00,mlb_postseason,vvG1zZ_o5fjqDm,Atlanta Braves NLDS Home Game 2 * Premium Seating *,2026-10-07,,True,onsale,Truist Park,Atlanta,,,,,2026-09-17T17:00:00Z,2026-10-08T02:00:00Z,There is an overall 6 ticket limit for this event.,https://www.ticketmaster.com/atlanta-braves-nlds-home-game-2-atlanta-georgia-10-07-2026/event/0E006512D471DEEE
2026-09-28T15:24:52+00:00,mlb_postseason,vvG1zZ_o5fqqDy,Atlanta Braves NLDS Home Game 3 * Premium Seating *,2026-10-09,,False,cancelled,Truist Park,Atlanta,,,,,2026-09-17T17:00:00Z,2026-10-09T05:00:00Z,There is an overall 6 ticket limit for this event.,https://www.ticketmaster.com/atlanta-braves-nlds-home-game-3-atlanta-georgia-10-09-2026/event/0E006512D475DEF9
2026-09-28T15:24:52+00:00,mlb_postseason,vvG18Z_GRSb4xs,ALCS Home Game 3,2026-10-13,13:10:00,False,onsale,Rate Field,Chicago,,,,,2026-09-18T19:00:00Z,2026-10-13T18:10:00Z,There is a 6 ticket limit for this event.,https://www.ticketmaster.com/alcs-home-game-3-chicago-illinois-10-13-2026/event/040064CBF36158B1
2026-09-28T15:24:52+00:00,mlb_postseason,vvG18Z_GRSqANS,Wild Card Home Game 2,2026-09-30,13:10:00,False,onsale,Rate Field,Chicago,,,,,2026-09-18T19:00:00Z,2026-09-30T19:10:00Z,There is a 6 ticket limit for this event.,https://www.ticketmaster.com/wild-card-home-game-2-chicago-illinois-09-30-2026/event/040064CBF37458F3
2026-09-28T15:24:52+00:00,mlb_postseason,1kk8vPk6GAuJdJu,NLCS Home Game 3,2026-10-16,,True,cancelled,Chase Field,Phoenix,,,,,2026-09-25T16:00:00Z,2026-10-17T05:00:00Z,There is an eight (8) ticket limit for this event.,https://www.ticketmaster.com/nlcs-home-game-3-phoenix-arizona-10-16-2026/event/190065187D98398D
2026-09-28T15:24:52+00:00,mlb_postseason,Z7r9jZ1AAZ4fk,TBD at Cleveland Guardians: ALDS (Home Game 1),2026-10-03,,True,onsale,Progressive Field,Cleveland,,,,,1900-01-01T18:00:00Z,2026-10-04T04:29:20Z,,https://www.ticketmaster.com/event/Z7r9jZ1AAZ4fk
2026-09-28T15:24:52+00:00,mlb_postseason,vvG18Z_GRSrg07,Wild Card Home Game 3,2026-10-01,13:10:00,False,onsale,Rate Field,Chicago,,,,,2026-09-18T19:00:00Z,2026-10-01T19:10:00Z,There is a 6 ticket limit for this event.,https://www.ticketmaster.com/wild-card-home-game-3-chicago-illinois-10-01-2026/event/040064CBF37B5904
2026-09-28T15:24:52+00:00,mlb_postseason,Z7r9jZ1AAZU4s,Chicago White Sox at Houston Astros: AL Wild Card (Home Game 1),2026-09-29,16:00:00,False,onsale,Daikin Park,Houston,,,,,1900-01-01T18:00:00Z,2026-09-29T22:30:00Z,,https://www.ticketmaster.com/event/Z7r9jZ1AAZU4s
2026-09-28T15:24:52+00:00,mlb_postseason,vvG18Z_GRS_gNd,ALCS Home Game 4,2026-10-14,13:10:00,False,onsale,Rate Field,Chicago,,,,,2026-09-18T19:00:00Z,2026-10-14T19:10:00Z,There is a 6 ticket limit for this event.,https://www.ticketmaster.com/alcs-home-game-4-chicago-illinois-10-14-2026/event/040064CBF36758C3
2026-09-28T15:24:52+00:00,mlb_postseason,Z7r9jZ1AAZU4Y,Chicago White Sox at Houston Astros: AL Wild Card (Home Game 2),2026-09-30,16:00:00,False,onsale,Daikin Park,Houston,,,,,1900-01-01T18:00:00Z,2026-09-30T22:30:00Z,,https://www.ticketmaster.com/event/Z7r9jZ1AAZU4Y
2026-09-28T15:24:52+00:00,mlb_postseason,Z7r9jZ1AAZ4Gz,"Chicago White Sox at Houston Astros: AL Wild Card (Home Game 3, If Necessary)",2026-10-01,16:00:00,False,onsale,Daikin Park,Houston,,,,,1900-01-01T06:00:00Z,2026-10-01T22:30:00Z,,https://www.ticketmaster.com/event/Z7r9jZ1AAZ4Gz
2026-09-28T15:24:52+00:00,mlb_postseason,Z7r9jZ1AAZ4f6,TBD at Cleveland Guardians: ALDS (Home Game 2),2026-10-05,,True,onsale,Progressive Field,Cleveland,,,,,1900-01-01T18:00:00Z,2026-10-06T04:29:20Z,,https://www.ticketmaster.com/event/Z7r9jZ1AAZ4f6
2026-09-28T15:24:52+00:00,mlb_postseason,Z7r9jZ1AAZ437,"TBD at Cleveland Guardians: ALDS (Home Game 3, If Necessary)",2026-10-10,,True,onsale,Progressive Field,Cleveland,,,,,1900-01-01T18:00:00Z,2026-10-11T04:29:20Z,,https://www.ticketmaster.com/event/Z7r9jZ1AAZ437
2026-09-28T15:24:52+00:00,mlb_postseason,Z7r9jZ1AAZ4Gw,TBD at Tampa Bay Rays: ALDS (Home Game 1),2026-10-03,00:00:00,False,onsale,Tropicana Field,Saint Petersburg,,,,,1900-01-01T06:00:00Z,2026-10-03T05:30:00Z,,https://www.ticketmaster.com/event/Z7r9jZ1AAZ4Gw
2026-09-28T15:24:52+00:00,mlb_postseason,Z7r9jZ1AAZ4Gs,TBD at Tampa Bay Rays: ALDS (Home Game 2),2026-10-05,00:00:00,False,onsale,Tropicana Field,Saint Petersburg,,,,,1900-01-01T06:00:00Z,2026-10-05T05:30:00Z,,https://www.ticketmaster.com/event/Z7r9jZ1AAZ4Gs
2026-09-28T15:24:52+00:00,mlb_postseason,Z7r9jZ1A7JpJ3,TBD at Milwaukee Brewers: NLDS (Home Game 1),2026-10-03,19:00:00,False,onsale,American Family Field,Milwaukee,,,,,1900-01-01T18:00:00Z,2026-10-04T01:30:00Z,,https://www.ticketmaster.com/event/Z7r9jZ1A7JpJ3
2026-09-28T15:24:52+00:00,mlb_postseason,Z7r9jZ1AAZ4uo,"TBD at Tampa Bay Rays: ALDS (Home Game 3, If Necessary)",2026-10-10,00:00:00,False,onsale,Tropicana Field,Saint Petersburg,,,,,1900-01-01T06:00:00Z,2026-10-10T05:30:00Z,,https://www.ticketmaster.com/event/Z7r9jZ1AAZ4uo
2026-09-28T15:24:52+00:00,mlb_postseason,Z7r9jZ1A7JpP0,TBD at Milwaukee Brewers: NLDS (Home Game 2),2026-10-04,19:00:00,False,onsale,American Family Field,Milwaukee,,,,,1900-01-01T18:00:00Z,2026-10-05T01:30:00Z,,https://www.ticketmaster.com/event/Z7r9jZ1A7JpP0
2026-09-28T15:24:52+00:00,mlb_postseason,Z7r9jZ1AAZEj4,"TBD at Milwaukee Brewers: NLDS (Home Game 3, If Necessary)",2026-10-09,19:00:00,False,onsale,American Family Field,Milwaukee,,,,,1900-01-01T18:00:00Z,2026-10-10T01:30:00Z,,https://www.ticketmaster.com/event/Z7r9jZ1AAZEj4
2026-09-28T15:24:52+00:00,nfl_metlife,k7vGF_a6ecuTM,New York Giants vs. Arizona Cardinals,2026-10-04,13:00:00,False,onsale,MetLife Stadium,East Rutherford,,,,,2026-05-14T23:30:00Z,2026-10-04T18:00:00Z,There is a six (6) ticket limit per household.,https://www.ticketmaster.com/new-york-giants-vs-arizona-cardinals-east-rutherford-new-jersey-10-04-2026/event/00006491C2B4DFF7
2026-09-28T15:24:52+00:00,nfl_metlife,k7vGF_a6eVCZ0,New York Giants vs. New Orleans Saints,2026-10-18,13:00:00,False,onsale,MetLife Stadium,East Rutherford,,,,,2026-05-14T23:30:00Z,2026-10-18T18:00:00Z,There is a six (6) ticket limit per household.,https://www.ticketmaster.com/new-york-giants-vs-new-orleans-east-rutherford-new-jersey-10-18-2026/event/00006491C2D0E024
2026-09-28T15:24:52+00:00,nfl_metlife,k7vGF_a6ezmvd,New York Giants vs. San Francisco 49ers,2026-12-06,13:00:00,False,onsale,MetLife Stadium,East Rutherford,,,,,2026-05-14T23:30:00Z,2026-12-06T19:00:00Z,There is a six (6) ticket limit per household.,https://www.ticketmaster.com/new-york-giants-vs-san-francisco-east-rutherford-new-jersey-12-06-2026/event/00006491C2E2E043
2026-09-28T15:24:52+00:00,nfl_metlife,k7vGF_a6ewmZ_,New York Giants vs. Jacksonville Jaguars,2026-11-22,13:00:00,False,onsale,MetLife Stadium,East Rutherford,,,,,2026-05-14T23:30:00Z,2026-11-22T19:00:00Z,There is a six (6) ticket limit per household.,https://www.ticketmaster.com/new-york-giants-vs-jacksonville-jaguars-east-rutherford-new-jersey-11-22-2026/event/00006491C2CAE019
2026-09-28T15:24:52+00:00,nfl_metlife,k7vGF_a6eRmZe,New York Giants vs. Cleveland Browns,2026-12-20,13:00:00,False,onsale,MetLife Stadium,East Rutherford,,,,,2026-05-14T23:30:00Z,2026-12-20T19:00:00Z,There is a six (6) ticket limit per household.,https://www.ticketmaster.com/new-york-giants-vs-cleveland-browns-east-rutherford-new-jersey-12-20-2026/event/00006491C2BEE002
2026-09-28T15:24:52+00:00,nfl_metlife,k7vGF_a6eDmv8,New York Giants vs. Washington Commanders,2026-11-12,20:15:00,False,onsale,MetLife Stadium,East Rutherford,,,,,2026-05-14T23:30:00Z,2026-11-13T02:15:00Z,There is a six (6) ticket limit per household.,https://www.ticketmaster.com/new-york-giants-vs-washington-commanders-east-rutherford-new-jersey-11-12-2026/event/00006491C2EEE050
2026-09-28T15:24:52+00:00,nfl_metlife,k7vGF_FN-EYBU,New York Jets v. Buffalo Bills,2026-11-15,13:00:00,False,onsale,MetLife Stadium,East Rutherford,,,,,2026-05-15T16:00:00Z,2026-11-15T19:00:00Z,There is a six (6) ticket limit per account.,https://www.ticketmaster.com/new-york-jets-v-buffalo-bills-east-rutherford-new-jersey-11-15-2026/event/00006488E19F0EB6
2026-09-28T15:24:52+00:00,nfl_metlife,k7vGF_FN-xZy2,New York Jets v. Las Vegas Raiders,2026-11-01,13:00:00,False,onsale,MetLife Stadium,East Rutherford,,,,,2026-05-15T16:00:00Z,2026-11-01T19:00:00Z,There is a six (6) ticket limit per account.,https://www.ticketmaster.com/new-york-jets-v-las-vegas-east-rutherford-new-jersey-11-01-2026/event/00006488E1880E4F
2026-09-28T15:24:52+00:00,nfl_metlife,k7vGF_FN-J8Bt,New York Jets v. Cleveland Browns,2026-10-11,13:00:00,False,onsale,MetLife Stadium,East Rutherford,,,,,2026-05-15T16:00:00Z,2026-10-11T18:00:00Z,There is a six (6) ticket limit per account.,https://www.ticketmaster.com/new-york-jets-v-cleveland-browns-east-rutherford-new-jersey-10-11-2026/event/00006488E1990EA9
2026-09-28T15:24:52+00:00,nfl_metlife,k7vGF_FN-PZB_,New York Jets v. Denver Broncos,2026-12-13,13:00:00,False,onsale,MetLife Stadium,East Rutherford,,,,,2026-05-15T16:00:00Z,2026-12-13T19:00:00Z,There is a six (6) ticket limit per account.,https://www.ticketmaster.com/new-york-jets-v-denver-broncos-east-rutherford-new-jersey-12-13-2026/event/00006488E1940E99
2026-09-28T15:24:52+00:00,nfl_metlife,k7vGF_FN-LZzc,New York Jets v. Minnesota Vikings,2027-01-03,13:00:00,False,onsale,MetLife Stadium,East Rutherford,,,,,2026-05-15T16:00:00Z,2027-01-03T19:00:00Z,There is a six (6) ticket limit per account.,https://www.ticketmaster.com/new-york-jets-v-minnesota-vikings-east-rutherford-new-jersey-01-03-2027/event/00006488E17C0E2D
2026-09-28T15:24:52+00:00,nfl_metlife,k7vGF_FN-OOzB,New York Jets v. Miami Dolphins,2026-10-25,13:00:00,False,onsale,MetLife Stadium,East Rutherford,,,,,2026-05-15T16:00:00Z,2026-10-25T18:00:00Z,There is a six (6) ticket limit per account.,https://www.ticketmaster.com/new-york-jets-v-miami-dolphins-east-rutherford-new-jersey-10-25-2026/event/00006488E1820E3A
2026-09-28T15:24:52+00:00,nfl_metlife,k7vGF_FN-qYMW,New York Jets v. New England Patriots,2026-12-27,13:00:00,False,onsale,MetLife Stadium,East Rutherford,,,,,2026-05-15T16:00:00Z,2026-12-27T19:00:00Z,There is a six (6) ticket limit per account.,https://www.ticketmaster.com/new-york-jets-v-new-england-east-rutherford-new-jersey-12-27-2026/event/00006488E1770DFD
2026-09-28T16:05:07+00:00,mlb_postseason,G5vVZ_3wH1uYn,2026 NY Yankees v Boston Red Sox Wild Card Game 1,2026-09-29,20:00:00,False,onsale,Yankee Stadium,Bronx,,,,,2026-09-18T18:00:00Z,2026-09-30T01:00:00Z,Only a LIMITED number of Tickets (as determined by the Yankees in its sole and absolute discretion) will be made available during the presale.Maximum of eight (8) Tickets to each potential game scheduled to be played during the 2026 Wild Card and ALDS.,https://www.ticketmaster.com/2026-ny-yankees-v-boston-red-bronx-new-york-09-29-2026/event/1D00652CBC28DC2A
2026-09-28T16:05:07+00:00,mlb_postseason,G5vVZ_3wWEXeS,2026 NY Yankees v Boston Red Sox Wild Card Game 2,2026-09-30,20:00:00,False,onsale,Yankee Stadium,Bronx,,,,,2026-09-18T18:00:00Z,2026-10-01T01:00:00Z,Only a LIMITED number of Tickets (as determined by the Yankees in its sole and absolute discretion) will be made available during the presale.Maximum of eight (8) Tickets to each potential game scheduled to be played during the 2026 Wild Card and ALDS.,https://www.ticketmaster.com/2026-ny-yankees-v-boston-red-bronx-new-york-09-30-2026/event/1D00652CBD9FE0B3
2026-09-28T16:05:07+00:00,mlb_postseason,G5vVZ_3wWiXdW,2026 NY Yankees v Boston Red Sox Wild Card Game 3,2026-10-01,20:00:00,False,onsale,Yankee Stadium,Bronx,,,,,2026-09-18T18:00:00Z,2026-10-02T01:00:00Z,Only a LIMITED number of Tickets (as determined by the Yankees in its sole and absolute discretion) will be made available during the presale.Maximum of eight (8) Tickets to each potential game scheduled to be played during the 2026 Wild Card and ALDS.,https://www.ticketmaster.com/2026-ny-yankees-v-boston-red-bronx-new-york-10-01-2026/event/1D00652CBDB3E0FD
2026-09-28T16:05:07+00:00,mlb_postseason,G5vVZ_3Yebnyg,Pinstripe Pass * 2026 NY Yankees v Boston Red Sox Wild Card Game 1,2026-09-29,20:00:00,False,onsale,Yankee Stadium,Bronx,,,,,2026-09-18T18:00:00Z,2026-09-30T01:00:00Z,Only a LIMITED number of Tickets (as determined by the Yankees in its sole and absolute discretion) will be made available during the presale.Maximum of eight (8) Tickets to each potential game scheduled to be played during the 2026 Wild Card and ALDS.,https://www.ticketmaster.com/pinstripe-pass-2026-ny-yankees-v-bronx-new-york-09-29-2026/event/1D00652C0262AE75
2026-09-28T16:05:07+00:00,mlb_postseason,G5vVZ_3wcRlFC,2026 NY Yankees v Boston Red Sox Wild Card Game 1 * Premium Seating *,2026-09-29,20:00:00,False,onsale,Yankee Stadium,Bronx,,,,,2026-09-18T18:00:00Z,2026-09-30T01:00:00Z,Only a LIMITED number of Tickets (as determined by the Yankees in its sole and absolute discretion) will be made available during the presale.Maximum of eight (8) Tickets to each potential game scheduled to be played during the 2026 Wild Card and ALDS.,https://www.ticketmaster.com/2026-ny-yankees-v-boston-red-bronx-new-york-09-29-2026/event/1D00652CADBEB20E
2026-09-28T16:05:07+00:00,mlb_postseason,G5vVZ_3YdsD5c,Pinstripe Pass * 2026 NY Yankees v Boston Red Sox Wild Card Game 2,2026-09-30,20:00:00,False,onsale,Yankee Stadium,Bronx,,,,,2026-09-18T18:00:00Z,2026-10-01T01:00:00Z,Only a LIMITED number of Tickets (as determined by the Yankees in its sole and absolute discretion) will be made available during the presale.Maximum of eight (8) Tickets to each potential game scheduled to be played during the 2026 Wild Card and ALDS.,https://www.ticketmaster.com/pinstripe-pass-2026-ny-yankees-v-bronx-new-york-09-30-2026/event/1D00652C03C7B2ED
2026-09-28T16:05:07+00:00,mlb_postseason,G5vVZ_3wSFHFF,2026 NY Yankees v Boston Red Sox Wild Card Game 2 * Premium Seating *,2026-09-30,20:00:00,False,onsale,Yankee Stadium,Bronx,,,,,2026-09-18T18:00:00Z,2026-10-01T01:00:00Z,Only a LIMITED number of Tickets (as determined by the Yankees in its sole and absolute discretion) will be made available during the presale.Maximum of eight (8) Tickets to each potential game scheduled to be played during the 2026 Wild Card and ALDS.,https://www.ticketmaster.com/2026-ny-yankees-v-boston-red-bronx-new-york-09-30-2026/event/1D00652CB323C208
2026-09-28T16:05:07+00:00,mlb_postseason,G5vVZ_3wWBCk9,2026 NY Yankees Division Series Home Game 1,2026-10-07,,True,offsale,Yankee Stadium,Bronx,,,,,2026-09-18T18:00:00Z,,Only a LIMITED number of Tickets (as determined by the Yankees in its sole and absolute discretion) will be made available during the presale.Maximum of eight (8) Tickets to each potential game scheduled to be played during the 2026 Wild Card and ALDS.,https://www.ticketmaster.com/2026-ny-yankees-division-series-home-bronx-new-york-10-07-2026/event/1D00652CBDE8E197
2026-09-28T16:05:07+00:00,mlb_postseason,G5vVZ_3YdVlG6,Pinstripe Pass * 2026 NY Yankees v Boston Red Sox Wild Card Game 3,2026-10-01,20:00:00,False,onsale,Yankee Stadium,Bronx,,,,,2026-09-18T18:00:00Z,2026-10-02T01:00:00Z,Only a LIMITED number of Tickets (as determined by the Yankees in its sole and absolute discretion) will be made available during the presale.Maximum of eight (8) Tickets to each potential game scheduled to be played during the 2026 Wild Card and ALDS.,https://www.ticketmaster.com/pinstripe-pass-2026-ny-yankees-v-bronx-new-york-10-01-2026/event/1D00652C03D2B307
2026-09-28T16:05:07+00:00,mlb_postseason,G5vVZ_3wS_H1X,2026 NY Yankees v Boston Red Sox Wild Card Game 3 * Premium Seating *,2026-10-01,20:00:00,False,onsale,Yankee Stadium,Bronx,,,,,2026-09-18T18:00:00Z,2026-10-02T01:00:00Z,Only a LIMITED number of Tickets (as determined by the Yankees in its sole and absolute discretion) will be made available during the presale.Maximum of eight (8) Tickets to each potential game scheduled to be played during the 2026 Wild Card and ALDS.,https://www.ticketmaster.com/2026-ny-yankees-v-boston-red-bronx-new-york-10-01-2026/event/1D00652CB367C2BE
2026-09-28T16:05:07+00:00,mlb_postseason,G5vVZ_3wXaCa8,2026 NY Yankees Division Series Home Game 2,2026-10-08,,True,offsale,Yankee Stadium,Bronx,,,,,2026-09-18T18:00:00Z,,Only a LIMITED number of Tickets (as determined by the Yankees in its sole and absolute discretion) will be made available during the presale.Maximum of eight (8) Tickets to each potential game scheduled to be played during the 2026 Wild Card and ALDS.,https://www.ticketmaster.com/2026-ny-yankees-division-series-home-bronx-new-york-10-08-2026/event/1D00652CBE24E250
2026-09-28T16:05:07+00:00,mlb_postseason,G5vVZ_3Y7oDKe,Pinstripe Pass * 2026 NY Yankees Division Series Home Game 1,2026-10-07,,True,offsale,Yankee Stadium,Bronx,,,,,2026-09-18T18:00:00Z,,Only a LIMITED number of Tickets (as determined by the Yankees in its sole and absolute discretion) will be made available during the presale.Maximum of eight (8) Tickets to each potential game scheduled to be played during the 2026 Wild Card and ALDS.,https://www.ticketmaster.com/pinstripe-pass-2026-ny-yankees-division-bronx-new-york-10-07-2026/event/1D00652C0447B4C2
2026-09-28T16:05:07+00:00,mlb_postseason,G5vVZ_3wSMGo3,2026 NY Yankees Division Series Home Game 1 * Premium Seating *,2026-10-07,,True,offsale,Yankee Stadium,Bronx,,,,,2026-09-18T18:00:00Z,,Only a LIMITED number of Tickets (as determined by the Yankees in its sole and absolute discretion) will be made available during the presale.Maximum of eight (8) Tickets to each potential game scheduled to be played during the 2026 Wild Card and ALDS.,https://www.ticketmaster.com/2026-ny-yankees-division-series-home-bronx-new-york-10-07-2026/event/1D00652CB3DCC452
2026-09-28T16:05:07+00:00,mlb_postseason,G5vVZ_3Y7ql4F,Pinstripe Pass * 2026 NY Yankees Division Series Home Game 2,2026-10-08,,True,offsale,Yankee Stadium,Bronx,,,,,2026-09-18T18:00:00Z,,Only a LIMITED number of Tickets (as determined by the Yankees in its sole and absolute discretion) will be made available during the presale.Maximum of eight (8) Tickets to each potential game scheduled to be played during the 2026 Wild Card and ALDS.,https://www.ticketmaster.com/pinstripe-pass-2026-ny-yankees-division-bronx-new-york-10-08-2026/event/1D00652C0476B548
2026-09-28T16:05:07+00:00,mlb_postseason,G5vVZ_3wzZqvA,2026 NY Yankees Division Series Home Game 2 * Premium Seating *,2026-10-08,,True,offsale,Yankee Stadium,Bronx,,,,,2026-09-18T18:00:00Z,,Only a LIMITED number of Tickets (as determined by the Yankees in its sole and absolute discretion) will be made available during the presale.Maximum of eight (8) Tickets to each potential game scheduled to be played during the 2026 Wild Card and ALDS.,https://www.ticketmaster.com/2026-ny-yankees-division-series-home-bronx-new-york-10-08-2026/event/1D00652CB801D045
2026-09-28T16:05:07+00:00,mlb_postseason,Z7r9jZ1AAZP3b,TBD at Los Angeles Dodgers: NLDS (Home Game 1),2026-10-03,18:08:00,False,onsale,UNIQLO Field at Dodger Stadium,Los Angeles,,,,,1900-01-01T18:00:00Z,2026-10-04T03:08:00Z,,https://www.ticketmaster.com/event/Z7r9jZ1AAZP3b
2026-09-28T16:05:07+00:00,mlb_postseason,Z7r9jZ1AAZP3_,TBD at Los Angeles Dodgers: NLDS (Home Game 2),2026-10-04,18:08:00,False,onsale,UNIQLO Field at Dodger Stadium,Los Angeles,,,,,1900-01-01T18:00:00Z,2026-10-05T03:08:00Z,,https://www.ticketmaster.com/event/Z7r9jZ1AAZP3_
2026-09-28T16:05:07+00:00,mlb_postseason,Z7r9jZ1AAZPfZ,"TBD at Los Angeles Dodgers: NLDS (Home Game 3, If Necessary)",2026-10-09,18:08:00,False,onsale,UNIQLO Field at Dodger Stadium,Los Angeles,,,,,1900-01-01T18:00:00Z,2026-10-10T03:08:00Z,,https://www.ticketmaster.com/event/Z7r9jZ1AAZPfZ
2026-09-28T16:05:07+00:00,mlb_postseason,Z7r9jZ1AAZMa7,Chicago Cubs at San Diego Padres: NL Wild Card (Home Game 1),2026-09-29,19:00:00,False,onsale,PETCO Park,San Diego,,,,,1900-01-01T18:00:00Z,2026-09-30T03:30:00Z,,https://www.ticketmaster.com/event/Z7r9jZ1AAZMa7
2026-09-28T16:05:07+00:00,mlb_postseason,Z7r9jZ1AAZIk6,Chicago Cubs at San Diego Padres: NL Wild Card (Home Game 2),2026-09-30,19:00:00,False,onsale,PETCO Park,San Diego,,,,,1900-01-01T18:00:00Z,2026-10-01T03:30:00Z,,https://www.ticketmaster.com/event/Z7r9jZ1AAZIk6
2026-09-28T16:05:07+00:00,mlb_postseason,vvG1zZ_o1HYDbV,Atlanta Braves Wild Card Game 1,2026-09-29,14:00:00,False,onsale,Truist Park,Atlanta,,,,,2026-09-17T17:00:00Z,2026-09-29T19:00:00Z,There is an overall 6 ticket limit for this event.,https://www.ticketmaster.com/atlanta-braves-wild-card-game-1-atlanta-georgia-09-29-2026/event/0E006512BCC3B634
2026-09-28T16:05:07+00:00,mlb_postseason,vvG18Z_GRS2g-o,ALDS Home Game 1,2026-10-07,,False,onsale,Rate Field,Chicago,,,,,2026-09-18T19:00:00Z,2026-10-07T05:00:00Z,There is a 6 ticket limit for this event.,https://www.ticketmaster.com/alds-home-game-1-chicago-illinois-10-07-2026/event/040064CBF33F5851
2026-09-28T16:05:07+00:00,mlb_postseason,vvG1zZ_o1Hwh_e,Atlanta Braves Wild Card Game 2,2026-09-30,14:00:00,False,onsale,Truist Park,Atlanta,,,,,2026-09-17T17:00:00Z,2026-09-30T19:00:00Z,There is an overall 6 ticket limit for this event.,https://www.ticketmaster.com/atlanta-braves-wild-card-game-2-atlanta-georgia-09-30-2026/event/0E006512BCC9B642
2026-09-28T16:05:07+00:00,mlb_postseason,vvG18Z_GRSog-J,ALDS Home Game 2,2026-10-08,,False,onsale,Rate Field,Chicago,,,,,2026-09-18T19:00:00Z,2026-10-08T05:00:00Z,There is a 6 ticket limit for this event.,https://www.ticketmaster.com/alds-home-game-2-chicago-illinois-10-08-2026/event/040064CBF3475866
2026-09-28T16:05:07+00:00,mlb_postseason,vvG1zZ_o1HSl_o,Atlanta Braves Wild Card Game 3,2026-10-01,,True,onsale,Truist Park,Atlanta,,,,,2026-09-17T17:00:00Z,2026-10-02T02:00:00Z,There is an overall 6 ticket limit for this event.,https://www.ticketmaster.com/atlanta-braves-wild-card-game-3-atlanta-georgia-10-01-2026/event/0E006512BCCEB651
2026-09-28T16:05:07+00:00,mlb_postseason,vvG1zZ_o1Hc5b9,Atlanta Braves NLDS Home Game 1,2026-10-06,,True,onsale,Truist Park,Atlanta,,,,,2026-09-17T17:00:00Z,2026-10-07T02:00:00Z,There is an overall 6 ticket limit for this event.,https://www.ticketmaster.com/atlanta-braves-nlds-home-game-1-atlanta-georgia-10-06-2026/event/0E006512BCB4B617
2026-09-28T16:05:07+00:00,mlb_postseason,G5vVZbzmDC45f,Postseason Pregame Tour*2026 Wild Card Game 1,2026-09-29,,True,offsale,Yankee Stadium,Bronx,,,,,,,There is a nineteen (19) ticket limit per Tour event.,https://www.ticketmaster.com/postseason-pregame-tour2026-wild-card-game-bronx-new-york-09-29-2026/event/1D00638BBB3952D4
2026-09-28T16:05:07+00:00,mlb_postseason,G5vVZbzmDC45b,Postseason Pregame Tour*2026 Wild Card Game 2,2026-09-30,,True,offsale,Yankee Stadium,Bronx,,,,,,,There is a nineteen (19) ticket limit per Tour event.,https://www.ticketmaster.com/postseason-pregame-tour2026-wild-card-game-bronx-new-york-09-30-2026/event/1D00638BBB3952D8
2026-09-28T16:05:07+00:00,mlb_postseason,G5vVZbzmDCP5Q,Postseason Pregame Tour*2026 Wild Card Game 3,2026-10-01,,True,offsale,Yankee Stadium,Bronx,,,,,,,There is a nineteen (19) ticket limit per Tour event.,https://www.ticketmaster.com/postseason-pregame-tour2026-wild-card-game-bronx-new-york-10-01-2026/event/1D00638BBB3A52DA
2026-09-28T16:05:07+00:00,mlb_postseason,G5vVZbydnigr-,Postseason Premium Pregame Tour*2026 Wild Card Game 1,2026-09-29,,True,offsale,Yankee Stadium,Bronx,,,,,,,There is a nine (9) ticket limit per Tour event.,https://www.ticketmaster.com/postseason-premium-pregame-tour2026-wild-card-bronx-new-york-09-29-2026/event/1D006390EAB357A1
2026-09-28T16:05:07+00:00,mlb_postseason,G5vVZbzRDh9cV,Postseason Pregame Glimpse of Greatness Tour*2026 Wild Card Game 1,2026-09-29,,True,offsale,Yankee Stadium,Bronx,,,,,,,There is a nineteen (19) ticket limit per Tour event.,https://www.ticketmaster.com/postseason-pregame-glimpse-of-greatness-tour2026-bronx-new-york-09-29-2026/event/1D00638BFB6D7B74
2026-09-28T16:05:07+00:00,mlb_postseason,G5vVZbydnigrN,Postseason Premium Pregame Tour*2026 Wild Card Game 2,2026-09-30,,True,offsale,Yankee Stadium,Bronx,,,,,,,There is a nine (9) ticket limit per Tour event.,https://www.ticketmaster.com/postseason-premium-pregame-tour2026-wild-card-bronx-new-york-09-30-2026/event/1D006390EAB357A3
2026-09-28T16:05:07+00:00,mlb_postseason,G5vVZbzRDhEcU,Postseason Pregame Glimpse of Greatness Tour*2026 Wild Card Game 2,2026-09-30,,True,offsale,Yankee Stadium,Bronx,,,,,,,There is a nineteen (19) ticket limit per Tour event.,https://www.ticketmaster.com/postseason-pregame-glimpse-of-greatness-tour2026-bronx-new-york-09-30-2026/event/1D00638BFB6E7B76
2026-09-28T16:05:07+00:00,mlb_postseason,G5vVZbydnigrP,Postseason Premium Pregame Tour*2026 Wild Card Game 3,2026-10-01,,True,offsale,Yankee Stadium,Bronx,,,,,,,There is a nine (9) ticket limit per Tour event.,https://www.ticketmaster.com/postseason-premium-pregame-tour2026-wild-card-bronx-new-york-10-01-2026/event/1D006390EAB357A5
2026-09-28T16:05:07+00:00,mlb_postseason,G5vVZbzRDhEcz,Postseason Pregame Glimpse of Greatness Tour*2026 Wild Card Game 3,2026-10-01,,True,offsale,Yankee Stadium,Bronx,,,,,,,There is a nineteen (19) ticket limit per Tour event.,https://www.ticketmaster.com/postseason-pregame-glimpse-of-greatness-tour2026-bronx-new-york-10-01-2026/event/1D00638BFB6E7B78
2026-09-28T16:05:07+00:00,mlb_postseason,vvG1zZ_o5frqHF,Atlanta Braves Wild Card Game 1 * Premium Seating *,2026-09-29,14:00:00,False,onsale,Truist Park,Atlanta,,,,,2026-09-17T17:00:00Z,2026-09-29T19:00:00Z,There is an overall 6 ticket limit for this event.,https://www.ticketmaster.com/atlanta-braves-wild-card-game-1-atlanta-georgia-09-29-2026/event/0E006512D479DF08
2026-09-28T16:05:07+00:00,mlb_postseason,vvG1zZ_o5fLcHf,Atlanta Braves Wild Card Game 2 * Premium Seating *,2026-09-30,14:00:00,False,onsale,Truist Park,Atlanta,,,,,2026-09-17T17:00:00Z,2026-09-30T19:00:00Z,There is an overall 6 ticket limit for this event.,https://www.ticketmaster.com/atlanta-braves-wild-card-game-2-atlanta-georgia-09-30-2026/event/0E006512D47EDF14
2026-09-28T16:05:07+00:00,mlb_postseason,vvG1zZ_o5fOWHh,Atlanta Braves Wild Card Game 3 * Premium Seating *,2026-10-01,,True,onsale,Truist Park,Atlanta,,,,,2026-09-17T17:00:00Z,2026-10-02T02:00:00Z,There is an overall 6 ticket limit for this event.,https://www.ticketmaster.com/atlanta-braves-wild-card-game-3-atlanta-georgia-10-01-2026/event/0E006512D483DF1B
2026-09-28T16:05:07+00:00,mlb_postseason,Z7r9jZ1AAZIAy,"Chicago Cubs at San Diego Padres: NL Wild Card (Home Game 3, If Necessary)",2026-10-01,19:00:00,False,onsale,PETCO Park,San Diego,,,,,1900-01-01T18:00:00Z,2026-10-02T03:30:00Z,,https://www.ticketmaster.com/event/Z7r9jZ1AAZIAy
2026-09-28T16:05:07+00:00,mlb_postseason,vvG18Z_GRS4Axp,ALCS Home Game 1,2026-10-11,13:10:00,False,onsale,Rate Field,Chicago,,,,,2026-09-18T19:00:00Z,2026-10-11T18:10:00Z,There is a 6 ticket limit for this event.,https://www.ticketmaster.com/alcs-home-game-1-chicago-illinois-10-11-2026/event/040064CBF3545896
2026-09-28T16:05:07+00:00,mlb_postseason,vvG1zZ_o1HmhbP,Atlanta Braves NLDS Home Game 2,2026-10-07,,True,onsale,Truist Park,Atlanta,,,,,2026-09-17T17:00:00Z,2026-10-08T02:00:00Z,There is an overall 6 ticket limit for this event.,https://www.ticketmaster.com/atlanta-braves-nlds-home-game-2-atlanta-georgia-10-07-2026/event/0E006512BCB9B625
2026-09-28T16:05:07+00:00,mlb_postseason,vvG18Z_GRSK4xA,ALDS HOME GAME 3,2026-10-05,13:10:00,False,onsale,Rate Field,Chicago,,,,,2026-09-18T19:00:00Z,2026-10-05T19:10:00Z,There is a 6 ticket limit for this event.,https://www.ticketmaster.com/alds-home-game-3-chicago-illinois-10-05-2026/event/040064CBF34D5885
2026-09-28T16:05:07+00:00,mlb_postseason,vvG18Z_GRSh4NN,Wild Card Home Game 1,2026-09-29,13:10:00,False,onsale,Rate Field,Chicago,,,,,2026-09-18T19:00:00Z,2026-09-29T19:10:00Z,There is a 6 ticket limit for this event.,https://www.ticketmaster.com/wild-card-home-game-1-chicago-illinois-09-29-2026/event/040064CBF36D58E3
2026-09-28T16:05:07+00:00,mlb_postseason,vvG1zZ_o1HRlbR,Atlanta Braves NLDS Home Game 3,2026-10-09,,False,cancelled,Truist Park,Atlanta,,,,,2026-09-17T17:00:00Z,2026-10-09T05:00:00Z,There is an overall 6 ticket limit for this event.,https://www.ticketmaster.com/atlanta-braves-nlds-home-game-3-atlanta-georgia-10-09-2026/event/0E006512BCBEB62F
2026-09-28T16:05:07+00:00,mlb_postseason,vvG18Z_GRSpPxP,ALCS Home Game 2,2026-10-12,13:10:00,False,onsale,Rate Field,Chicago,,,,,2026-09-18T19:00:00Z,2026-10-12T18:10:00Z,There is a 6 ticket limit for this event.,https://www.ticketmaster.com/alcs-home-game-2-chicago-illinois-10-12-2026/event/040064CBF35A58A5
2026-09-28T16:05:07+00:00,mlb_postseason,vvG1zZ_o5fhuDl,Atlanta Braves NLDS Home Game 1 * Premium Seating *,2026-10-06,,True,onsale,Truist Park,Atlanta,,,,,2026-09-17T17:00:00Z,2026-10-07T02:00:00Z,There is an overall 6 ticket limit for this event.,https://www.ticketmaster.com/atlanta-braves-nlds-home-game-1-atlanta-georgia-10-06-2026/event/0E006512D46CDEEB
2026-09-28T16:05:07+00:00,mlb_postseason,vvG1zZ_o5fjqDm,Atlanta Braves NLDS Home Game 2 * Premium Seating *,2026-10-07,,True,onsale,Truist Park,Atlanta,,,,,2026-09-17T17:00:00Z,2026-10-08T02:00:00Z,There is an overall 6 ticket limit for this event.,https://www.ticketmaster.com/atlanta-braves-nlds-home-game-2-atlanta-georgia-10-07-2026/event/0E006512D471DEEE
2026-09-28T16:05:07+00:00,mlb_postseason,vvG1zZ_o5fqqDy,Atlanta Braves NLDS Home Game 3 * Premium Seating *,2026-10-09,,False,cancelled,Truist Park,Atlanta,,,,,2026-09-17T17:00:00Z,2026-10-09T05:00:00Z,There is an overall 6 ticket limit for this event.,https://www.ticketmaster.com/atlanta-braves-nlds-home-game-3-atlanta-georgia-10-09-2026/event/0E006512D475DEF9
2026-09-28T16:05:07+00:00,mlb_postseason,vvG18Z_GRSb4xs,ALCS Home Game 3,2026-10-13,13:10:00,False,onsale,Rate Field,Chicago,,,,,2026-09-18T19:00:00Z,2026-10-13T18:10:00Z,There is a 6 ticket limit for this event.,https://www.ticketmaster.com/alcs-home-game-3-chicago-illinois-10-13-2026/event/040064CBF36158B1
2026-09-28T16:05:07+00:00,mlb_postseason,vvG18Z_GRSqANS,Wild Card Home Game 2,2026-09-30,13:10:00,False,onsale,Rate Field,Chicago,,,,,2026-09-18T19:00:00Z,2026-09-30T19:10:00Z,There is a 6 ticket limit for this event.,https://www.ticketmaster.com/wild-card-home-game-2-chicago-illinois-09-30-2026/event/040064CBF37458F3
2026-09-28T16:05:07+00:00,mlb_postseason,1kk8vPk6GAuJdJu,NLCS Home Game 3,2026-10-16,,True,cancelled,Chase Field,Phoenix,,,,,2026-09-25T16:00:00Z,2026-10-17T05:00:00Z,There is an eight (8) ticket limit for this event.,https://www.ticketmaster.com/nlcs-home-game-3-phoenix-arizona-10-16-2026/event/190065187D98398D
2026-09-28T16:05:07+00:00,mlb_postseason,Z7r9jZ1AAZ4fk,TBD at Cleveland Guardians: ALDS (Home Game 1),2026-10-03,,True,onsale,Progressive Field,Cleveland,,,,,1900-01-01T18:00:00Z,2026-10-04T04:29:20Z,,https://www.ticketmaster.com/event/Z7r9jZ1AAZ4fk
2026-09-28T16:05:07+00:00,mlb_postseason,vvG18Z_GRSrg07,Wild Card Home Game 3,2026-10-01,13:10:00,False,onsale,Rate Field,Chicago,,,,,2026-09-18T19:00:00Z,2026-10-01T19:10:00Z,There is a 6 ticket limit for this event.,https://www.ticketmaster.com/wild-card-home-game-3-chicago-illinois-10-01-2026/event/040064CBF37B5904
2026-09-28T16:05:07+00:00,mlb_postseason,Z7r9jZ1AAZU4s,Chicago White Sox at Houston Astros: AL Wild Card (Home Game 1),2026-09-29,16:00:00,False,onsale,Daikin Park,Houston,,,,,1900-01-01T18:00:00Z,2026-09-29T22:30:00Z,,https://www.ticketmaster.com/event/Z7r9jZ1AAZU4s
2026-09-28T16:05:07+00:00,mlb_postseason,vvG18Z_GRS_gNd,ALCS Home Game 4,2026-10-14,13:10:00,False,onsale,Rate Field,Chicago,,,,,2026-09-18T19:00:00Z,2026-10-14T19:10:00Z,There is a 6 ticket limit for this event.,https://www.ticketmaster.com/alcs-home-game-4-chicago-illinois-10-14-2026/event/040064CBF36758C3
2026-09-28T16:05:07+00:00,mlb_postseason,Z7r9jZ1AAZU4Y,Chicago White Sox at Houston Astros: AL Wild Card (Home Game 2),2026-09-30,16:00:00,False,onsale,Daikin Park,Houston,,,,,1900-01-01T18:00:00Z,2026-09-30T22:30:00Z,,https://www.ticketmaster.com/event/Z7r9jZ1AAZU4Y
2026-09-28T16:05:07+00:00,mlb_postseason,Z7r9jZ1AAZ4Gz,"Chicago White Sox at Houston Astros: AL Wild Card (Home Game 3, If Necessary)",2026-10-01,16:00:00,False,onsale,Daikin Park,Houston,,,,,1900-01-01T06:00:00Z,2026-10-01T22:30:00Z,,https://www.ticketmaster.com/event/Z7r9jZ1AAZ4Gz
2026-09-28T16:05:07+00:00,mlb_postseason,Z7r9jZ1AAZ4f6,TBD at Cleveland Guardians: ALDS (Home Game 2),2026-10-05,,True,onsale,Progressive Field,Cleveland,,,,,1900-01-01T18:00:00Z,2026-10-06T04:29:20Z,,https://www.ticketmaster.com/event/Z7r9jZ1AAZ4f6
2026-09-28T16:05:07+00:00,mlb_postseason,Z7r9jZ1AAZ437,"TBD at Cleveland Guardians: ALDS (Home Game 3, If Necessary)",2026-10-10,,True,onsale,Progressive Field,Cleveland,,,,,1900-01-01T18:00:00Z,2026-10-11T04:29:20Z,,https://www.ticketmaster.com/event/Z7r9jZ1AAZ437
2026-09-28T16:05:07+00:00,mlb_postseason,Z7r9jZ1AAZ4Gw,TBD at Tampa Bay Rays: ALDS (Home Game 1),2026-10-03,00:00:00,False,onsale,Tropicana Field,Saint Petersburg,,,,,1900-01-01T06:00:00Z,2026-10-03T05:30:00Z,,https://www.ticketmaster.com/event/Z7r9jZ1AAZ4Gw
2026-09-28T16:05:07+00:00,mlb_postseason,Z7r9jZ1AAZ4Gs,TBD at Tampa Bay Rays: ALDS (Home Game 2),2026-10-05,00:00:00,False,onsale,Tropicana Field,Saint Petersburg,,,,,1900-01-01T06:00:00Z,2026-10-05T05:30:00Z,,https://www.ticketmaster.com/event/Z7r9jZ1AAZ4Gs
2026-09-28T16:05:07+00:00,mlb_postseason,Z7r9jZ1A7JpJ3,TBD at Milwaukee Brewers: NLDS (Home Game 1),2026-10-03,19:00:00,False,onsale,American Family Field,Milwaukee,,,,,1900-01-01T18:00:00Z,2026-10-04T01:30:00Z,,https://www.ticketmaster.com/event/Z7r9jZ1A7JpJ3
2026-09-28T16:05:07+00:00,mlb_postseason,Z7r9jZ1AAZ4uo,"TBD at Tampa Bay Rays: ALDS (Home Game 3, If Necessary)",2026-10-10,00:00:00,False,onsale,Tropicana Field,Saint Petersburg,,,,,1900-01-01T06:00:00Z,2026-10-10T05:30:00Z,,https://www.ticketmaster.com/event/Z7r9jZ1AAZ4uo
2026-09-28T16:05:07+00:00,mlb_postseason,Z7r9jZ1A7JpP0,TBD at Milwaukee Brewers: NLDS (Home Game 2),2026-10-04,19:00:00,False,onsale,American Family Field,Milwaukee,,,,,1900-01-01T18:00:00Z,2026-10-05T01:30:00Z,,https://www.ticketmaster.com/event/Z7r9jZ1A7JpP0
2026-09-28T16:05:07+00:00,mlb_postseason,Z7r9jZ1AAZEj4,"TBD at Milwaukee Brewers: NLDS (Home Game 3, If Necessary)",2026-10-09,19:00:00,False,onsale,American Family Field,Milwaukee,,,,,1900-01-01T18:00:00Z,2026-10-10T01:30:00Z,,https://www.ticketmaster.com/event/Z7r9jZ1AAZEj4
2026-09-28T16:05:07+00:00,nfl_metlife,k7vGF_a6ecuTM,New York Giants vs. Arizona Cardinals,2026-10-04,13:00:00,False,onsale,MetLife Stadium,East Rutherford,,,,,2026-05-14T23:30:00Z,2026-10-04T18:00:00Z,There is a six (6) ticket limit per household.,https://www.ticketmaster.com/new-york-giants-vs-arizona-cardinals-east-rutherford-new-jersey-10-04-2026/event/00006491C2B4DFF7
2026-09-28T16:05:07+00:00,nfl_metlife,k7vGF_a6eVCZ0,New York Giants vs. New Orleans Saints,2026-10-18,13:00:00,False,onsale,MetLife Stadium,East Rutherford,,,,,2026-05-14T23:30:00Z,2026-10-18T18:00:00Z,There is a six (6) ticket limit per household.,https://www.ticketmaster.com/new-york-giants-vs-new-orleans-east-rutherford-new-jersey-10-18-2026/event/00006491C2D0E024
2026-09-28T16:05:07+00:00,nfl_metlife,k7vGF_a6ezmvd,New York Giants vs. San Francisco 49ers,2026-12-06,13:00:00,False,onsale,MetLife Stadium,East Rutherford,,,,,2026-05-14T23:30:00Z,2026-12-06T19:00:00Z,There is a six (6) ticket limit per household.,https://www.ticketmaster.com/new-york-giants-vs-san-francisco-east-rutherford-new-jersey-12-06-2026/event/00006491C2E2E043
2026-09-28T16:05:07+00:00,nfl_metlife,k7vGF_a6ewmZ_,New York Giants vs. Jacksonville Jaguars,2026-11-22,13:00:00,False,onsale,MetLife Stadium,East Rutherford,,,,,2026-05-14T23:30:00Z,2026-11-22T19:00:00Z,There is a six (6) ticket limit per household.,https://www.ticketmaster.com/new-york-giants-vs-jacksonville-jaguars-east-rutherford-new-jersey-11-22-2026/event/00006491C2CAE019
2026-09-28T16:05:07+00:00,nfl_metlife,k7vGF_a6eRmZe,New York Giants vs. Cleveland Browns,2026-12-20,13:00:00,False,onsale,MetLife Stadium,East Rutherford,,,,,2026-05-14T23:30:00Z,2026-12-20T19:00:00Z,There is a six (6) ticket limit per household.,https://www.ticketmaster.com/new-york-giants-vs-cleveland-browns-east-rutherford-new-jersey-12-20-2026/event/00006491C2BEE002
2026-09-28T16:05:07+00:00,nfl_metlife,k7vGF_a6eDmv8,New York Giants vs. Washington Commanders,2026-11-12,20:15:00,False,onsale,MetLife Stadium,East Rutherford,,,,,2026-05-14T23:30:00Z,2026-11-13T02:15:00Z,There is a six (6) ticket limit per household.,https://www.ticketmaster.com/new-york-giants-vs-washington-commanders-east-rutherford-new-jersey-11-12-2026/event/00006491C2EEE050
2026-09-28T16:05:07+00:00,nfl_metlife,k7vGF_FN-EYBU,New York Jets v. Buffalo Bills,2026-11-15,13:00:00,False,onsale,MetLife Stadium,East Rutherford,,,,,2026-05-15T16:00:00Z,2026-11-15T19:00:00Z,There is a six (6) ticket limit per account.,https://www.ticketmaster.com/new-york-jets-v-buffalo-bills-east-rutherford-new-jersey-11-15-2026/event/00006488E19F0EB6
2026-09-28T16:05:07+00:00,nfl_metlife,k7vGF_FN-xZy2,New York Jets v. Las Vegas Raiders,2026-11-01,13:00:00,False,onsale,MetLife Stadium,East Rutherford,,,,,2026-05-15T16:00:00Z,2026-11-01T19:00:00Z,There is a six (6) ticket limit per account.,https://www.ticketmaster.com/new-york-jets-v-las-vegas-east-rutherford-new-jersey-11-01-2026/event/00006488E1880E4F
2026-09-28T16:05:07+00:00,nfl_metlife,k7vGF_FN-J8Bt,New York Jets v. Cleveland Browns,2026-10-11,13:00:00,False,onsale,MetLife Stadium,East Rutherford,,,,,2026-05-15T16:00:00Z,2026-10-11T18:00:00Z,There is a six (6) ticket limit per account.,https://www.ticketmaster.com/new-york-jets-v-cleveland-browns-east-rutherford-new-jersey-10-11-2026/event/00006488E1990EA9
2026-09-28T16:05:07+00:00,nfl_metlife,k7vGF_FN-PZB_,New York Jets v. Denver Broncos,2026-12-13,13:00:00,False,onsale,MetLife Stadium,East Rutherford,,,,,2026-05-15T16:00:00Z,2026-12-13T19:00:00Z,There is a six (6) ticket limit per account.,https://www.ticketmaster.com/new-york-jets-v-denver-broncos-east-rutherford-new-jersey-12-13-2026/event/00006488E1940E99
2026-09-28T16:05:07+00:00,nfl_metlife,k7vGF_FN-LZzc,New York Jets v. Minnesota Vikings,2027-01-03,13:00:00,False,onsale,MetLife Stadium,East Rutherford,,,,,2026-05-15T16:00:00Z,2027-01-03T19:00:00Z,There is a six (6) ticket limit per account.,https://www.ticketmaster.com/new-york-jets-v-minnesota-vikings-east-rutherford-new-jersey-01-03-2027/event/00006488E17C0E2D
2026-09-28T16:05:07+00:00,nfl_metlife,k7vGF_FN-OOzB,New York Jets v. Miami Dolphins,2026-10-25,13:00:00,False,onsale,MetLife Stadium,East Rutherford,,,,,2026-05-15T16:00:00Z,2026-10-25T18:00:00Z,There is a six (6) ticket limit per account.,https://www.ticketmaster.com/new-york-jets-v-miami-dolphins-east-rutherford-new-jersey-10-25-2026/event/00006488E1820E3A
2026-09-28T16:05:07+00:00,nfl_metlife,k7vGF_FN-qYMW,New York Jets v. New England Patriots,2026-12-27,13:00:00,False,onsale,MetLife Stadium,East Rutherford,,,,,2026-05-15T16:00:00Z,2026-12-27T19:00:00Z,There is a six (6) ticket limit per account.,https://www.ticketmaster.com/new-york-jets-v-new-england-east-rutherford-new-jersey-12-27-2026/event/00006488E1770DFD
2026-09-28T21:51:14+00:00,mlb_postseason,G5vVZ_3wH1uYn,2026 NY Yankees v Boston Red Sox Wild Card Game 1,2026-09-29,20:00:00,False,onsale,Yankee Stadium,Bronx,,,,,2026-09-18T18:00:00Z,2026-09-30T01:00:00Z,Only a LIMITED number of Tickets (as determined by the Yankees in its sole and absolute discretion) will be made available during the presale.Maximum of eight (8) Tickets to each potential game scheduled to be played during the 2026 Wild Card and ALDS.,https://www.ticketmaster.com/2026-ny-yankees-v-boston-red-bronx-new-york-09-29-2026/event/1D00652CBC28DC2A
2026-09-28T21:51:14+00:00,mlb_postseason,G5vVZ_3wWEXeS,2026 NY Yankees v Boston Red Sox Wild Card Game 2,2026-09-30,20:00:00,False,onsale,Yankee Stadium,Bronx,,,,,2026-09-18T18:00:00Z,2026-10-01T01:00:00Z,Only a LIMITED number of Tickets (as determined by the Yankees in its sole and absolute discretion) will be made available during the presale.Maximum of eight (8) Tickets to each potential game scheduled to be played during the 2026 Wild Card and ALDS.,https://www.ticketmaster.com/2026-ny-yankees-v-boston-red-bronx-new-york-09-30-2026/event/1D00652CBD9FE0B3
2026-09-28T21:51:14+00:00,mlb_postseason,G5vVZ_3wWiXdW,2026 NY Yankees v Boston Red Sox Wild Card Game 3,2026-10-01,20:00:00,False,onsale,Yankee Stadium,Bronx,,,,,2026-09-18T18:00:00Z,2026-10-02T01:00:00Z,Only a LIMITED number of Tickets (as determined by the Yankees in its sole and absolute discretion) will be made available during the presale.Maximum of eight (8) Tickets to each potential game scheduled to be played during the 2026 Wild Card and ALDS.,https://www.ticketmaster.com/2026-ny-yankees-v-boston-red-bronx-new-york-10-01-2026/event/1D00652CBDB3E0FD
2026-09-28T21:51:14+00:00,mlb_postseason,G5vVZ_3Yebnyg,Pinstripe Pass * 2026 NY Yankees v Boston Red Sox Wild Card Game 1,2026-09-29,20:00:00,False,onsale,Yankee Stadium,Bronx,,,,,2026-09-18T18:00:00Z,2026-09-30T01:00:00Z,Only a LIMITED number of Tickets (as determined by the Yankees in its sole and absolute discretion) will be made available during the presale.Maximum of eight (8) Tickets to each potential game scheduled to be played during the 2026 Wild Card and ALDS.,https://www.ticketmaster.com/pinstripe-pass-2026-ny-yankees-v-bronx-new-york-09-29-2026/event/1D00652C0262AE75
2026-09-28T21:51:14+00:00,mlb_postseason,G5vVZ_3wcRlFC,2026 NY Yankees v Boston Red Sox Wild Card Game 1 * Premium Seating *,2026-09-29,20:00:00,False,onsale,Yankee Stadium,Bronx,,,,,2026-09-18T18:00:00Z,2026-09-30T01:00:00Z,Only a LIMITED number of Tickets (as determined by the Yankees in its sole and absolute discretion) will be made available during the presale.Maximum of eight (8) Tickets to each potential game scheduled to be played during the 2026 Wild Card and ALDS.,https://www.ticketmaster.com/2026-ny-yankees-v-boston-red-bronx-new-york-09-29-2026/event/1D00652CADBEB20E
2026-09-28T21:51:14+00:00,mlb_postseason,G5vVZ_3YdsD5c,Pinstripe Pass * 2026 NY Yankees v Boston Red Sox Wild Card Game 2,2026-09-30,20:00:00,False,onsale,Yankee Stadium,Bronx,,,,,2026-09-18T18:00:00Z,2026-10-01T01:00:00Z,Only a LIMITED number of Tickets (as determined by the Yankees in its sole and absolute discretion) will be made available during the presale.Maximum of eight (8) Tickets to each potential game scheduled to be played during the 2026 Wild Card and ALDS.,https://www.ticketmaster.com/pinstripe-pass-2026-ny-yankees-v-bronx-new-york-09-30-2026/event/1D00652C03C7B2ED
2026-09-28T21:51:14+00:00,mlb_postseason,G5vVZ_3wSFHFF,2026 NY Yankees v Boston Red Sox Wild Card Game 2 * Premium Seating *,2026-09-30,20:00:00,False,onsale,Yankee Stadium,Bronx,,,,,2026-09-18T18:00:00Z,2026-10-01T01:00:00Z,Only a LIMITED number of Tickets (as determined by the Yankees in its sole and absolute discretion) will be made available during the presale.Maximum of eight (8) Tickets to each potential game scheduled to be played during the 2026 Wild Card and ALDS.,https://www.ticketmaster.com/2026-ny-yankees-v-boston-red-bronx-new-york-09-30-2026/event/1D00652CB323C208
2026-09-28T21:51:14+00:00,mlb_postseason,G5vVZ_3wWBCk9,2026 NY Yankees Division Series Home Game 1,2026-10-07,,True,offsale,Yankee Stadium,Bronx,,,,,2026-09-18T18:00:00Z,,Only a LIMITED number of Tickets (as determined by the Yankees in its sole and absolute discretion) will be made available during the presale.Maximum of eight (8) Tickets to each potential game scheduled to be played during the 2026 Wild Card and ALDS.,https://www.ticketmaster.com/2026-ny-yankees-division-series-home-bronx-new-york-10-07-2026/event/1D00652CBDE8E197
2026-09-28T21:51:14+00:00,mlb_postseason,G5vVZ_3YdVlG6,Pinstripe Pass * 2026 NY Yankees v Boston Red Sox Wild Card Game 3,2026-10-01,20:00:00,False,onsale,Yankee Stadium,Bronx,,,,,2026-09-18T18:00:00Z,2026-10-02T01:00:00Z,Only a LIMITED number of Tickets (as determined by the Yankees in its sole and absolute discretion) will be made available during the presale.Maximum of eight (8) Tickets to each potential game scheduled to be played during the 2026 Wild Card and ALDS.,https://www.ticketmaster.com/pinstripe-pass-2026-ny-yankees-v-bronx-new-york-10-01-2026/event/1D00652C03D2B307
2026-09-28T21:51:14+00:00,mlb_postseason,G5vVZ_3wS_H1X,2026 NY Yankees v Boston Red Sox Wild Card Game 3 * Premium Seating *,2026-10-01,20:00:00,False,onsale,Yankee Stadium,Bronx,,,,,2026-09-18T18:00:00Z,2026-10-02T01:00:00Z,Only a LIMITED number of Tickets (as determined by the Yankees in its sole and absolute discretion) will be made available during the presale.Maximum of eight (8) Tickets to each potential game scheduled to be played during the 2026 Wild Card and ALDS.,https://www.ticketmaster.com/2026-ny-yankees-v-boston-red-bronx-new-york-10-01-2026/event/1D00652CB367C2BE
2026-09-28T21:51:14+00:00,mlb_postseason,G5vVZ_3wXaCa8,2026 NY Yankees Division Series Home Game 2,2026-10-08,,True,offsale,Yankee Stadium,Bronx,,,,,2026-09-18T18:00:00Z,,Only a LIMITED number of Tickets (as determined by the Yankees in its sole and absolute discretion) will be made available during the presale.Maximum of eight (8) Tickets to each potential game scheduled to be played during the 2026 Wild Card and ALDS.,https://www.ticketmaster.com/2026-ny-yankees-division-series-home-bronx-new-york-10-08-2026/event/1D00652CBE24E250
2026-09-28T21:51:14+00:00,mlb_postseason,G5vVZ_3Y7oDKe,Pinstripe Pass * 2026 NY Yankees Division Series Home Game 1,2026-10-07,,True,offsale,Yankee Stadium,Bronx,,,,,2026-09-18T18:00:00Z,,Only a LIMITED number of Tickets (as determined by the Yankees in its sole and absolute discretion) will be made available during the presale.Maximum of eight (8) Tickets to each potential game scheduled to be played during the 2026 Wild Card and ALDS.,https://www.ticketmaster.com/pinstripe-pass-2026-ny-yankees-division-bronx-new-york-10-07-2026/event/1D00652C0447B4C2
2026-09-28T21:51:14+00:00,mlb_postseason,G5vVZ_3wSMGo3,2026 NY Yankees Division Series Home Game 1 * Premium Seating *,2026-10-07,,True,offsale,Yankee Stadium,Bronx,,,,,2026-09-18T18:00:00Z,,Only a LIMITED number of Tickets (as determined by the Yankees in its sole and absolute discretion) will be made available during the presale.Maximum of eight (8) Tickets to each potential game scheduled to be played during the 2026 Wild Card and ALDS.,https://www.ticketmaster.com/2026-ny-yankees-division-series-home-bronx-new-york-10-07-2026/event/1D00652CB3DCC452
2026-09-28T21:51:14+00:00,mlb_postseason,G5vVZ_3Y7ql4F,Pinstripe Pass * 2026 NY Yankees Division Series Home Game 2,2026-10-08,,True,offsale,Yankee Stadium,Bronx,,,,,2026-09-18T18:00:00Z,,Only a LIMITED number of Tickets (as determined by the Yankees in its sole and absolute discretion) will be made available during the presale.Maximum of eight (8) Tickets to each potential game scheduled to be played during the 2026 Wild Card and ALDS.,https://www.ticketmaster.com/pinstripe-pass-2026-ny-yankees-division-bronx-new-york-10-08-2026/event/1D00652C0476B548
2026-09-28T21:51:14+00:00,mlb_postseason,G5vVZ_3wzZqvA,2026 NY Yankees Division Series Home Game 2 * Premium Seating *,2026-10-08,,True,offsale,Yankee Stadium,Bronx,,,,,2026-09-18T18:00:00Z,,Only a LIMITED number of Tickets (as determined by the Yankees in its sole and absolute discretion) will be made available during the presale.Maximum of eight (8) Tickets to each potential game scheduled to be played during the 2026 Wild Card and ALDS.,https://www.ticketmaster.com/2026-ny-yankees-division-series-home-bronx-new-york-10-08-2026/event/1D00652CB801D045
2026-09-28T21:51:14+00:00,mlb_postseason,Z7r9jZ1AAZP3b,TBD at Los Angeles Dodgers: NLDS (Home Game 1),2026-10-03,18:08:00,False,onsale,UNIQLO Field at Dodger Stadium,Los Angeles,,,,,1900-01-01T18:00:00Z,2026-10-04T03:08:00Z,,https://www.ticketmaster.com/event/Z7r9jZ1AAZP3b
2026-09-28T21:51:14+00:00,mlb_postseason,Z7r9jZ1AAZP3_,TBD at Los Angeles Dodgers: NLDS (Home Game 2),2026-10-04,18:08:00,False,onsale,UNIQLO Field at Dodger Stadium,Los Angeles,,,,,1900-01-01T18:00:00Z,2026-10-05T03:08:00Z,,https://www.ticketmaster.com/event/Z7r9jZ1AAZP3_
2026-09-28T21:51:14+00:00,mlb_postseason,Z7r9jZ1AAZPfZ,"TBD at Los Angeles Dodgers: NLDS (Home Game 3, If Necessary)",2026-10-09,18:08:00,False,onsale,UNIQLO Field at Dodger Stadium,Los Angeles,,,,,1900-01-01T18:00:00Z,2026-10-10T03:08:00Z,,https://www.ticketmaster.com/event/Z7r9jZ1AAZPfZ
2026-09-28T21:51:14+00:00,mlb_postseason,Z7r9jZ1AAZMa7,Chicago Cubs at San Diego Padres: NL Wild Card (Home Game 1),2026-09-29,19:00:00,False,onsale,PETCO Park,San Diego,,,,,1900-01-01T18:00:00Z,2026-09-30T03:30:00Z,,https://www.ticketmaster.com/event/Z7r9jZ1AAZMa7
2026-09-28T21:51:14+00:00,mlb_postseason,Z7r9jZ1AAZIk6,Chicago Cubs at San Diego Padres: NL Wild Card (Home Game 2),2026-09-30,19:00:00,False,onsale,PETCO Park,San Diego,,,,,1900-01-01T18:00:00Z,2026-10-01T03:30:00Z,,https://www.ticketmaster.com/event/Z7r9jZ1AAZIk6
2026-09-28T21:51:14+00:00,mlb_postseason,vvG1zZ_o1HYDbV,Atlanta Braves Wild Card Game 1,2026-09-29,14:00:00,False,onsale,Truist Park,Atlanta,,,,,2026-09-17T17:00:00Z,2026-09-29T19:00:00Z,There is an overall 6 ticket limit for this event.,https://www.ticketmaster.com/atlanta-braves-wild-card-game-1-atlanta-georgia-09-29-2026/event/0E006512BCC3B634
2026-09-28T21:51:14+00:00,mlb_postseason,vvG18Z_GRS2g-o,ALDS Home Game 1,2026-10-07,,False,onsale,Rate Field,Chicago,,,,,2026-09-18T19:00:00Z,2026-10-07T05:00:00Z,There is a 6 ticket limit for this event.,https://www.ticketmaster.com/alds-home-game-1-chicago-illinois-10-07-2026/event/040064CBF33F5851
2026-09-28T21:51:14+00:00,mlb_postseason,vvG1zZ_o1Hwh_e,Atlanta Braves Wild Card Game 2,2026-09-30,14:00:00,False,onsale,Truist Park,Atlanta,,,,,2026-09-17T17:00:00Z,2026-09-30T19:00:00Z,There is an overall 6 ticket limit for this event.,https://www.ticketmaster.com/atlanta-braves-wild-card-game-2-atlanta-georgia-09-30-2026/event/0E006512BCC9B642
2026-09-28T21:51:14+00:00,mlb_postseason,vvG18Z_GRSog-J,ALDS Home Game 2,2026-10-08,,False,onsale,Rate Field,Chicago,,,,,2026-09-18T19:00:00Z,2026-10-08T05:00:00Z,There is a 6 ticket limit for this event.,https://www.ticketmaster.com/alds-home-game-2-chicago-illinois-10-08-2026/event/040064CBF3475866
2026-09-28T21:51:14+00:00,mlb_postseason,vvG1zZ_o1HSl_o,Atlanta Braves Wild Card Game 3,2026-10-01,,True,onsale,Truist Park,Atlanta,,,,,2026-09-17T17:00:00Z,2026-10-02T02:00:00Z,There is an overall 6 ticket limit for this event.,https://www.ticketmaster.com/atlanta-braves-wild-card-game-3-atlanta-georgia-10-01-2026/event/0E006512BCCEB651
2026-09-28T21:51:14+00:00,mlb_postseason,vvG1zZ_o1Hc5b9,Atlanta Braves NLDS Home Game 1,2026-10-06,,True,onsale,Truist Park,Atlanta,,,,,2026-09-17T17:00:00Z,2026-10-07T02:00:00Z,There is an overall 6 ticket limit for this event.,https://www.ticketmaster.com/atlanta-braves-nlds-home-game-1-atlanta-georgia-10-06-2026/event/0E006512BCB4B617
2026-09-28T21:51:14+00:00,mlb_postseason,G5vVZbzmDC45f,Postseason Pregame Tour*2026 Wild Card Game 1,2026-09-29,,True,offsale,Yankee Stadium,Bronx,,,,,,,There is a nineteen (19) ticket limit per Tour event.,https://www.ticketmaster.com/postseason-pregame-tour2026-wild-card-game-bronx-new-york-09-29-2026/event/1D00638BBB3952D4
2026-09-28T21:51:14+00:00,mlb_postseason,G5vVZbzmDC45b,Postseason Pregame Tour*2026 Wild Card Game 2,2026-09-30,,True,offsale,Yankee Stadium,Bronx,,,,,,,There is a nineteen (19) ticket limit per Tour event.,https://www.ticketmaster.com/postseason-pregame-tour2026-wild-card-game-bronx-new-york-09-30-2026/event/1D00638BBB3952D8
2026-09-28T21:51:14+00:00,mlb_postseason,G5vVZbzmDCP5Q,Postseason Pregame Tour*2026 Wild Card Game 3,2026-10-01,,True,offsale,Yankee Stadium,Bronx,,,,,,,There is a nineteen (19) ticket limit per Tour event.,https://www.ticketmaster.com/postseason-pregame-tour2026-wild-card-game-bronx-new-york-10-01-2026/event/1D00638BBB3A52DA
2026-09-28T21:51:14+00:00,mlb_postseason,G5vVZbydnigr-,Postseason Premium Pregame Tour*2026 Wild Card Game 1,2026-09-29,,True,offsale,Yankee Stadium,Bronx,,,,,,,There is a nine (9) ticket limit per Tour event.,https://www.ticketmaster.com/postseason-premium-pregame-tour2026-wild-card-bronx-new-york-09-29-2026/event/1D006390EAB357A1
2026-09-28T21:51:14+00:00,mlb_postseason,G5vVZbydnigrN,Postseason Premium Pregame Tour*2026 Wild Card Game 2,2026-09-30,,True,offsale,Yankee Stadium,Bronx,,,,,,,There is a nine (9) ticket limit per Tour event.,https://www.ticketmaster.com/postseason-premium-pregame-tour2026-wild-card-bronx-new-york-09-30-2026/event/1D006390EAB357A3
2026-09-28T21:51:14+00:00,mlb_postseason,G5vVZbzRDh9cV,Postseason Pregame Glimpse of Greatness Tour*2026 Wild Card Game 1,2026-09-29,,True,offsale,Yankee Stadium,Bronx,,,,,,,There is a nineteen (19) ticket limit per Tour event.,https://www.ticketmaster.com/postseason-pregame-glimpse-of-greatness-tour2026-bronx-new-york-09-29-2026/event/1D00638BFB6D7B74
2026-09-28T21:51:14+00:00,mlb_postseason,G5vVZbzRDhEcU,Postseason Pregame Glimpse of Greatness Tour*2026 Wild Card Game 2,2026-09-30,,True,offsale,Yankee Stadium,Bronx,,,,,,,There is a nineteen (19) ticket limit per Tour event.,https://www.ticketmaster.com/postseason-pregame-glimpse-of-greatness-tour2026-bronx-new-york-09-30-2026/event/1D00638BFB6E7B76
2026-09-28T21:51:14+00:00,mlb_postseason,G5vVZbydnigrP,Postseason Premium Pregame Tour*2026 Wild Card Game 3,2026-10-01,,True,offsale,Yankee Stadium,Bronx,,,,,,,There is a nine (9) ticket limit per Tour event.,https://www.ticketmaster.com/postseason-premium-pregame-tour2026-wild-card-bronx-new-york-10-01-2026/event/1D006390EAB357A5
2026-09-28T21:51:14+00:00,mlb_postseason,G5vVZbzRDhEcz,Postseason Pregame Glimpse of Greatness Tour*2026 Wild Card Game 3,2026-10-01,,True,offsale,Yankee Stadium,Bronx,,,,,,,There is a nineteen (19) ticket limit per Tour event.,https://www.ticketmaster.com/postseason-pregame-glimpse-of-greatness-tour2026-bronx-new-york-10-01-2026/event/1D00638BFB6E7B78
2026-09-28T21:51:14+00:00,mlb_postseason,vvG1zZ_o5frqHF,Atlanta Braves Wild Card Game 1 * Premium Seating *,2026-09-29,14:00:00,False,onsale,Truist Park,Atlanta,,,,,2026-09-17T17:00:00Z,2026-09-29T19:00:00Z,There is an overall 6 ticket limit for this event.,https://www.ticketmaster.com/atlanta-braves-wild-card-game-1-atlanta-georgia-09-29-2026/event/0E006512D479DF08
2026-09-28T21:51:14+00:00,mlb_postseason,vvG1zZ_o5fLcHf,Atlanta Braves Wild Card Game 2 * Premium Seating *,2026-09-30,14:00:00,False,onsale,Truist Park,Atlanta,,,,,2026-09-17T17:00:00Z,2026-09-30T19:00:00Z,There is an overall 6 ticket limit for this event.,https://www.ticketmaster.com/atlanta-braves-wild-card-game-2-atlanta-georgia-09-30-2026/event/0E006512D47EDF14
2026-09-28T21:51:14+00:00,mlb_postseason,vvG1zZ_o5fOWHh,Atlanta Braves Wild Card Game 3 * Premium Seating *,2026-10-01,,True,onsale,Truist Park,Atlanta,,,,,2026-09-17T17:00:00Z,2026-10-02T02:00:00Z,There is an overall 6 ticket limit for this event.,https://www.ticketmaster.com/atlanta-braves-wild-card-game-3-atlanta-georgia-10-01-2026/event/0E006512D483DF1B
2026-09-28T21:51:14+00:00,mlb_postseason,Z7r9jZ1AAZIAy,"Chicago Cubs at San Diego Padres: NL Wild Card (Home Game 3, If Necessary)",2026-10-01,19:00:00,False,onsale,PETCO Park,San Diego,,,,,1900-01-01T18:00:00Z,2026-10-02T03:30:00Z,,https://www.ticketmaster.com/event/Z7r9jZ1AAZIAy
2026-09-28T21:51:14+00:00,mlb_postseason,vvG18Z_GRS4Axp,ALCS Home Game 1,2026-10-15,,False,onsale,Rate Field,Chicago,,,,,2026-09-18T19:00:00Z,2026-10-15T05:00:00Z,There is a 6 ticket limit for this event.,https://www.ticketmaster.com/alcs-home-game-1-chicago-illinois-10-15-2026/event/040064CBF3545896
2026-09-28T21:51:14+00:00,mlb_postseason,vvG1zZ_o1HmhbP,Atlanta Braves NLDS Home Game 2,2026-10-07,,True,onsale,Truist Park,Atlanta,,,,,2026-09-17T17:00:00Z,2026-10-08T02:00:00Z,There is an overall 6 ticket limit for this event.,https://www.ticketmaster.com/atlanta-braves-nlds-home-game-2-atlanta-georgia-10-07-2026/event/0E006512BCB9B625
2026-09-28T21:51:14+00:00,mlb_postseason,vvG1zZ_o1HRlbR,Atlanta Braves NLDS Home Game 3,2026-10-09,,False,cancelled,Truist Park,Atlanta,,,,,2026-09-17T17:00:00Z,2026-10-09T05:00:00Z,There is an overall 6 ticket limit for this event.,https://www.ticketmaster.com/atlanta-braves-nlds-home-game-3-atlanta-georgia-10-09-2026/event/0E006512BCBEB62F
2026-09-28T21:51:14+00:00,mlb_postseason,vvG18Z_GRSpPxP,ALCS Home Game 2,2026-10-16,,False,onsale,Rate Field,Chicago,,,,,2026-09-18T19:00:00Z,2026-10-16T05:00:00Z,There is a 6 ticket limit for this event.,https://www.ticketmaster.com/alcs-home-game-2-chicago-illinois-10-16-2026/event/040064CBF35A58A5
2026-09-28T21:51:14+00:00,mlb_postseason,vvG1zZ_o5fhuDl,Atlanta Braves NLDS Home Game 1 * Premium Seating *,2026-10-06,,True,onsale,Truist Park,Atlanta,,,,,2026-09-17T17:00:00Z,2026-10-07T02:00:00Z,There is an overall 6 ticket limit for this event.,https://www.ticketmaster.com/atlanta-braves-nlds-home-game-1-atlanta-georgia-10-06-2026/event/0E006512D46CDEEB
2026-09-28T21:51:14+00:00,mlb_postseason,vvG1zZ_o5fjqDm,Atlanta Braves NLDS Home Game 2 * Premium Seating *,2026-10-07,,True,onsale,Truist Park,Atlanta,,,,,2026-09-17T17:00:00Z,2026-10-08T02:00:00Z,There is an overall 6 ticket limit for this event.,https://www.ticketmaster.com/atlanta-braves-nlds-home-game-2-atlanta-georgia-10-07-2026/event/0E006512D471DEEE
2026-09-28T21:51:14+00:00,mlb_postseason,vvG1zZ_o5fqqDy,Atlanta Braves NLDS Home Game 3 * Premium Seating *,2026-10-09,,False,cancelled,Truist Park,Atlanta,,,,,2026-09-17T17:00:00Z,2026-10-09T05:00:00Z,There is an overall 6 ticket limit for this event.,https://www.ticketmaster.com/atlanta-braves-nlds-home-game-3-atlanta-georgia-10-09-2026/event/0E006512D475DEF9
2026-09-28T21:51:14+00:00,mlb_postseason,vvG18Z_GRSb4xs,ALCS Home Game 3,2026-10-17,,False,onsale,Rate Field,Chicago,,,,,2026-09-18T19:00:00Z,2026-10-17T05:00:00Z,There is a 6 ticket limit for this event.,https://www.ticketmaster.com/alcs-home-game-3-chicago-illinois-10-17-2026/event/040064CBF36158B1
2026-09-28T21:51:14+00:00,mlb_postseason,1kk8vPk6GAuJdJu,NLCS Home Game 3,2026-10-16,,True,cancelled,Chase Field,Phoenix,,,,,2026-09-25T16:00:00Z,2026-10-17T05:00:00Z,There is an eight (8) ticket limit for this event.,https://www.ticketmaster.com/nlcs-home-game-3-phoenix-arizona-10-16-2026/event/190065187D98398D
2026-09-28T21:51:14+00:00,mlb_postseason,Z7r9jZ1AAZ4fk,TBD at Cleveland Guardians: ALDS (Home Game 1),2026-10-03,,True,onsale,Progressive Field,Cleveland,,,,,1900-01-01T18:00:00Z,2026-10-04T04:29:20Z,,https://www.ticketmaster.com/event/Z7r9jZ1AAZ4fk
2026-09-28T21:51:14+00:00,mlb_postseason,Z7r9jZ1AAZU4s,Chicago White Sox at Houston Astros: AL Wild Card (Home Game 1),2026-09-29,16:00:00,False,onsale,Daikin Park,Houston,,,,,1900-01-01T18:00:00Z,2026-09-29T22:30:00Z,,https://www.ticketmaster.com/event/Z7r9jZ1AAZU4s
2026-09-28T21:51:14+00:00,mlb_postseason,Z7r9jZ1AAZU4Y,Chicago White Sox at Houston Astros: AL Wild Card (Home Game 2),2026-09-30,16:00:00,False,onsale,Daikin Park,Houston,,,,,1900-01-01T18:00:00Z,2026-09-30T22:30:00Z,,https://www.ticketmaster.com/event/Z7r9jZ1AAZU4Y
2026-09-28T21:51:14+00:00,mlb_postseason,Z7r9jZ1AAZ4Gz,"Chicago White Sox at Houston Astros: AL Wild Card (Home Game 3, If Necessary)",2026-10-01,16:00:00,False,onsale,Daikin Park,Houston,,,,,1900-01-01T06:00:00Z,2026-10-01T22:30:00Z,,https://www.ticketmaster.com/event/Z7r9jZ1AAZ4Gz
2026-09-28T21:51:14+00:00,mlb_postseason,Z7r9jZ1AAZ4f6,TBD at Cleveland Guardians: ALDS (Home Game 2),2026-10-05,,True,onsale,Progressive Field,Cleveland,,,,,1900-01-01T18:00:00Z,2026-10-06T04:29:20Z,,https://www.ticketmaster.com/event/Z7r9jZ1AAZ4f6
2026-09-28T21:51:14+00:00,mlb_postseason,Z7r9jZ1AAZ437,"TBD at Cleveland Guardians: ALDS (Home Game 3, If Necessary)",2026-10-10,,True,onsale,Progressive Field,Cleveland,,,,,1900-01-01T18:00:00Z,2026-10-11T04:29:20Z,,https://www.ticketmaster.com/event/Z7r9jZ1AAZ437
2026-09-28T21:51:14+00:00,mlb_postseason,Z7r9jZ1AAZ4Gw,TBD at Tampa Bay Rays: ALDS (Home Game 1),2026-10-03,00:00:00,False,onsale,Tropicana Field,Saint Petersburg,,,,,1900-01-01T06:00:00Z,2026-10-03T05:30:00Z,,https://www.ticketmaster.com/event/Z7r9jZ1AAZ4Gw
2026-09-28T21:51:14+00:00,mlb_postseason,Z7r9jZ1AAZ4Gs,TBD at Tampa Bay Rays: ALDS (Home Game 2),2026-10-05,00:00:00,False,onsale,Tropicana Field,Saint Petersburg,,,,,1900-01-01T06:00:00Z,2026-10-05T05:30:00Z,,https://www.ticketmaster.com/event/Z7r9jZ1AAZ4Gs
2026-09-28T21:51:14+00:00,mlb_postseason,Z7r9jZ1A7JpJ3,TBD at Milwaukee Brewers: NLDS (Home Game 1),2026-10-03,19:00:00,False,onsale,American Family Field,Milwaukee,,,,,1900-01-01T18:00:00Z,2026-10-04T01:30:00Z,,https://www.ticketmaster.com/event/Z7r9jZ1A7JpJ3
2026-09-28T21:51:14+00:00,mlb_postseason,Z7r9jZ1AAZ4uo,"TBD at Tampa Bay Rays: ALDS (Home Game 3, If Necessary)",2026-10-10,00:00:00,False,onsale,Tropicana Field,Saint Petersburg,,,,,1900-01-01T06:00:00Z,2026-10-10T05:30:00Z,,https://www.ticketmaster.com/event/Z7r9jZ1AAZ4uo
2026-09-28T21:51:14+00:00,mlb_postseason,Z7r9jZ1A7JpP0,TBD at Milwaukee Brewers: NLDS (Home Game 2),2026-10-04,19:00:00,False,onsale,American Family Field,Milwaukee,,,,,1900-01-01T18:00:00Z,2026-10-05T01:30:00Z,,https://www.ticketmaster.com/event/Z7r9jZ1A7JpP0
2026-09-28T21:51:14+00:00,mlb_postseason,Z7r9jZ1AAZEj4,"TBD at Milwaukee Brewers: NLDS (Home Game 3, If Necessary)",2026-10-09,19:00:00,False,onsale,American Family Field,Milwaukee,,,,,1900-01-01T18:00:00Z,2026-10-10T01:30:00Z,,https://www.ticketmaster.com/event/Z7r9jZ1AAZEj4
2026-09-28T21:51:14+00:00,nfl_metlife,k7vGF_a6ecuTM,New York Giants vs. Arizona Cardinals,2026-10-04,13:00:00,False,onsale,MetLife Stadium,East Rutherford,,,,,2026-05-14T23:30:00Z,2026-10-04T18:00:00Z,There is a six (6) ticket limit per household.,https://www.ticketmaster.com/new-york-giants-vs-arizona-cardinals-east-rutherford-new-jersey-10-04-2026/event/00006491C2B4DFF7
2026-09-28T21:51:14+00:00,nfl_metlife,k7vGF_a6eVCZ0,New York Giants vs. New Orleans Saints,2026-10-18,13:00:00,False,onsale,MetLife Stadium,East Rutherford,,,,,2026-05-14T23:30:00Z,2026-10-18T18:00:00Z,There is a six (6) ticket limit per household.,https://www.ticketmaster.com/new-york-giants-vs-new-orleans-east-rutherford-new-jersey-10-18-2026/event/00006491C2D0E024
2026-09-28T21:51:14+00:00,nfl_metlife,k7vGF_a6ezmvd,New York Giants vs. San Francisco 49ers,2026-12-06,13:00:00,False,onsale,MetLife Stadium,East Rutherford,,,,,2026-05-14T23:30:00Z,2026-12-06T19:00:00Z,There is a six (6) ticket limit per household.,https://www.ticketmaster.com/new-york-giants-vs-san-francisco-east-rutherford-new-jersey-12-06-2026/event/00006491C2E2E043
2026-09-28T21:51:14+00:00,nfl_metlife,k7vGF_a6ewmZ_,New York Giants vs. Jacksonville Jaguars,2026-11-22,13:00:00,False,onsale,MetLife Stadium,East Rutherford,,,,,2026-05-14T23:30:00Z,2026-11-22T19:00:00Z,There is a six (6) ticket limit per household.,https://www.ticketmaster.com/new-york-giants-vs-jacksonville-jaguars-east-rutherford-new-jersey-11-22-2026/event/00006491C2CAE019
2026-09-28T21:51:14+00:00,nfl_metlife,k7vGF_a6eRmZe,New York Giants vs. Cleveland Browns,2026-12-20,13:00:00,False,onsale,MetLife Stadium,East Rutherford,,,,,2026-05-14T23:30:00Z,2026-12-20T19:00:00Z,There is a six (6) ticket limit per household.,https://www.ticketmaster.com/new-york-giants-vs-cleveland-browns-east-rutherford-new-jersey-12-20-2026/event/00006491C2BEE002
2026-09-28T21:51:14+00:00,nfl_metlife,k7vGF_a6eDmv8,New York Giants vs. Washington Commanders,2026-11-12,20:15:00,False,onsale,MetLife Stadium,East Rutherford,,,,,2026-05-14T23:30:00Z,2026-11-13T02:15:00Z,There is a six (6) ticket limit per household.,https://www.ticketmaster.com/new-york-giants-vs-washington-commanders-east-rutherford-new-jersey-11-12-2026/event/00006491C2EEE050
2026-09-28T21:51:14+00:00,nfl_metlife,k7vGF_FN-EYBU,New York Jets v. Buffalo Bills,2026-11-15,13:00:00,False,onsale,MetLife Stadium,East Rutherford,,,,,2026-05-15T16:00:00Z,2026-11-15T19:00:00Z,There is a six (6) ticket limit per account.,https://www.ticketmaster.com/new-york-jets-v-buffalo-bills-east-rutherford-new-jersey-11-15-2026/event/00006488E19F0EB6
2026-09-28T21:51:14+00:00,nfl_metlife,k7vGF_FN-xZy2,New York Jets v. Las Vegas Raiders,2026-11-01,13:00:00,False,onsale,MetLife Stadium,East Rutherford,,,,,2026-05-15T16:00:00Z,2026-11-01T19:00:00Z,There is a six (6) ticket limit per account.,https://www.ticketmaster.com/new-york-jets-v-las-vegas-east-rutherford-new-jersey-11-01-2026/event/00006488E1880E4F
2026-09-28T21:51:14+00:00,nfl_metlife,k7vGF_FN-J8Bt,New York Jets v. Cleveland Browns,2026-10-11,13:00:00,False,onsale,MetLife Stadium,East Rutherford,,,,,2026-05-15T16:00:00Z,2026-10-11T18:00:00Z,There is a six (6) ticket limit per account.,https://www.ticketmaster.com/new-york-jets-v-cleveland-browns-east-rutherford-new-jersey-10-11-2026/event/00006488E1990EA9
2026-09-28T21:51:14+00:00,nfl_metlife,k7vGF_FN-PZB_,New York Jets v. Denver Broncos,2026-12-13,13:00:00,False,onsale,MetLife Stadium,East Rutherford,,,,,2026-05-15T16:00:00Z,2026-12-13T19:00:00Z,There is a six (6) ticket limit per account.,https://www.ticketmaster.com/new-york-jets-v-denver-broncos-east-rutherford-new-jersey-12-13-2026/event/00006488E1940E99
2026-09-28T21:51:14+00:00,nfl_metlife,k7vGF_FN-LZzc,New York Jets v. Minnesota Vikings,2027-01-03,13:00:00,False,onsale,MetLife Stadium,East Rutherford,,,,,2026-05-15T16:00:00Z,2027-01-03T19:00:00Z,There is a six (6) ticket limit per account.,https://www.ticketmaster.com/new-york-jets-v-minnesota-vikings-east-rutherford-new-jersey-01-03-2027/event/00006488E17C0E2D
2026-09-28T21:51:14+00:00,nfl_metlife,k7vGF_FN-OOzB,New York Jets v. Miami Dolphins,2026-10-25,13:00:00,False,onsale,MetLife Stadium,East Rutherford,,,,,2026-05-15T16:00:00Z,2026-10-25T18:00:00Z,There is a six (6) ticket limit per account.,https://www.ticketmaster.com/new-york-jets-v-miami-dolphins-east-rutherford-new-jersey-10-25-2026/event/00006488E1820E3A
2026-09-28T21:51:14+00:00,nfl_metlife,k7vGF_FN-qYMW,New York Jets v. New England Patriots,2026-12-27,13:00:00,False,onsale,MetLife Stadium,East Rutherford,,,,,2026-05-15T16:00:00Z,2026-12-27T19:00:00Z,There is a six (6) ticket limit per account.,https://www.ticketmaster.com/new-york-jets-v-new-england-east-rutherford-new-jersey-12-27-2026/event/00006488E1770DFD
2026-09-29T01:45:28+00:00,mlb_postseason,G5vVZ_3wH1uYn,2026 NY Yankees v Boston Red Sox Wild Card Game 1,2026-09-29,20:00:00,False,onsale,Yankee Stadium,Bronx,,,,,2026-09-18T18:00:00Z,2026-09-30T01:00:00Z,Only a LIMITED number of Tickets (as determined by the Yankees in its sole and absolute discretion) will be made available during the presale.Maximum of eight (8) Tickets to each potential game scheduled to be played during the 2026 Wild Card and ALDS.,https://www.ticketmaster.com/2026-ny-yankees-v-boston-red-bronx-new-york-09-29-2026/event/1D00652CBC28DC2A
2026-09-29T01:45:28+00:00,mlb_postseason,G5vVZ_3wWEXeS,2026 NY Yankees v Boston Red Sox Wild Card Game 2,2026-09-30,20:00:00,False,onsale,Yankee Stadium,Bronx,,,,,2026-09-18T18:00:00Z,2026-10-01T01:00:00Z,Only a LIMITED number of Tickets (as determined by the Yankees in its sole and absolute discretion) will be made available during the presale.Maximum of eight (8) Tickets to each potential game scheduled to be played during the 2026 Wild Card and ALDS.,https://www.ticketmaster.com/2026-ny-yankees-v-boston-red-bronx-new-york-09-30-2026/event/1D00652CBD9FE0B3
2026-09-29T01:45:28+00:00,mlb_postseason,G5vVZ_3wWiXdW,2026 NY Yankees v Boston Red Sox Wild Card Game 3,2026-10-01,20:00:00,False,onsale,Yankee Stadium,Bronx,,,,,2026-09-18T18:00:00Z,2026-10-02T01:00:00Z,Only a LIMITED number of Tickets (as determined by the Yankees in its sole and absolute discretion) will be made available during the presale.Maximum of eight (8) Tickets to each potential game scheduled to be played during the 2026 Wild Card and ALDS.,https://www.ticketmaster.com/2026-ny-yankees-v-boston-red-bronx-new-york-10-01-2026/event/1D00652CBDB3E0FD
2026-09-29T01:45:28+00:00,mlb_postseason,G5vVZ_3Yebnyg,Pinstripe Pass * 2026 NY Yankees v Boston Red Sox Wild Card Game 1,2026-09-29,20:00:00,False,onsale,Yankee Stadium,Bronx,,,,,2026-09-18T18:00:00Z,2026-09-30T01:00:00Z,Only a LIMITED number of Tickets (as determined by the Yankees in its sole and absolute discretion) will be made available during the presale.Maximum of eight (8) Tickets to each potential game scheduled to be played during the 2026 Wild Card and ALDS.,https://www.ticketmaster.com/pinstripe-pass-2026-ny-yankees-v-bronx-new-york-09-29-2026/event/1D00652C0262AE75
2026-09-29T01:45:28+00:00,mlb_postseason,G5vVZ_3wcRlFC,2026 NY Yankees v Boston Red Sox Wild Card Game 1 * Premium Seating *,2026-09-29,20:00:00,False,onsale,Yankee Stadium,Bronx,,,,,2026-09-18T18:00:00Z,2026-09-30T01:00:00Z,Only a LIMITED number of Tickets (as determined by the Yankees in its sole and absolute discretion) will be made available during the presale.Maximum of eight (8) Tickets to each potential game scheduled to be played during the 2026 Wild Card and ALDS.,https://www.ticketmaster.com/2026-ny-yankees-v-boston-red-bronx-new-york-09-29-2026/event/1D00652CADBEB20E
2026-09-29T01:45:28+00:00,mlb_postseason,G5vVZ_3YdsD5c,Pinstripe Pass * 2026 NY Yankees v Boston Red Sox Wild Card Game 2,2026-09-30,20:00:00,False,onsale,Yankee Stadium,Bronx,,,,,2026-09-18T18:00:00Z,2026-10-01T01:00:00Z,Only a LIMITED number of Tickets (as determined by the Yankees in its sole and absolute discretion) will be made available during the presale.Maximum of eight (8) Tickets to each potential game scheduled to be played during the 2026 Wild Card and ALDS.,https://www.ticketmaster.com/pinstripe-pass-2026-ny-yankees-v-bronx-new-york-09-30-2026/event/1D00652C03C7B2ED
2026-09-29T01:45:28+00:00,mlb_postseason,G5vVZ_3wSFHFF,2026 NY Yankees v Boston Red Sox Wild Card Game 2 * Premium Seating *,2026-09-30,20:00:00,False,onsale,Yankee Stadium,Bronx,,,,,2026-09-18T18:00:00Z,2026-10-01T01:00:00Z,Only a LIMITED number of Tickets (as determined by the Yankees in its sole and absolute discretion) will be made available during the presale.Maximum of eight (8) Tickets to each potential game scheduled to be played during the 2026 Wild Card and ALDS.,https://www.ticketmaster.com/2026-ny-yankees-v-boston-red-bronx-new-york-09-30-2026/event/1D00652CB323C208
2026-09-29T01:45:28+00:00,mlb_postseason,G5vVZ_3wWBCk9,2026 NY Yankees Division Series Home Game 1,2026-10-07,,True,offsale,Yankee Stadium,Bronx,,,,,2026-09-18T18:00:00Z,,Only a LIMITED number of Tickets (as determined by the Yankees in its sole and absolute discretion) will be made available during the presale.Maximum of eight (8) Tickets to each potential game scheduled to be played during the 2026 Wild Card and ALDS.,https://www.ticketmaster.com/2026-ny-yankees-division-series-home-bronx-new-york-10-07-2026/event/1D00652CBDE8E197
2026-09-29T01:45:28+00:00,mlb_postseason,G5vVZ_3YdVlG6,Pinstripe Pass * 2026 NY Yankees v Boston Red Sox Wild Card Game 3,2026-10-01,20:00:00,False,onsale,Yankee Stadium,Bronx,,,,,2026-09-18T18:00:00Z,2026-10-02T01:00:00Z,Only a LIMITED number of Tickets (as determined by the Yankees in its sole and absolute discretion) will be made available during the presale.Maximum of eight (8) Tickets to each potential game scheduled to be played during the 2026 Wild Card and ALDS.,https://www.ticketmaster.com/pinstripe-pass-2026-ny-yankees-v-bronx-new-york-10-01-2026/event/1D00652C03D2B307
2026-09-29T01:45:28+00:00,mlb_postseason,G5vVZ_3wS_H1X,2026 NY Yankees v Boston Red Sox Wild Card Game 3 * Premium Seating *,2026-10-01,20:00:00,False,onsale,Yankee Stadium,Bronx,,,,,2026-09-18T18:00:00Z,2026-10-02T01:00:00Z,Only a LIMITED number of Tickets (as determined by the Yankees in its sole and absolute discretion) will be made available during the presale.Maximum of eight (8) Tickets to each potential game scheduled to be played during the 2026 Wild Card and ALDS.,https://www.ticketmaster.com/2026-ny-yankees-v-boston-red-bronx-new-york-10-01-2026/event/1D00652CB367C2BE
2026-09-29T01:45:28+00:00,mlb_postseason,G5vVZ_3wXaCa8,2026 NY Yankees Division Series Home Game 2,2026-10-08,,True,offsale,Yankee Stadium,Bronx,,,,,2026-09-18T18:00:00Z,,Only a LIMITED number of Tickets (as determined by the Yankees in its sole and absolute discretion) will be made available during the presale.Maximum of eight (8) Tickets to each potential game scheduled to be played during the 2026 Wild Card and ALDS.,https://www.ticketmaster.com/2026-ny-yankees-division-series-home-bronx-new-york-10-08-2026/event/1D00652CBE24E250
2026-09-29T01:45:28+00:00,mlb_postseason,G5vVZ_3Y7oDKe,Pinstripe Pass * 2026 NY Yankees Division Series Home Game 1,2026-10-07,,True,offsale,Yankee Stadium,Bronx,,,,,2026-09-18T18:00:00Z,,Only a LIMITED number of Tickets (as determined by the Yankees in its sole and absolute discretion) will be made available during the presale.Maximum of eight (8) Tickets to each potential game scheduled to be played during the 2026 Wild Card and ALDS.,https://www.ticketmaster.com/pinstripe-pass-2026-ny-yankees-division-bronx-new-york-10-07-2026/event/1D00652C0447B4C2
2026-09-29T01:45:28+00:00,mlb_postseason,G5vVZ_3wSMGo3,2026 NY Yankees Division Series Home Game 1 * Premium Seating *,2026-10-07,,True,offsale,Yankee Stadium,Bronx,,,,,2026-09-18T18:00:00Z,,Only a LIMITED number of Tickets (as determined by the Yankees in its sole and absolute discretion) will be made available during the presale.Maximum of eight (8) Tickets to each potential game scheduled to be played during the 2026 Wild Card and ALDS.,https://www.ticketmaster.com/2026-ny-yankees-division-series-home-bronx-new-york-10-07-2026/event/1D00652CB3DCC452
2026-09-29T01:45:28+00:00,mlb_postseason,G5vVZ_3Y7ql4F,Pinstripe Pass * 2026 NY Yankees Division Series Home Game 2,2026-10-08,,True,offsale,Yankee Stadium,Bronx,,,,,2026-09-18T18:00:00Z,,Only a LIMITED number of Tickets (as determined by the Yankees in its sole and absolute discretion) will be made available during the presale.Maximum of eight (8) Tickets to each potential game scheduled to be played during the 2026 Wild Card and ALDS.,https://www.ticketmaster.com/pinstripe-pass-2026-ny-yankees-division-bronx-new-york-10-08-2026/event/1D00652C0476B548
2026-09-29T01:45:28+00:00,mlb_postseason,G5vVZ_3wzZqvA,2026 NY Yankees Division Series Home Game 2 * Premium Seating *,2026-10-08,,True,offsale,Yankee Stadium,Bronx,,,,,2026-09-18T18:00:00Z,,Only a LIMITED number of Tickets (as determined by the Yankees in its sole and absolute discretion) will be made available during the presale.Maximum of eight (8) Tickets to each potential game scheduled to be played during the 2026 Wild Card and ALDS.,https://www.ticketmaster.com/2026-ny-yankees-division-series-home-bronx-new-york-10-08-2026/event/1D00652CB801D045
2026-09-29T01:45:28+00:00,mlb_postseason,Z7r9jZ1AAZP3b,TBD at Los Angeles Dodgers: NLDS (Home Game 1),2026-10-03,18:08:00,False,onsale,UNIQLO Field at Dodger Stadium,Los Angeles,,,,,1900-01-01T18:00:00Z,2026-10-04T03:08:00Z,,https://www.ticketmaster.com/event/Z7r9jZ1AAZP3b
2026-09-29T01:45:28+00:00,mlb_postseason,Z7r9jZ1AAZP3_,TBD at Los Angeles Dodgers: NLDS (Home Game 2),2026-10-04,18:08:00,False,onsale,UNIQLO Field at Dodger Stadium,Los Angeles,,,,,1900-01-01T18:00:00Z,2026-10-05T03:08:00Z,,https://www.ticketmaster.com/event/Z7r9jZ1AAZP3_
2026-09-29T01:45:28+00:00,mlb_postseason,Z7r9jZ1AAZPfZ,"TBD at Los Angeles Dodgers: NLDS (Home Game 3, If Necessary)",2026-10-09,18:08:00,False,onsale,UNIQLO Field at Dodger Stadium,Los Angeles,,,,,1900-01-01T18:00:00Z,2026-10-10T03:08:00Z,,https://www.ticketmaster.com/event/Z7r9jZ1AAZPfZ
2026-09-29T01:45:28+00:00,mlb_postseason,Z7r9jZ1AAZMa7,Chicago Cubs at San Diego Padres: NL Wild Card (Home Game 1),2026-09-29,19:00:00,False,onsale,PETCO Park,San Diego,,,,,1900-01-01T18:00:00Z,2026-09-30T03:30:00Z,,https://www.ticketmaster.com/event/Z7r9jZ1AAZMa7
2026-09-29T01:45:28+00:00,mlb_postseason,Z7r9jZ1AAZIk6,Chicago Cubs at San Diego Padres: NL Wild Card (Home Game 2),2026-09-30,19:00:00,False,onsale,PETCO Park,San Diego,,,,,1900-01-01T18:00:00Z,2026-10-01T03:30:00Z,,https://www.ticketmaster.com/event/Z7r9jZ1AAZIk6
2026-09-29T01:45:28+00:00,mlb_postseason,vvG1zZ_o1HYDbV,Atlanta Braves Wild Card Game 1,2026-09-29,14:00:00,False,onsale,Truist Park,Atlanta,,,,,2026-09-17T17:00:00Z,2026-09-29T19:00:00Z,There is an overall 6 ticket limit for this event.,https://www.ticketmaster.com/atlanta-braves-wild-card-game-1-atlanta-georgia-09-29-2026/event/0E006512BCC3B634
2026-09-29T01:45:28+00:00,mlb_postseason,vvG18Z_GRS2g-o,ALDS Home Game 1,2026-10-07,,False,onsale,Rate Field,Chicago,,,,,2026-09-18T19:00:00Z,2026-10-07T05:00:00Z,There is a 6 ticket limit for this event.,https://www.ticketmaster.com/alds-home-game-1-chicago-illinois-10-07-2026/event/040064CBF33F5851
2026-09-29T01:45:28+00:00,mlb_postseason,vvG1zZ_o1Hwh_e,Atlanta Braves Wild Card Game 2,2026-09-30,14:00:00,False,onsale,Truist Park,Atlanta,,,,,2026-09-17T17:00:00Z,2026-09-30T19:00:00Z,There is an overall 6 ticket limit for this event.,https://www.ticketmaster.com/atlanta-braves-wild-card-game-2-atlanta-georgia-09-30-2026/event/0E006512BCC9B642
2026-09-29T01:45:28+00:00,mlb_postseason,vvG18Z_GRSog-J,ALDS Home Game 2,2026-10-08,,False,onsale,Rate Field,Chicago,,,,,2026-09-18T19:00:00Z,2026-10-08T05:00:00Z,There is a 6 ticket limit for this event.,https://www.ticketmaster.com/alds-home-game-2-chicago-illinois-10-08-2026/event/040064CBF3475866
2026-09-29T01:45:28+00:00,mlb_postseason,vvG1zZ_o1HSl_o,Atlanta Braves Wild Card Game 3,2026-10-01,,True,onsale,Truist Park,Atlanta,,,,,2026-09-17T17:00:00Z,2026-10-02T02:00:00Z,There is an overall 6 ticket limit for this event.,https://www.ticketmaster.com/atlanta-braves-wild-card-game-3-atlanta-georgia-10-01-2026/event/0E006512BCCEB651
2026-09-29T01:45:28+00:00,mlb_postseason,vvG1zZ_o1Hc5b9,Atlanta Braves NLDS Home Game 1,2026-10-06,,True,onsale,Truist Park,Atlanta,,,,,2026-09-17T17:00:00Z,2026-10-07T02:00:00Z,There is an overall 6 ticket limit for this event.,https://www.ticketmaster.com/atlanta-braves-nlds-home-game-1-atlanta-georgia-10-06-2026/event/0E006512BCB4B617
2026-09-29T01:45:28+00:00,mlb_postseason,G5vVZbzmDC45b,Postseason Pregame Tour*2026 Wild Card Game 2,2026-09-30,,True,offsale,Yankee Stadium,Bronx,,,,,,,There is a nineteen (19) ticket limit per Tour event.,https://www.ticketmaster.com/postseason-pregame-tour2026-wild-card-game-bronx-new-york-09-30-2026/event/1D00638BBB3952D8
2026-09-29T01:45:28+00:00,mlb_postseason,G5vVZbzmDC45f,Postseason Pregame Tour*2026 Wild Card Game 1,2026-09-29,,True,offsale,Yankee Stadium,Bronx,,,,,,,There is a nineteen (19) ticket limit per Tour event.,https://www.ticketmaster.com/postseason-pregame-tour2026-wild-card-game-bronx-new-york-09-29-2026/event/1D00638BBB3952D4
2026-09-29T01:45:28+00:00,mlb_postseason,G5vVZbzmDCP5Q,Postseason Pregame Tour*2026 Wild Card Game 3,2026-10-01,,True,offsale,Yankee Stadium,Bronx,,,,,,,There is a nineteen (19) ticket limit per Tour event.,https://www.ticketmaster.com/postseason-pregame-tour2026-wild-card-game-bronx-new-york-10-01-2026/event/1D00638BBB3A52DA
2026-09-29T01:45:28+00:00,mlb_postseason,G5vVZbydnigr-,Postseason Premium Pregame Tour*2026 Wild Card Game 1,2026-09-29,,True,offsale,Yankee Stadium,Bronx,,,,,,,There is a nine (9) ticket limit per Tour event.,https://www.ticketmaster.com/postseason-premium-pregame-tour2026-wild-card-bronx-new-york-09-29-2026/event/1D006390EAB357A1
2026-09-29T01:45:28+00:00,mlb_postseason,G5vVZbzRDh9cV,Postseason Pregame Glimpse of Greatness Tour*2026 Wild Card Game 1,2026-09-29,,True,offsale,Yankee Stadium,Bronx,,,,,,,There is a nineteen (19) ticket limit per Tour event.,https://www.ticketmaster.com/postseason-pregame-glimpse-of-greatness-tour2026-bronx-new-york-09-29-2026/event/1D00638BFB6D7B74
2026-09-29T01:45:28+00:00,mlb_postseason,G5vVZbydnigrN,Postseason Premium Pregame Tour*2026 Wild Card Game 2,2026-09-30,,True,offsale,Yankee Stadium,Bronx,,,,,,,There is a nine (9) ticket limit per Tour event.,https://www.ticketmaster.com/postseason-premium-pregame-tour2026-wild-card-bronx-new-york-09-30-2026/event/1D006390EAB357A3
2026-09-29T01:45:28+00:00,mlb_postseason,G5vVZbydnigrP,Postseason Premium Pregame Tour*2026 Wild Card Game 3,2026-10-01,,True,offsale,Yankee Stadium,Bronx,,,,,,,There is a nine (9) ticket limit per Tour event.,https://www.ticketmaster.com/postseason-premium-pregame-tour2026-wild-card-bronx-new-york-10-01-2026/event/1D006390EAB357A5
2026-09-29T01:45:28+00:00,mlb_postseason,G5vVZbzRDhEcU,Postseason Pregame Glimpse of Greatness Tour*2026 Wild Card Game 2,2026-09-30,,True,offsale,Yankee Stadium,Bronx,,,,,,,There is a nineteen (19) ticket limit per Tour event.,https://www.ticketmaster.com/postseason-pregame-glimpse-of-greatness-tour2026-bronx-new-york-09-30-2026/event/1D00638BFB6E7B76
2026-09-29T01:45:28+00:00,mlb_postseason,G5vVZbzRDhEcz,Postseason Pregame Glimpse of Greatness Tour*2026 Wild Card Game 3,2026-10-01,,True,offsale,Yankee Stadium,Bronx,,,,,,,There is a nineteen (19) ticket limit per Tour event.,https://www.ticketmaster.com/postseason-pregame-glimpse-of-greatness-tour2026-bronx-new-york-10-01-2026/event/1D00638BFB6E7B78
2026-09-29T01:45:28+00:00,mlb_postseason,vvG1zZ_o5frqHF,Atlanta Braves Wild Card Game 1 * Premium Seating *,2026-09-29,14:00:00,False,onsale,Truist Park,Atlanta,,,,,2026-09-17T17:00:00Z,2026-09-29T19:00:00Z,There is an overall 6 ticket limit for this event.,https://www.ticketmaster.com/atlanta-braves-wild-card-game-1-atlanta-georgia-09-29-2026/event/0E006512D479DF08
2026-09-29T01:45:28+00:00,mlb_postseason,vvG1zZ_o5fLcHf,Atlanta Braves Wild Card Game 2 * Premium Seating *,2026-09-30,14:00:00,False,onsale,Truist Park,Atlanta,,,,,2026-09-17T17:00:00Z,2026-09-30T19:00:00Z,There is an overall 6 ticket limit for this event.,https://www.ticketmaster.com/atlanta-braves-wild-card-game-2-atlanta-georgia-09-30-2026/event/0E006512D47EDF14
2026-09-29T01:45:28+00:00,mlb_postseason,vvG1zZ_o5fOWHh,Atlanta Braves Wild Card Game 3 * Premium Seating *,2026-10-01,,True,onsale,Truist Park,Atlanta,,,,,2026-09-17T17:00:00Z,2026-10-02T02:00:00Z,There is an overall 6 ticket limit for this event.,https://www.ticketmaster.com/atlanta-braves-wild-card-game-3-atlanta-georgia-10-01-2026/event/0E006512D483DF1B
2026-09-29T01:45:28+00:00,mlb_postseason,Z7r9jZ1AAZIAy,"Chicago Cubs at San Diego Padres: NL Wild Card (Home Game 3, If Necessary)",2026-10-01,19:00:00,False,onsale,PETCO Park,San Diego,,,,,1900-01-01T18:00:00Z,2026-10-02T03:30:00Z,,https://www.ticketmaster.com/event/Z7r9jZ1AAZIAy
2026-09-29T01:45:28+00:00,mlb_postseason,vvG18Z_GRS4Axp,ALCS Home Game 1,2026-10-15,,False,onsale,Rate Field,Chicago,,,,,2026-09-18T19:00:00Z,2026-10-15T05:00:00Z,There is a 6 ticket limit for this event.,https://www.ticketmaster.com/alcs-home-game-1-chicago-illinois-10-15-2026/event/040064CBF3545896
2026-09-29T01:45:28+00:00,mlb_postseason,vvG1zZ_o1HmhbP,Atlanta Braves NLDS Home Game 2,2026-10-07,,True,onsale,Truist Park,Atlanta,,,,,2026-09-17T17:00:00Z,2026-10-08T02:00:00Z,There is an overall 6 ticket limit for this event.,https://www.ticketmaster.com/atlanta-braves-nlds-home-game-2-atlanta-georgia-10-07-2026/event/0E006512BCB9B625
2026-09-29T01:45:28+00:00,mlb_postseason,vvG1zZ_o1HRlbR,Atlanta Braves NLDS Home Game 3,2026-10-09,,False,cancelled,Truist Park,Atlanta,,,,,2026-09-17T17:00:00Z,2026-10-09T05:00:00Z,There is an overall 6 ticket limit for this event.,https://www.ticketmaster.com/atlanta-braves-nlds-home-game-3-atlanta-georgia-10-09-2026/event/0E006512BCBEB62F
2026-09-29T01:45:28+00:00,mlb_postseason,vvG18Z_GRSpPxP,ALCS Home Game 2,2026-10-16,,False,onsale,Rate Field,Chicago,,,,,2026-09-18T19:00:00Z,2026-10-16T05:00:00Z,There is a 6 ticket limit for this event.,https://www.ticketmaster.com/alcs-home-game-2-chicago-illinois-10-16-2026/event/040064CBF35A58A5
2026-09-29T01:45:28+00:00,mlb_postseason,vvG1zZ_o5fhuDl,Atlanta Braves NLDS Home Game 1 * Premium Seating *,2026-10-06,,True,onsale,Truist Park,Atlanta,,,,,2026-09-17T17:00:00Z,2026-10-07T02:00:00Z,There is an overall 6 ticket limit for this event.,https://www.ticketmaster.com/atlanta-braves-nlds-home-game-1-atlanta-georgia-10-06-2026/event/0E006512D46CDEEB
2026-09-29T01:45:28+00:00,mlb_postseason,vvG1zZ_o5fjqDm,Atlanta Braves NLDS Home Game 2 * Premium Seating *,2026-10-07,,True,onsale,Truist Park,Atlanta,,,,,2026-09-17T17:00:00Z,2026-10-08T02:00:00Z,There is an overall 6 ticket limit for this event.,https://www.ticketmaster.com/atlanta-braves-nlds-home-game-2-atlanta-georgia-10-07-2026/event/0E006512D471DEEE
2026-09-29T01:45:28+00:00,mlb_postseason,vvG1zZ_o5fqqDy,Atlanta Braves NLDS Home Game 3 * Premium Seating *,2026-10-09,,False,cancelled,Truist Park,Atlanta,,,,,2026-09-17T17:00:00Z,2026-10-09T05:00:00Z,There is an overall 6 ticket limit for this event.,https://www.ticketmaster.com/atlanta-braves-nlds-home-game-3-atlanta-georgia-10-09-2026/event/0E006512D475DEF9
2026-09-29T01:45:28+00:00,mlb_postseason,vvG18Z_GRSb4xs,ALCS Home Game 3,2026-10-17,,False,onsale,Rate Field,Chicago,,,,,2026-09-18T19:00:00Z,2026-10-17T05:00:00Z,There is a 6 ticket limit for this event.,https://www.ticketmaster.com/alcs-home-game-3-chicago-illinois-10-17-2026/event/040064CBF36158B1
2026-09-29T01:45:28+00:00,mlb_postseason,1kk8vPk6GAuJdJu,NLCS Home Game 3,2026-10-16,,True,cancelled,Chase Field,Phoenix,,,,,2026-09-25T16:00:00Z,2026-10-17T05:00:00Z,There is an eight (8) ticket limit for this event.,https://www.ticketmaster.com/nlcs-home-game-3-phoenix-arizona-10-16-2026/event/190065187D98398D
2026-09-29T01:45:28+00:00,mlb_postseason,Z7r9jZ1AAZ4fk,TBD at Cleveland Guardians: ALDS (Home Game 1),2026-10-03,,True,onsale,Progressive Field,Cleveland,,,,,1900-01-01T18:00:00Z,2026-10-04T04:29:20Z,,https://www.ticketmaster.com/event/Z7r9jZ1AAZ4fk
2026-09-29T01:45:28+00:00,mlb_postseason,Z7r9jZ1AAZU4s,Chicago White Sox at Houston Astros: AL Wild Card (Home Game 1),2026-09-29,16:00:00,False,onsale,Daikin Park,Houston,,,,,1900-01-01T18:00:00Z,2026-09-29T22:30:00Z,,https://www.ticketmaster.com/event/Z7r9jZ1AAZU4s
2026-09-29T01:45:28+00:00,mlb_postseason,Z7r9jZ1AAZU4Y,Chicago White Sox at Houston Astros: AL Wild Card (Home Game 2),2026-09-30,16:00:00,False,onsale,Daikin Park,Houston,,,,,1900-01-01T18:00:00Z,2026-09-30T22:30:00Z,,https://www.ticketmaster.com/event/Z7r9jZ1AAZU4Y
2026-09-29T01:45:28+00:00,mlb_postseason,Z7r9jZ1AAZ4Gz,"Chicago White Sox at Houston Astros: AL Wild Card (Home Game 3, If Necessary)",2026-10-01,16:00:00,False,onsale,Daikin Park,Houston,,,,,1900-01-01T06:00:00Z,2026-10-01T22:30:00Z,,https://www.ticketmaster.com/event/Z7r9jZ1AAZ4Gz
2026-09-29T01:45:28+00:00,mlb_postseason,Z7r9jZ1AAZ4f6,TBD at Cleveland Guardians: ALDS (Home Game 2),2026-10-05,,True,onsale,Progressive Field,Cleveland,,,,,1900-01-01T18:00:00Z,2026-10-06T04:29:20Z,,https://www.ticketmaster.com/event/Z7r9jZ1AAZ4f6
2026-09-29T01:45:28+00:00,mlb_postseason,Z7r9jZ1AAZ437,"TBD at Cleveland Guardians: ALDS (Home Game 3, If Necessary)",2026-10-10,,True,onsale,Progressive Field,Cleveland,,,,,1900-01-01T18:00:00Z,2026-10-11T04:29:20Z,,https://www.ticketmaster.com/event/Z7r9jZ1AAZ437
2026-09-29T01:45:28+00:00,mlb_postseason,Z7r9jZ1AAZ4Gw,TBD at Tampa Bay Rays: ALDS (Home Game 1),2026-10-03,00:00:00,False,onsale,Tropicana Field,Saint Petersburg,,,,,1900-01-01T06:00:00Z,2026-10-03T05:30:00Z,,https://www.ticketmaster.com/event/Z7r9jZ1AAZ4Gw
2026-09-29T01:45:28+00:00,mlb_postseason,Z7r9jZ1AAZ4Gs,TBD at Tampa Bay Rays: ALDS (Home Game 2),2026-10-05,00:00:00,False,onsale,Tropicana Field,Saint Petersburg,,,,,1900-01-01T06:00:00Z,2026-10-05T05:30:00Z,,https://www.ticketmaster.com/event/Z7r9jZ1AAZ4Gs
2026-09-29T01:45:28+00:00,mlb_postseason,Z7r9jZ1A7JpJ3,TBD at Milwaukee Brewers: NLDS (Home Game 1),2026-10-03,19:00:00,False,onsale,American Family Field,Milwaukee,,,,,1900-01-01T18:00:00Z,2026-10-04T01:30:00Z,,https://www.ticketmaster.com/event/Z7r9jZ1A7JpJ3
2026-09-29T01:45:28+00:00,mlb_postseason,Z7r9jZ1AAZ4uo,"TBD at Tampa Bay Rays: ALDS (Home Game 3, If Necessary)",2026-10-10,00:00:00,False,onsale,Tropicana Field,Saint Petersburg,,,,,1900-01-01T06:00:00Z,2026-10-10T05:30:00Z,,https://www.ticketmaster.com/event/Z7r9jZ1AAZ4uo
2026-09-29T01:45:28+00:00,mlb_postseason,Z7r9jZ1A7JpP0,TBD at Milwaukee Brewers: NLDS (Home Game 2),2026-10-04,19:00:00,False,onsale,American Family Field,Milwaukee,,,,,1900-01-01T18:00:00Z,2026-10-05T01:30:00Z,,https://www.ticketmaster.com/event/Z7r9jZ1A7JpP0
2026-09-29T01:45:28+00:00,mlb_postseason,Z7r9jZ1AAZEj4,"TBD at Milwaukee Brewers: NLDS (Home Game 3, If Necessary)",2026-10-09,19:00:00,False,onsale,American Family Field,Milwaukee,,,,,1900-01-01T18:00:00Z,2026-10-10T01:30:00Z,,https://www.ticketmaster.com/event/Z7r9jZ1AAZEj4
2026-09-29T01:45:28+00:00,nfl_metlife,k7vGF_a6ecuTM,New York Giants vs. Arizona Cardinals,2026-10-04,13:00:00,False,onsale,MetLife Stadium,East Rutherford,,,,,2026-05-14T23:30:00Z,2026-10-04T18:00:00Z,There is a six (6) ticket limit per household.,https://www.ticketmaster.com/new-york-giants-vs-arizona-cardinals-east-rutherford-new-jersey-10-04-2026/event/00006491C2B4DFF7
2026-09-29T01:45:28+00:00,nfl_metlife,k7vGF_a6eVCZ0,New York Giants vs. New Orleans Saints,2026-10-18,13:00:00,False,onsale,MetLife Stadium,East Rutherford,,,,,2026-05-14T23:30:00Z,2026-10-18T18:00:00Z,There is a six (6) ticket limit per household.,https://www.ticketmaster.com/new-york-giants-vs-new-orleans-east-rutherford-new-jersey-10-18-2026/event/00006491C2D0E024
2026-09-29T01:45:28+00:00,nfl_metlife,k7vGF_a6ezmvd,New York Giants vs. San Francisco 49ers,2026-12-06,13:00:00,False,onsale,MetLife Stadium,East Rutherford,,,,,2026-05-14T23:30:00Z,2026-12-06T19:00:00Z,There is a six (6) ticket limit per household.,https://www.ticketmaster.com/new-york-giants-vs-san-francisco-east-rutherford-new-jersey-12-06-2026/event/00006491C2E2E043
2026-09-29T01:45:28+00:00,nfl_metlife,k7vGF_a6ewmZ_,New York Giants vs. Jacksonville Jaguars,2026-11-22,13:00:00,False,onsale,MetLife Stadium,East Rutherford,,,,,2026-05-14T23:30:00Z,2026-11-22T19:00:00Z,There is a six (6) ticket limit per household.,https://www.ticketmaster.com/new-york-giants-vs-jacksonville-jaguars-east-rutherford-new-jersey-11-22-2026/event/00006491C2CAE019
2026-09-29T01:45:28+00:00,nfl_metlife,k7vGF_a6eRmZe,New York Giants vs. Cleveland Browns,2026-12-20,13:00:00,False,onsale,MetLife Stadium,East Rutherford,,,,,2026-05-14T23:30:00Z,2026-12-20T19:00:00Z,There is a six (6) ticket limit per household.,https://www.ticketmaster.com/new-york-giants-vs-cleveland-browns-east-rutherford-new-jersey-12-20-2026/event/00006491C2BEE002
2026-09-29T01:45:28+00:00,nfl_metlife,k7vGF_a6eDmv8,New York Giants vs. Washington Commanders,2026-11-12,20:15:00,False,onsale,MetLife Stadium,East Rutherford,,,,,2026-05-14T23:30:00Z,2026-11-13T02:15:00Z,There is a six (6) ticket limit per household.,https://www.ticketmaster.com/new-york-giants-vs-washington-commanders-east-rutherford-new-jersey-11-12-2026/event/00006491C2EEE050
2026-09-29T01:45:28+00:00,nfl_metlife,k7vGF_FN-EYBU,New York Jets v. Buffalo Bills,2026-11-15,13:00:00,False,onsale,MetLife Stadium,East Rutherford,,,,,2026-05-15T16:00:00Z,2026-11-15T19:00:00Z,There is a six (6) ticket limit per account.,https://www.ticketmaster.com/new-york-jets-v-buffalo-bills-east-rutherford-new-jersey-11-15-2026/event/00006488E19F0EB6
2026-09-29T01:45:28+00:00,nfl_metlife,k7vGF_FN-xZy2,New York Jets v. Las Vegas Raiders,2026-11-01,13:00:00,False,onsale,MetLife Stadium,East Rutherford,,,,,2026-05-15T16:00:00Z,2026-11-01T19:00:00Z,There is a six (6) ticket limit per account.,https://www.ticketmaster.com/new-york-jets-v-las-vegas-east-rutherford-new-jersey-11-01-2026/event/00006488E1880E4F
2026-09-29T01:45:28+00:00,nfl_metlife,k7vGF_FN-J8Bt,New York Jets v. Cleveland Browns,2026-10-11,13:00:00,False,onsale,MetLife Stadium,East Rutherford,,,,,2026-05-15T16:00:00Z,2026-10-11T18:00:00Z,There is a six (6) ticket limit per account.,https://www.ticketmaster.com/new-york-jets-v-cleveland-browns-east-rutherford-new-jersey-10-11-2026/event/00006488E1990EA9
2026-09-29T01:45:28+00:00,nfl_metlife,k7vGF_FN-PZB_,New York Jets v. Denver Broncos,2026-12-13,13:00:00,False,onsale,MetLife Stadium,East Rutherford,,,,,2026-05-15T16:00:00Z,2026-12-13T19:00:00Z,There is a six (6) ticket limit per account.,https://www.ticketmaster.com/new-york-jets-v-denver-broncos-east-rutherford-new-jersey-12-13-2026/event/00006488E1940E99
2026-09-29T01:45:28+00:00,nfl_metlife,k7vGF_FN-LZzc,New York Jets v. Minnesota Vikings,2027-01-03,13:00:00,False,onsale,MetLife Stadium,East Rutherford,,,,,2026-05-15T16:00:00Z,2027-01-03T19:00:00Z,There is a six (6) ticket limit per account.,https://www.ticketmaster.com/new-york-jets-v-minnesota-vikings-east-rutherford-new-jersey-01-03-2027/event/00006488E17C0E2D
2026-09-29T01:45:28+00:00,nfl_metlife,k7vGF_FN-OOzB,New York Jets v. Miami Dolphins,2026-10-25,13:00:00,False,onsale,MetLife Stadium,East Rutherford,,,,,2026-05-15T16:00:00Z,2026-10-25T18:00:00Z,There is a six (6) ticket limit per account.,https://www.ticketmaster.com/new-york-jets-v-miami-dolphins-east-rutherford-new-jersey-10-25-2026/event/00006488E1820E3A
2026-09-29T01:45:28+00:00,nfl_metlife,k7vGF_FN-qYMW,New York Jets v. New England Patriots,2026-12-27,13:00:00,False,onsale,MetLife Stadium,East Rutherford,,,,,2026-05-15T16:00:00Z,2026-12-27T19:00:00Z,There is a six (6) ticket limit per account.,https://www.ticketmaster.com/new-york-jets-v-new-england-east-rutherford-new-jersey-12-27-2026/event/00006488E1770DFD
2026-09-29T08:18:52+00:00,mlb_postseason,G5vVZ_3wH1uYn,2026 NY Yankees v Boston Red Sox Wild Card Game 1,2026-09-29,20:00:00,False,onsale,Yankee Stadium,Bronx,,,,,2026-09-18T18:00:00Z,2026-09-30T01:00:00Z,Only a LIMITED number of Tickets (as determined by the Yankees in its sole and absolute discretion) will be made available during the presale.Maximum of eight (8) Tickets to each potential game scheduled to be played during the 2026 Wild Card and ALDS.,https://www.ticketmaster.com/2026-ny-yankees-v-boston-red-bronx-new-york-09-29-2026/event/1D00652CBC28DC2A
2026-09-29T08:18:52+00:00,mlb_postseason,G5vVZ_3wWEXeS,2026 NY Yankees v Boston Red Sox Wild Card Game 2,2026-09-30,20:00:00,False,onsale,Yankee Stadium,Bronx,,,,,2026-09-18T18:00:00Z,2026-10-01T01:00:00Z,Only a LIMITED number of Tickets (as determined by the Yankees in its sole and absolute discretion) will be made available during the presale.Maximum of eight (8) Tickets to each potential game scheduled to be played during the 2026 Wild Card and ALDS.,https://www.ticketmaster.com/2026-ny-yankees-v-boston-red-bronx-new-york-09-30-2026/event/1D00652CBD9FE0B3
2026-09-29T08:18:52+00:00,mlb_postseason,G5vVZ_3wWiXdW,2026 NY Yankees v Boston Red Sox Wild Card Game 3,2026-10-01,20:00:00,False,onsale,Yankee Stadium,Bronx,,,,,2026-09-18T18:00:00Z,2026-10-02T01:00:00Z,Only a LIMITED number of Tickets (as determined by the Yankees in its sole and absolute discretion) will be made available during the presale.Maximum of eight (8) Tickets to each potential game scheduled to be played during the 2026 Wild Card and ALDS.,https://www.ticketmaster.com/2026-ny-yankees-v-boston-red-bronx-new-york-10-01-2026/event/1D00652CBDB3E0FD
2026-09-29T08:18:52+00:00,mlb_postseason,G5vVZ_3Yebnyg,Pinstripe Pass * 2026 NY Yankees v Boston Red Sox Wild Card Game 1,2026-09-29,20:00:00,False,onsale,Yankee Stadium,Bronx,,,,,2026-09-18T18:00:00Z,2026-09-30T01:00:00Z,Only a LIMITED number of Tickets (as determined by the Yankees in its sole and absolute discretion) will be made available during the presale.Maximum of eight (8) Tickets to each potential game scheduled to be played during the 2026 Wild Card and ALDS.,https://www.ticketmaster.com/pinstripe-pass-2026-ny-yankees-v-bronx-new-york-09-29-2026/event/1D00652C0262AE75
2026-09-29T08:18:52+00:00,mlb_postseason,G5vVZ_3wcRlFC,2026 NY Yankees v Boston Red Sox Wild Card Game 1 * Premium Seating *,2026-09-29,20:00:00,False,onsale,Yankee Stadium,Bronx,,,,,2026-09-18T18:00:00Z,2026-09-30T01:00:00Z,Only a LIMITED number of Tickets (as determined by the Yankees in its sole and absolute discretion) will be made available during the presale.Maximum of eight (8) Tickets to each potential game scheduled to be played during the 2026 Wild Card and ALDS.,https://www.ticketmaster.com/2026-ny-yankees-v-boston-red-bronx-new-york-09-29-2026/event/1D00652CADBEB20E
2026-09-29T08:18:52+00:00,mlb_postseason,G5vVZ_3YdsD5c,Pinstripe Pass * 2026 NY Yankees v Boston Red Sox Wild Card Game 2,2026-09-30,20:00:00,False,onsale,Yankee Stadium,Bronx,,,,,2026-09-18T18:00:00Z,2026-10-01T01:00:00Z,Only a LIMITED number of Tickets (as determined by the Yankees in its sole and absolute discretion) will be made available during the presale.Maximum of eight (8) Tickets to each potential game scheduled to be played during the 2026 Wild Card and ALDS.,https://www.ticketmaster.com/pinstripe-pass-2026-ny-yankees-v-bronx-new-york-09-30-2026/event/1D00652C03C7B2ED
2026-09-29T08:18:52+00:00,mlb_postseason,G5vVZ_3wSFHFF,2026 NY Yankees v Boston Red Sox Wild Card Game 2 * Premium Seating *,2026-09-30,20:00:00,False,onsale,Yankee Stadium,Bronx,,,,,2026-09-18T18:00:00Z,2026-10-01T01:00:00Z,Only a LIMITED number of Tickets (as determined by the Yankees in its sole and absolute discretion) will be made available during the presale.Maximum of eight (8) Tickets to each potential game scheduled to be played during the 2026 Wild Card and ALDS.,https://www.ticketmaster.com/2026-ny-yankees-v-boston-red-bronx-new-york-09-30-2026/event/1D00652CB323C208
2026-09-29T08:18:52+00:00,mlb_postseason,G5vVZ_3wWBCk9,2026 NY Yankees Division Series Home Game 1,2026-10-07,,True,offsale,Yankee Stadium,Bronx,,,,,2026-09-18T18:00:00Z,,Only a LIMITED number of Tickets (as determined by the Yankees in its sole and absolute discretion) will be made available during the presale.Maximum of eight (8) Tickets to each potential game scheduled to be played during the 2026 Wild Card and ALDS.,https://www.ticketmaster.com/2026-ny-yankees-division-series-home-bronx-new-york-10-07-2026/event/1D00652CBDE8E197
2026-09-29T08:18:52+00:00,mlb_postseason,G5vVZ_3YdVlG6,Pinstripe Pass * 2026 NY Yankees v Boston Red Sox Wild Card Game 3,2026-10-01,20:00:00,False,onsale,Yankee Stadium,Bronx,,,,,2026-09-18T18:00:00Z,2026-10-02T01:00:00Z,Only a LIMITED number of Tickets (as determined by the Yankees in its sole and absolute discretion) will be made available during the presale.Maximum of eight (8) Tickets to each potential game scheduled to be played during the 2026 Wild Card and ALDS.,https://www.ticketmaster.com/pinstripe-pass-2026-ny-yankees-v-bronx-new-york-10-01-2026/event/1D00652C03D2B307
2026-09-29T08:18:52+00:00,mlb_postseason,G5vVZ_3wS_H1X,2026 NY Yankees v Boston Red Sox Wild Card Game 3 * Premium Seating *,2026-10-01,20:00:00,False,onsale,Yankee Stadium,Bronx,,,,,2026-09-18T18:00:00Z,2026-10-02T01:00:00Z,Only a LIMITED number of Tickets (as determined by the Yankees in its sole and absolute discretion) will be made available during the presale.Maximum of eight (8) Tickets to each potential game scheduled to be played during the 2026 Wild Card and ALDS.,https://www.ticketmaster.com/2026-ny-yankees-v-boston-red-bronx-new-york-10-01-2026/event/1D00652CB367C2BE
2026-09-29T08:18:52+00:00,mlb_postseason,G5vVZ_3wXaCa8,2026 NY Yankees Division Series Home Game 2,2026-10-08,,True,offsale,Yankee Stadium,Bronx,,,,,2026-09-18T18:00:00Z,,Only a LIMITED number of Tickets (as determined by the Yankees in its sole and absolute discretion) will be made available during the presale.Maximum of eight (8) Tickets to each potential game scheduled to be played during the 2026 Wild Card and ALDS.,https://www.ticketmaster.com/2026-ny-yankees-division-series-home-bronx-new-york-10-08-2026/event/1D00652CBE24E250
2026-09-29T08:18:52+00:00,mlb_postseason,G5vVZ_3Y7oDKe,Pinstripe Pass * 2026 NY Yankees Division Series Home Game 1,2026-10-07,,True,offsale,Yankee Stadium,Bronx,,,,,2026-09-18T18:00:00Z,,Only a LIMITED number of Tickets (as determined by the Yankees in its sole and absolute discretion) will be made available during the presale.Maximum of eight (8) Tickets to each potential game scheduled to be played during the 2026 Wild Card and ALDS.,https://www.ticketmaster.com/pinstripe-pass-2026-ny-yankees-division-bronx-new-york-10-07-2026/event/1D00652C0447B4C2
2026-09-29T08:18:52+00:00,mlb_postseason,G5vVZ_3wSMGo3,2026 NY Yankees Division Series Home Game 1 * Premium Seating *,2026-10-07,,True,offsale,Yankee Stadium,Bronx,,,,,2026-09-18T18:00:00Z,,Only a LIMITED number of Tickets (as determined by the Yankees in its sole and absolute discretion) will be made available during the presale.Maximum of eight (8) Tickets to each potential game scheduled to be played during the 2026 Wild Card and ALDS.,https://www.ticketmaster.com/2026-ny-yankees-division-series-home-bronx-new-york-10-07-2026/event/1D00652CB3DCC452
2026-09-29T08:18:52+00:00,mlb_postseason,G5vVZ_3Y7ql4F,Pinstripe Pass * 2026 NY Yankees Division Series Home Game 2,2026-10-08,,True,offsale,Yankee Stadium,Bronx,,,,,2026-09-18T18:00:00Z,,Only a LIMITED number of Tickets (as determined by the Yankees in its sole and absolute discretion) will be made available during the presale.Maximum of eight (8) Tickets to each potential game scheduled to be played during the 2026 Wild Card and ALDS.,https://www.ticketmaster.com/pinstripe-pass-2026-ny-yankees-division-bronx-new-york-10-08-2026/event/1D00652C0476B548
2026-09-29T08:18:52+00:00,mlb_postseason,G5vVZ_3wzZqvA,2026 NY Yankees Division Series Home Game 2 * Premium Seating *,2026-10-08,,True,offsale,Yankee Stadium,Bronx,,,,,2026-09-18T18:00:00Z,,Only a LIMITED number of Tickets (as determined by the Yankees in its sole and absolute discretion) will be made available during the presale.Maximum of eight (8) Tickets to each potential game scheduled to be played during the 2026 Wild Card and ALDS.,https://www.ticketmaster.com/2026-ny-yankees-division-series-home-bronx-new-york-10-08-2026/event/1D00652CB801D045
2026-09-29T08:18:52+00:00,mlb_postseason,Z7r9jZ1AAZP3b,TBD at Los Angeles Dodgers: NLDS (Home Game 1),2026-10-03,18:08:00,False,onsale,UNIQLO Field at Dodger Stadium,Los Angeles,,,,,1900-01-01T18:00:00Z,2026-10-04T03:08:00Z,,https://www.ticketmaster.com/event/Z7r9jZ1AAZP3b
2026-09-29T08:18:52+00:00,mlb_postseason,Z7r9jZ1AAZP3_,TBD at Los Angeles Dodgers: NLDS (Home Game 2),2026-10-04,18:08:00,False,onsale,UNIQLO Field at Dodger Stadium,Los Angeles,,,,,1900-01-01T18:00:00Z,2026-10-05T03:08:00Z,,https://www.ticketmaster.com/event/Z7r9jZ1AAZP3_
2026-09-29T08:18:52+00:00,mlb_postseason,Z7r9jZ1AAZPfZ,"TBD at Los Angeles Dodgers: NLDS (Home Game 3, If Necessary)",2026-10-09,18:08:00,False,onsale,UNIQLO Field at Dodger Stadium,Los Angeles,,,,,1900-01-01T18:00:00Z,2026-10-10T03:08:00Z,,https://www.ticketmaster.com/event/Z7r9jZ1AAZPfZ
2026-09-29T08:18:52+00:00,mlb_postseason,Z7r9jZ1AAZMa7,Chicago Cubs at San Diego Padres: NL Wild Card (Home Game 1),2026-09-29,19:00:00,False,onsale,PETCO Park,San Diego,,,,,1900-01-01T18:00:00Z,2026-09-30T03:30:00Z,,https://www.ticketmaster.com/event/Z7r9jZ1AAZMa7
2026-09-29T08:18:52+00:00,mlb_postseason,Z7r9jZ1AAZIk6,Chicago Cubs at San Diego Padres: NL Wild Card (Home Game 2),2026-09-30,19:00:00,False,onsale,PETCO Park,San Diego,,,,,1900-01-01T18:00:00Z,2026-10-01T03:30:00Z,,https://www.ticketmaster.com/event/Z7r9jZ1AAZIk6
2026-09-29T08:18:52+00:00,mlb_postseason,vvG1zZ_o1HYDbV,Atlanta Braves Wild Card Game 1,2026-09-29,14:00:00,False,onsale,Truist Park,Atlanta,,,,,2026-09-17T17:00:00Z,2026-09-29T19:00:00Z,There is an overall 6 ticket limit for this event.,https://www.ticketmaster.com/atlanta-braves-wild-card-game-1-atlanta-georgia-09-29-2026/event/0E006512BCC3B634
2026-09-29T08:18:52+00:00,mlb_postseason,vvG18Z_GRS2g-o,ALDS Home Game 1,2026-10-07,,False,onsale,Rate Field,Chicago,,,,,2026-09-18T19:00:00Z,2026-10-07T05:00:00Z,There is a 6 ticket limit for this event.,https://www.ticketmaster.com/alds-home-game-1-chicago-illinois-10-07-2026/event/040064CBF33F5851
2026-09-29T08:18:52+00:00,mlb_postseason,vvG1zZ_o1Hwh_e,Atlanta Braves Wild Card Game 2,2026-09-30,14:00:00,False,onsale,Truist Park,Atlanta,,,,,2026-09-17T17:00:00Z,2026-09-30T19:00:00Z,There is an overall 6 ticket limit for this event.,https://www.ticketmaster.com/atlanta-braves-wild-card-game-2-atlanta-georgia-09-30-2026/event/0E006512BCC9B642
2026-09-29T08:18:52+00:00,mlb_postseason,vvG18Z_GRSog-J,ALDS Home Game 2,2026-10-08,,False,onsale,Rate Field,Chicago,,,,,2026-09-18T19:00:00Z,2026-10-08T05:00:00Z,There is a 6 ticket limit for this event.,https://www.ticketmaster.com/alds-home-game-2-chicago-illinois-10-08-2026/event/040064CBF3475866
2026-09-29T08:18:52+00:00,mlb_postseason,vvG1zZ_o1HSl_o,Atlanta Braves Wild Card Game 3,2026-10-01,,True,onsale,Truist Park,Atlanta,,,,,2026-09-17T17:00:00Z,2026-10-02T02:00:00Z,There is an overall 6 ticket limit for this event.,https://www.ticketmaster.com/atlanta-braves-wild-card-game-3-atlanta-georgia-10-01-2026/event/0E006512BCCEB651
2026-09-29T08:18:52+00:00,mlb_postseason,vvG1zZ_o1Hc5b9,Atlanta Braves NLDS Home Game 1,2026-10-06,,True,onsale,Truist Park,Atlanta,,,,,2026-09-17T17:00:00Z,2026-10-07T02:00:00Z,There is an overall 6 ticket limit for this event.,https://www.ticketmaster.com/atlanta-braves-nlds-home-game-1-atlanta-georgia-10-06-2026/event/0E006512BCB4B617
2026-09-29T08:18:52+00:00,mlb_postseason,G5vVZbzmDC45b,Postseason Pregame Tour*2026 Wild Card Game 2,2026-09-30,,True,offsale,Yankee Stadium,Bronx,,,,,,,There is a nineteen (19) ticket limit per Tour event.,https://www.ticketmaster.com/postseason-pregame-tour2026-wild-card-game-bronx-new-york-09-30-2026/event/1D00638BBB3952D8
2026-09-29T08:18:52+00:00,mlb_postseason,G5vVZbzmDC45f,Postseason Pregame Tour*2026 Wild Card Game 1,2026-09-29,,True,offsale,Yankee Stadium,Bronx,,,,,,,There is a nineteen (19) ticket limit per Tour event.,https://www.ticketmaster.com/postseason-pregame-tour2026-wild-card-game-bronx-new-york-09-29-2026/event/1D00638BBB3952D4
2026-09-29T08:18:52+00:00,mlb_postseason,G5vVZbzmDCP5Q,Postseason Pregame Tour*2026 Wild Card Game 3,2026-10-01,,True,offsale,Yankee Stadium,Bronx,,,,,,,There is a nineteen (19) ticket limit per Tour event.,https://www.ticketmaster.com/postseason-pregame-tour2026-wild-card-game-bronx-new-york-10-01-2026/event/1D00638BBB3A52DA
2026-09-29T08:18:52+00:00,mlb_postseason,G5vVZbydnigr-,Postseason Premium Pregame Tour*2026 Wild Card Game 1,2026-09-29,,True,offsale,Yankee Stadium,Bronx,,,,,,,There is a nine (9) ticket limit per Tour event.,https://www.ticketmaster.com/postseason-premium-pregame-tour2026-wild-card-bronx-new-york-09-29-2026/event/1D006390EAB357A1
2026-09-29T08:18:52+00:00,mlb_postseason,G5vVZbzRDh9cV,Postseason Pregame Glimpse of Greatness Tour*2026 Wild Card Game 1,2026-09-29,,True,offsale,Yankee Stadium,Bronx,,,,,,,There is a nineteen (19) ticket limit per Tour event.,https://www.ticketmaster.com/postseason-pregame-glimpse-of-greatness-tour2026-bronx-new-york-09-29-2026/event/1D00638BFB6D7B74
2026-09-29T08:18:52+00:00,mlb_postseason,G5vVZbydnigrN,Postseason Premium Pregame Tour*2026 Wild Card Game 2,2026-09-30,,True,offsale,Yankee Stadium,Bronx,,,,,,,There is a nine (9) ticket limit per Tour event.,https://www.ticketmaster.com/postseason-premium-pregame-tour2026-wild-card-bronx-new-york-09-30-2026/event/1D006390EAB357A3
2026-09-29T08:18:52+00:00,mlb_postseason,G5vVZbydnigrP,Postseason Premium Pregame Tour*2026 Wild Card Game 3,2026-10-01,,True,offsale,Yankee Stadium,Bronx,,,,,,,There is a nine (9) ticket limit per Tour event.,https://www.ticketmaster.com/postseason-premium-pregame-tour2026-wild-card-bronx-new-york-10-01-2026/event/1D006390EAB357A5
2026-09-29T08:18:52+00:00,mlb_postseason,G5vVZbzRDhEcU,Postseason Pregame Glimpse of Greatness Tour*2026 Wild Card Game 2,2026-09-30,,True,offsale,Yankee Stadium,Bronx,,,,,,,There is a nineteen (19) ticket limit per Tour event.,https://www.ticketmaster.com/postseason-pregame-glimpse-of-greatness-tour2026-bronx-new-york-09-30-2026/event/1D00638BFB6E7B76
2026-09-29T08:18:52+00:00,mlb_postseason,G5vVZbzRDhEcz,Postseason Pregame Glimpse of Greatness Tour*2026 Wild Card Game 3,2026-10-01,,True,offsale,Yankee Stadium,Bronx,,,,,,,There is a nineteen (19) ticket limit per Tour event.,https://www.ticketmaster.com/postseason-pregame-glimpse-of-greatness-tour2026-bronx-new-york-10-01-2026/event/1D00638BFB6E7B78
2026-09-29T08:18:52+00:00,mlb_postseason,vvG1zZ_o5frqHF,Atlanta Braves Wild Card Game 1 * Premium Seating *,2026-09-29,14:00:00,False,onsale,Truist Park,Atlanta,,,,,2026-09-17T17:00:00Z,2026-09-29T19:00:00Z,There is an overall 6 ticket limit for this event.,https://www.ticketmaster.com/atlanta-braves-wild-card-game-1-atlanta-georgia-09-29-2026/event/0E006512D479DF08
2026-09-29T08:18:52+00:00,mlb_postseason,vvG1zZ_o5fLcHf,Atlanta Braves Wild Card Game 2 * Premium Seating *,2026-09-30,14:00:00,False,onsale,Truist Park,Atlanta,,,,,2026-09-17T17:00:00Z,2026-09-30T19:00:00Z,There is an overall 6 ticket limit for this event.,https://www.ticketmaster.com/atlanta-braves-wild-card-game-2-atlanta-georgia-09-30-2026/event/0E006512D47EDF14
2026-09-29T08:18:52+00:00,mlb_postseason,vvG1zZ_o5fOWHh,Atlanta Braves Wild Card Game 3 * Premium Seating *,2026-10-01,,True,onsale,Truist Park,Atlanta,,,,,2026-09-17T17:00:00Z,2026-10-02T02:00:00Z,There is an overall 6 ticket limit for this event.,https://www.ticketmaster.com/atlanta-braves-wild-card-game-3-atlanta-georgia-10-01-2026/event/0E006512D483DF1B
2026-09-29T08:18:52+00:00,mlb_postseason,Z7r9jZ1AAZIAy,"Chicago Cubs at San Diego Padres: NL Wild Card (Home Game 3, If Necessary)",2026-10-01,19:00:00,False,onsale,PETCO Park,San Diego,,,,,1900-01-01T18:00:00Z,2026-10-02T03:30:00Z,,https://www.ticketmaster.com/event/Z7r9jZ1AAZIAy
2026-09-29T08:18:52+00:00,mlb_postseason,vvG18Z_GRS4Axp,ALCS Home Game 1,2026-10-15,,False,onsale,Rate Field,Chicago,,,,,2026-09-18T19:00:00Z,2026-10-15T05:00:00Z,There is a 6 ticket limit for this event.,https://www.ticketmaster.com/alcs-home-game-1-chicago-illinois-10-15-2026/event/040064CBF3545896
2026-09-29T08:18:52+00:00,mlb_postseason,vvG1zZ_o1HmhbP,Atlanta Braves NLDS Home Game 2,2026-10-07,,True,onsale,Truist Park,Atlanta,,,,,2026-09-17T17:00:00Z,2026-10-08T02:00:00Z,There is an overall 6 ticket limit for this event.,https://www.ticketmaster.com/atlanta-braves-nlds-home-game-2-atlanta-georgia-10-07-2026/event/0E006512BCB9B625
2026-09-29T08:18:52+00:00,mlb_postseason,vvG1zZ_o1HRlbR,Atlanta Braves NLDS Home Game 3,2026-10-09,,False,cancelled,Truist Park,Atlanta,,,,,2026-09-17T17:00:00Z,2026-10-09T05:00:00Z,There is an overall 6 ticket limit for this event.,https://www.ticketmaster.com/atlanta-braves-nlds-home-game-3-atlanta-georgia-10-09-2026/event/0E006512BCBEB62F
2026-09-29T08:18:52+00:00,mlb_postseason,vvG18Z_GRSpPxP,ALCS Home Game 2,2026-10-16,,False,onsale,Rate Field,Chicago,,,,,2026-09-18T19:00:00Z,2026-10-16T05:00:00Z,There is a 6 ticket limit for this event.,https://www.ticketmaster.com/alcs-home-game-2-chicago-illinois-10-16-2026/event/040064CBF35A58A5
2026-09-29T08:18:52+00:00,mlb_postseason,vvG1zZ_o5fhuDl,Atlanta Braves NLDS Home Game 1 * Premium Seating *,2026-10-06,,True,onsale,Truist Park,Atlanta,,,,,2026-09-17T17:00:00Z,2026-10-07T02:00:00Z,There is an overall 6 ticket limit for this event.,https://www.ticketmaster.com/atlanta-braves-nlds-home-game-1-atlanta-georgia-10-06-2026/event/0E006512D46CDEEB
2026-09-29T08:18:52+00:00,mlb_postseason,vvG1zZ_o5fjqDm,Atlanta Braves NLDS Home Game 2 * Premium Seating *,2026-10-07,,True,onsale,Truist Park,Atlanta,,,,,2026-09-17T17:00:00Z,2026-10-08T02:00:00Z,There is an overall 6 ticket limit for this event.,https://www.ticketmaster.com/atlanta-braves-nlds-home-game-2-atlanta-georgia-10-07-2026/event/0E006512D471DEEE
2026-09-29T08:18:52+00:00,mlb_postseason,vvG1zZ_o5fqqDy,Atlanta Braves NLDS Home Game 3 * Premium Seating *,2026-10-09,,False,cancelled,Truist Park,Atlanta,,,,,2026-09-17T17:00:00Z,2026-10-09T05:00:00Z,There is an overall 6 ticket limit for this event.,https://www.ticketmaster.com/atlanta-braves-nlds-home-game-3-atlanta-georgia-10-09-2026/event/0E006512D475DEF9
2026-09-29T08:18:52+00:00,mlb_postseason,vvG18Z_GRSb4xs,ALCS Home Game 3,2026-10-17,,False,onsale,Rate Field,Chicago,,,,,2026-09-18T19:00:00Z,2026-10-17T05:00:00Z,There is a 6 ticket limit for this event.,https://www.ticketmaster.com/alcs-home-game-3-chicago-illinois-10-17-2026/event/040064CBF36158B1
2026-09-29T08:18:52+00:00,mlb_postseason,1kk8vPk6GAuJdJu,NLCS Home Game 3,2026-10-16,,True,cancelled,Chase Field,Phoenix,,,,,2026-09-25T16:00:00Z,2026-10-17T05:00:00Z,There is an eight (8) ticket limit for this event.,https://www.ticketmaster.com/nlcs-home-game-3-phoenix-arizona-10-16-2026/event/190065187D98398D
2026-09-29T08:18:52+00:00,mlb_postseason,Z7r9jZ1AAZ4fk,TBD at Cleveland Guardians: ALDS (Home Game 1),2026-10-03,,True,onsale,Progressive Field,Cleveland,,,,,1900-01-01T18:00:00Z,2026-10-04T04:29:20Z,,https://www.ticketmaster.com/event/Z7r9jZ1AAZ4fk
2026-09-29T08:18:52+00:00,mlb_postseason,Z7r9jZ1AAZU4s,Chicago White Sox at Houston Astros: AL Wild Card (Home Game 1),2026-09-29,16:00:00,False,onsale,Daikin Park,Houston,,,,,1900-01-01T18:00:00Z,2026-09-29T22:30:00Z,,https://www.ticketmaster.com/event/Z7r9jZ1AAZU4s
2026-09-29T08:18:52+00:00,mlb_postseason,Z7r9jZ1AAZU4Y,Chicago White Sox at Houston Astros: AL Wild Card (Home Game 2),2026-09-30,16:00:00,False,onsale,Daikin Park,Houston,,,,,1900-01-01T18:00:00Z,2026-09-30T22:30:00Z,,https://www.ticketmaster.com/event/Z7r9jZ1AAZU4Y
2026-09-29T08:18:52+00:00,mlb_postseason,Z7r9jZ1AAZ4Gz,"Chicago White Sox at Houston Astros: AL Wild Card (Home Game 3, If Necessary)",2026-10-01,16:00:00,False,onsale,Daikin Park,Houston,,,,,1900-01-01T06:00:00Z,2026-10-01T22:30:00Z,,https://www.ticketmaster.com/event/Z7r9jZ1AAZ4Gz
2026-09-29T08:18:52+00:00,mlb_postseason,Z7r9jZ1AAZ4f6,TBD at Cleveland Guardians: ALDS (Home Game 2),2026-10-05,,True,onsale,Progressive Field,Cleveland,,,,,1900-01-01T18:00:00Z,2026-10-06T04:29:20Z,,https://www.ticketmaster.com/event/Z7r9jZ1AAZ4f6
2026-09-29T08:18:52+00:00,mlb_postseason,Z7r9jZ1AAZ437,"TBD at Cleveland Guardians: ALDS (Home Game 3, If Necessary)",2026-10-10,,True,onsale,Progressive Field,Cleveland,,,,,1900-01-01T18:00:00Z,2026-10-11T04:29:20Z,,https://www.ticketmaster.com/event/Z7r9jZ1AAZ437
2026-09-29T08:18:52+00:00,mlb_postseason,Z7r9jZ1AAZ4Gw,TBD at Tampa Bay Rays: ALDS (Home Game 1),2026-10-03,00:00:00,False,onsale,Tropicana Field,Saint Petersburg,,,,,1900-01-01T06:00:00Z,2026-10-03T05:30:00Z,,https://www.ticketmaster.com/event/Z7r9jZ1AAZ4Gw
2026-09-29T08:18:52+00:00,mlb_postseason,Z7r9jZ1AAZ4Gs,TBD at Tampa Bay Rays: ALDS (Home Game 2),2026-10-05,00:00:00,False,onsale,Tropicana Field,Saint Petersburg,,,,,1900-01-01T06:00:00Z,2026-10-05T05:30:00Z,,https://www.ticketmaster.com/event/Z7r9jZ1AAZ4Gs
2026-09-29T08:18:52+00:00,mlb_postseason,Z7r9jZ1A7JpJ3,TBD at Milwaukee Brewers: NLDS (Home Game 1),2026-10-03,19:00:00,False,onsale,American Family Field,Milwaukee,,,,,1900-01-01T18:00:00Z,2026-10-04T01:30:00Z,,https://www.ticketmaster.com/event/Z7r9jZ1A7JpJ3
2026-09-29T08:18:52+00:00,mlb_postseason,Z7r9jZ1AAZ4uo,"TBD at Tampa Bay Rays: ALDS (Home Game 3, If Necessary)",2026-10-10,00:00:00,False,onsale,Tropicana Field,Saint Petersburg,,,,,1900-01-01T06:00:00Z,2026-10-10T05:30:00Z,,https://www.ticketmaster.com/event/Z7r9jZ1AAZ4uo
2026-09-29T08:18:52+00:00,mlb_postseason,Z7r9jZ1A7JpP0,TBD at Milwaukee Brewers: NLDS (Home Game 2),2026-10-04,19:00:00,False,onsale,American Family Field,Milwaukee,,,,,1900-01-01T18:00:00Z,2026-10-05T01:30:00Z,,https://www.ticketmaster.com/event/Z7r9jZ1A7JpP0
2026-09-29T08:18:52+00:00,mlb_postseason,Z7r9jZ1AAZEj4,"TBD at Milwaukee Brewers: NLDS (Home Game 3, If Necessary)",2026-10-09,19:00:00,False,onsale,American Family Field,Milwaukee,,,,,1900-01-01T18:00:00Z,2026-10-10T01:30:00Z,,https://www.ticketmaster.com/event/Z7r9jZ1AAZEj4
2026-09-29T08:18:52+00:00,nfl_metlife,k7vGF_a6ecuTM,New York Giants vs. Arizona Cardinals,2026-10-04,13:00:00,False,onsale,MetLife Stadium,East Rutherford,,,,,2026-05-14T23:30:00Z,2026-10-04T18:00:00Z,There is a six (6) ticket limit per household.,https://www.ticketmaster.com/new-york-giants-vs-arizona-cardinals-east-rutherford-new-jersey-10-04-2026/event/00006491C2B4DFF7
2026-09-29T08:18:52+00:00,nfl_metlife,k7vGF_a6eVCZ0,New York Giants vs. New Orleans Saints,2026-10-18,13:00:00,False,onsale,MetLife Stadium,East Rutherford,,,,,2026-05-14T23:30:00Z,2026-10-18T18:00:00Z,There is a six (6) ticket limit per household.,https://www.ticketmaster.com/new-york-giants-vs-new-orleans-east-rutherford-new-jersey-10-18-2026/event/00006491C2D0E024
2026-09-29T08:18:52+00:00,nfl_metlife,k7vGF_a6ezmvd,New York Giants vs. San Francisco 49ers,2026-12-06,13:00:00,False,onsale,MetLife Stadium,East Rutherford,,,,,2026-05-14T23:30:00Z,2026-12-06T19:00:00Z,There is a six (6) ticket limit per household.,https://www.ticketmaster.com/new-york-giants-vs-san-francisco-east-rutherford-new-jersey-12-06-2026/event/00006491C2E2E043
2026-09-29T08:18:52+00:00,nfl_metlife,k7vGF_a6ewmZ_,New York Giants vs. Jacksonville Jaguars,2026-11-22,13:00:00,False,onsale,MetLife Stadium,East Rutherford,,,,,2026-05-14T23:30:00Z,2026-11-22T19:00:00Z,There is a six (6) ticket limit per household.,https://www.ticketmaster.com/new-york-giants-vs-jacksonville-jaguars-east-rutherford-new-jersey-11-22-2026/event/00006491C2CAE019
2026-09-29T08:18:52+00:00,nfl_metlife,k7vGF_a6eRmZe,New York Giants vs. Cleveland Browns,2026-12-20,13:00:00,False,onsale,MetLife Stadium,East Rutherford,,,,,2026-05-14T23:30:00Z,2026-12-20T19:00:00Z,There is a six (6) ticket limit per household.,https://www.ticketmaster.com/new-york-giants-vs-cleveland-browns-east-rutherford-new-jersey-12-20-2026/event/00006491C2BEE002
2026-09-29T08:18:52+00:00,nfl_metlife,k7vGF_a6eDmv8,New York Giants vs. Washington Commanders,2026-11-12,20:15:00,False,onsale,MetLife Stadium,East Rutherford,,,,,2026-05-14T23:30:00Z,2026-11-13T02:15:00Z,There is a six (6) ticket limit per household.,https://www.ticketmaster.com/new-york-giants-vs-washington-commanders-east-rutherford-new-jersey-11-12-2026/event/00006491C2EEE050
2026-09-29T08:18:52+00:00,nfl_metlife,k7vGF_FN-EYBU,New York Jets v. Buffalo Bills,2026-11-15,13:00:00,False,onsale,MetLife Stadium,East Rutherford,,,,,2026-05-15T16:00:00Z,2026-11-15T19:00:00Z,There is a six (6) ticket limit per account.,https://www.ticketmaster.com/new-york-jets-v-buffalo-bills-east-rutherford-new-jersey-11-15-2026/event/00006488E19F0EB6
2026-09-29T08:18:52+00:00,nfl_metlife,k7vGF_FN-xZy2,New York Jets v. Las Vegas Raiders,2026-11-01,13:00:00,False,onsale,MetLife Stadium,East Rutherford,,,,,2026-05-15T16:00:00Z,2026-11-01T19:00:00Z,There is a six (6) ticket limit per account.,https://www.ticketmaster.com/new-york-jets-v-las-vegas-east-rutherford-new-jersey-11-01-2026/event/00006488E1880E4F
2026-09-29T08:18:52+00:00,nfl_metlife,k7vGF_FN-J8Bt,New York Jets v. Cleveland Browns,2026-10-11,13:00:00,False,onsale,MetLife Stadium,East Rutherford,,,,,2026-05-15T16:00:00Z,2026-10-11T18:00:00Z,There is a six (6) ticket limit per account.,https://www.ticketmaster.com/new-york-jets-v-cleveland-browns-east-rutherford-new-jersey-10-11-2026/event/00006488E1990EA9
2026-09-29T08:18:52+00:00,nfl_metlife,k7vGF_FN-PZB_,New York Jets v. Denver Broncos,2026-12-13,13:00:00,False,onsale,MetLife Stadium,East Rutherford,,,,,2026-05-15T16:00:00Z,2026-12-13T19:00:00Z,There is a six (6) ticket limit per account.,https://www.ticketmaster.com/new-york-jets-v-denver-broncos-east-rutherford-new-jersey-12-13-2026/event/00006488E1940E99
2026-09-29T08:18:52+00:00,nfl_metlife,k7vGF_FN-LZzc,New York Jets v. Minnesota Vikings,2027-01-03,13:00:00,False,onsale,MetLife Stadium,East Rutherford,,,,,2026-05-15T16:00:00Z,2027-01-03T19:00:00Z,There is a six (6) ticket limit per account.,https://www.ticketmaster.com/new-york-jets-v-minnesota-vikings-east-rutherford-new-jersey-01-03-2027/event/00006488E17C0E2D
2026-09-29T08:18:52+00:00,nfl_metlife,k7vGF_FN-OOzB,New York Jets v. Miami Dolphins,2026-10-25,13:00:00,False,onsale,MetLife Stadium,East Rutherford,,,,,2026-05-15T16:00:00Z,2026-10-25T18:00:00Z,There is a six (6) ticket limit per account.,https://www.ticketmaster.com/new-york-jets-v-miami-dolphins-east-rutherford-new-jersey-10-25-2026/event/00006488E1820E3A
2026-09-29T08:18:52+00:00,nfl_metlife,k7vGF_FN-qYMW,New York Jets v. New England Patriots,2026-12-27,13:00:00,False,onsale,MetLife Stadium,East Rutherford,,,,,2026-05-15T16:00:00Z,2026-12-27T19:00:00Z,There is a six (6) ticket limit per account.,https://www.ticketmaster.com/new-york-jets-v-new-england-east-rutherford-new-jersey-12-27-2026/event/00006488E1770DFD
2026-09-29T14:37:26+00:00,mlb_postseason,G5vVZ_3wH1uYn,2026 NY Yankees v Boston Red Sox Wild Card Game 1,2026-09-29,20:00:00,False,onsale,Yankee Stadium,Bronx,,,,,2026-09-18T18:00:00Z,2026-09-30T01:00:00Z,Only a LIMITED number of Tickets (as determined by the Yankees in its sole and absolute discretion) will be made available during the presale.Maximum of eight (8) Tickets to each potential game scheduled to be played during the 2026 Wild Card and ALDS.,https://www.ticketmaster.com/2026-ny-yankees-v-boston-red-bronx-new-york-09-29-2026/event/1D00652CBC28DC2A
2026-09-29T14:37:26+00:00,mlb_postseason,G5vVZ_3wWEXeS,2026 NY Yankees v Boston Red Sox Wild Card Game 2,2026-09-30,20:00:00,False,onsale,Yankee Stadium,Bronx,,,,,2026-09-18T18:00:00Z,2026-10-01T01:00:00Z,Only a LIMITED number of Tickets (as determined by the Yankees in its sole and absolute discretion) will be made available during the presale.Maximum of eight (8) Tickets to each potential game scheduled to be played during the 2026 Wild Card and ALDS.,https://www.ticketmaster.com/2026-ny-yankees-v-boston-red-bronx-new-york-09-30-2026/event/1D00652CBD9FE0B3
2026-09-29T14:37:26+00:00,mlb_postseason,G5vVZ_3wWiXdW,2026 NY Yankees v Boston Red Sox Wild Card Game 3,2026-10-01,20:00:00,False,onsale,Yankee Stadium,Bronx,,,,,2026-09-18T18:00:00Z,2026-10-02T01:00:00Z,Only a LIMITED number of Tickets (as determined by the Yankees in its sole and absolute discretion) will be made available during the presale.Maximum of eight (8) Tickets to each potential game scheduled to be played during the 2026 Wild Card and ALDS.,https://www.ticketmaster.com/2026-ny-yankees-v-boston-red-bronx-new-york-10-01-2026/event/1D00652CBDB3E0FD
2026-09-29T14:37:26+00:00,mlb_postseason,G5vVZ_3Yebnyg,Pinstripe Pass * 2026 NY Yankees v Boston Red Sox Wild Card Game 1,2026-09-29,20:00:00,False,onsale,Yankee Stadium,Bronx,,,,,2026-09-18T18:00:00Z,2026-09-30T01:00:00Z,Only a LIMITED number of Tickets (as determined by the Yankees in its sole and absolute discretion) will be made available during the presale.Maximum of eight (8) Tickets to each potential game scheduled to be played during the 2026 Wild Card and ALDS.,https://www.ticketmaster.com/pinstripe-pass-2026-ny-yankees-v-bronx-new-york-09-29-2026/event/1D00652C0262AE75
2026-09-29T14:37:26+00:00,mlb_postseason,G5vVZ_3wcRlFC,2026 NY Yankees v Boston Red Sox Wild Card Game 1 * Premium Seating *,2026-09-29,20:00:00,False,onsale,Yankee Stadium,Bronx,,,,,2026-09-18T18:00:00Z,2026-09-30T01:00:00Z,Only a LIMITED number of Tickets (as determined by the Yankees in its sole and absolute discretion) will be made available during the presale.Maximum of eight (8) Tickets to each potential game scheduled to be played during the 2026 Wild Card and ALDS.,https://www.ticketmaster.com/2026-ny-yankees-v-boston-red-bronx-new-york-09-29-2026/event/1D00652CADBEB20E
2026-09-29T14:37:26+00:00,mlb_postseason,G5vVZ_3YdsD5c,Pinstripe Pass * 2026 NY Yankees v Boston Red Sox Wild Card Game 2,2026-09-30,20:00:00,False,onsale,Yankee Stadium,Bronx,,,,,2026-09-18T18:00:00Z,2026-10-01T01:00:00Z,Only a LIMITED number of Tickets (as determined by the Yankees in its sole and absolute discretion) will be made available during the presale.Maximum of eight (8) Tickets to each potential game scheduled to be played during the 2026 Wild Card and ALDS.,https://www.ticketmaster.com/pinstripe-pass-2026-ny-yankees-v-bronx-new-york-09-30-2026/event/1D00652C03C7B2ED
2026-09-29T14:37:26+00:00,mlb_postseason,G5vVZ_3wSFHFF,2026 NY Yankees v Boston Red Sox Wild Card Game 2 * Premium Seating *,2026-09-30,20:00:00,False,onsale,Yankee Stadium,Bronx,,,,,2026-09-18T18:00:00Z,2026-10-01T01:00:00Z,Only a LIMITED number of Tickets (as determined by the Yankees in its sole and absolute discretion) will be made available during the presale.Maximum of eight (8) Tickets to each potential game scheduled to be played during the 2026 Wild Card and ALDS.,https://www.ticketmaster.com/2026-ny-yankees-v-boston-red-bronx-new-york-09-30-2026/event/1D00652CB323C208
2026-09-29T14:37:26+00:00,mlb_postseason,G5vVZ_3wS_H1X,2026 NY Yankees v Boston Red Sox Wild Card Game 3 * Premium Seating *,2026-10-01,20:00:00,False,onsale,Yankee Stadium,Bronx,,,,,2026-09-18T18:00:00Z,2026-10-02T01:00:00Z,Only a LIMITED number of Tickets (as determined by the Yankees in its sole and absolute discretion) will be made available during the presale.Maximum of eight (8) Tickets to each potential game scheduled to be played during the 2026 Wild Card and ALDS.,https://www.ticketmaster.com/2026-ny-yankees-v-boston-red-bronx-new-york-10-01-2026/event/1D00652CB367C2BE
2026-09-29T14:37:26+00:00,mlb_postseason,G5vVZ_3wWBCk9,2026 NY Yankees Division Series Home Game 1,2026-10-07,,True,offsale,Yankee Stadium,Bronx,,,,,2026-09-18T18:00:00Z,,Only a LIMITED number of Tickets (as determined by the Yankees in its sole and absolute discretion) will be made available during the presale.Maximum of eight (8) Tickets to each potential game scheduled to be played during the 2026 Wild Card and ALDS.,https://www.ticketmaster.com/2026-ny-yankees-division-series-home-bronx-new-york-10-07-2026/event/1D00652CBDE8E197
2026-09-29T14:37:26+00:00,mlb_postseason,G5vVZ_3YdVlG6,Pinstripe Pass * 2026 NY Yankees v Boston Red Sox Wild Card Game 3,2026-10-01,20:00:00,False,onsale,Yankee Stadium,Bronx,,,,,2026-09-18T18:00:00Z,2026-10-02T01:00:00Z,Only a LIMITED number of Tickets (as determined by the Yankees in its sole and absolute discretion) will be made available during the presale.Maximum of eight (8) Tickets to each potential game scheduled to be played during the 2026 Wild Card and ALDS.,https://www.ticketmaster.com/pinstripe-pass-2026-ny-yankees-v-bronx-new-york-10-01-2026/event/1D00652C03D2B307
2026-09-29T14:37:26+00:00,mlb_postseason,G5vVZ_3wXaCa8,2026 NY Yankees Division Series Home Game 2,2026-10-08,,True,offsale,Yankee Stadium,Bronx,,,,,2026-09-18T18:00:00Z,,Only a LIMITED number of Tickets (as determined by the Yankees in its sole and absolute discretion) will be made available during the presale.Maximum of eight (8) Tickets to each potential game scheduled to be played during the 2026 Wild Card and ALDS.,https://www.ticketmaster.com/2026-ny-yankees-division-series-home-bronx-new-york-10-08-2026/event/1D00652CBE24E250
2026-09-29T14:37:26+00:00,mlb_postseason,G5vVZ_3Y7oDKe,Pinstripe Pass * 2026 NY Yankees Division Series Home Game 1,2026-10-07,,True,offsale,Yankee Stadium,Bronx,,,,,2026-09-18T18:00:00Z,,Only a LIMITED number of Tickets (as determined by the Yankees in its sole and absolute discretion) will be made available during the presale.Maximum of eight (8) Tickets to each potential game scheduled to be played during the 2026 Wild Card and ALDS.,https://www.ticketmaster.com/pinstripe-pass-2026-ny-yankees-division-bronx-new-york-10-07-2026/event/1D00652C0447B4C2
2026-09-29T14:37:26+00:00,mlb_postseason,G5vVZ_3wSMGo3,2026 NY Yankees Division Series Home Game 1 * Premium Seating *,2026-10-07,,True,offsale,Yankee Stadium,Bronx,,,,,2026-09-18T18:00:00Z,,Only a LIMITED number of Tickets (as determined by the Yankees in its sole and absolute discretion) will be made available during the presale.Maximum of eight (8) Tickets to each potential game scheduled to be played during the 2026 Wild Card and ALDS.,https://www.ticketmaster.com/2026-ny-yankees-division-series-home-bronx-new-york-10-07-2026/event/1D00652CB3DCC452
2026-09-29T14:37:26+00:00,mlb_postseason,G5vVZ_3Y7ql4F,Pinstripe Pass * 2026 NY Yankees Division Series Home Game 2,2026-10-08,,True,offsale,Yankee Stadium,Bronx,,,,,2026-09-18T18:00:00Z,,Only a LIMITED number of Tickets (as determined by the Yankees in its sole and absolute discretion) will be made available during the presale.Maximum of eight (8) Tickets to each potential game scheduled to be played during the 2026 Wild Card and ALDS.,https://www.ticketmaster.com/pinstripe-pass-2026-ny-yankees-division-bronx-new-york-10-08-2026/event/1D00652C0476B548
2026-09-29T14:37:26+00:00,mlb_postseason,G5vVZ_3wzZqvA,2026 NY Yankees Division Series Home Game 2 * Premium Seating *,2026-10-08,,True,offsale,Yankee Stadium,Bronx,,,,,2026-09-18T18:00:00Z,,Only a LIMITED number of Tickets (as determined by the Yankees in its sole and absolute discretion) will be made available during the presale.Maximum of eight (8) Tickets to each potential game scheduled to be played during the 2026 Wild Card and ALDS.,https://www.ticketmaster.com/2026-ny-yankees-division-series-home-bronx-new-york-10-08-2026/event/1D00652CB801D045
2026-09-29T14:37:26+00:00,mlb_postseason,Z7r9jZ1AAZP3b,TBD at Los Angeles Dodgers: NLDS (Home Game 1),2026-10-03,18:08:00,False,onsale,UNIQLO Field at Dodger Stadium,Los Angeles,,,,,1900-01-01T18:00:00Z,2026-10-04T03:08:00Z,,https://www.ticketmaster.com/event/Z7r9jZ1AAZP3b
2026-09-29T14:37:26+00:00,mlb_postseason,Z7r9jZ1AAZP3_,TBD at Los Angeles Dodgers: NLDS (Home Game 2),2026-10-04,18:08:00,False,onsale,UNIQLO Field at Dodger Stadium,Los Angeles,,,,,1900-01-01T18:00:00Z,2026-10-05T03:08:00Z,,https://www.ticketmaster.com/event/Z7r9jZ1AAZP3_
2026-09-29T14:37:26+00:00,mlb_postseason,Z7r9jZ1AAZPfZ,"TBD at Los Angeles Dodgers: NLDS (Home Game 3, If Necessary)",2026-10-09,18:08:00,False,onsale,UNIQLO Field at Dodger Stadium,Los Angeles,,,,,1900-01-01T18:00:00Z,2026-10-10T03:08:00Z,,https://www.ticketmaster.com/event/Z7r9jZ1AAZPfZ
2026-09-29T14:37:26+00:00,mlb_postseason,Z7r9jZ1AAZMa7,Chicago Cubs at San Diego Padres: NL Wild Card (Home Game 1),2026-09-29,19:00:00,False,onsale,PETCO Park,San Diego,,,,,1900-01-01T18:00:00Z,2026-09-30T03:30:00Z,,https://www.ticketmaster.com/event/Z7r9jZ1AAZMa7
2026-09-29T14:37:26+00:00,mlb_postseason,Z7r9jZ1AAZIk6,Chicago Cubs at San Diego Padres: NL Wild Card (Home Game 2),2026-09-30,19:00:00,False,onsale,PETCO Park,San Diego,,,,,1900-01-01T18:00:00Z,2026-10-01T03:30:00Z,,https://www.ticketmaster.com/event/Z7r9jZ1AAZIk6
2026-09-29T14:37:26+00:00,mlb_postseason,vvG1zZ_o1HYDbV,Atlanta Braves Wild Card Game 1,2026-09-29,14:00:00,False,onsale,Truist Park,Atlanta,,,,,2026-09-17T17:00:00Z,2026-09-29T19:00:00Z,There is an overall 6 ticket limit for this event.,https://www.ticketmaster.com/atlanta-braves-wild-card-game-1-atlanta-georgia-09-29-2026/event/0E006512BCC3B634
2026-09-29T14:37:26+00:00,mlb_postseason,Z7r9jZ1AAZU4s,Chicago White Sox at Houston Astros: AL Wild Card (Home Game 1),2026-09-29,16:00:00,False,onsale,Daikin Park,Houston,,,,,1900-01-01T18:00:00Z,2026-09-29T22:30:00Z,,https://www.ticketmaster.com/event/Z7r9jZ1AAZU4s
2026-09-29T14:37:26+00:00,mlb_postseason,vvG1zZ_o1Hwh_e,Atlanta Braves Wild Card Game 2,2026-09-30,14:00:00,False,onsale,Truist Park,Atlanta,,,,,2026-09-17T17:00:00Z,2026-09-30T19:00:00Z,There is an overall 6 ticket limit for this event.,https://www.ticketmaster.com/atlanta-braves-wild-card-game-2-atlanta-georgia-09-30-2026/event/0E006512BCC9B642
2026-09-29T14:37:26+00:00,mlb_postseason,vvG1zZ_o1HSl_o,Atlanta Braves Wild Card Game 3,2026-10-01,,True,onsale,Truist Park,Atlanta,,,,,2026-09-17T17:00:00Z,2026-10-02T02:00:00Z,There is an overall 6 ticket limit for this event.,https://www.ticketmaster.com/atlanta-braves-wild-card-game-3-atlanta-georgia-10-01-2026/event/0E006512BCCEB651
2026-09-29T14:37:26+00:00,mlb_postseason,vvG18Z_GRS2g-o,ALDS Home Game 1,2026-10-07,,False,onsale,Rate Field,Chicago,,,,,2026-09-18T19:00:00Z,2026-10-07T05:00:00Z,There is a 6 ticket limit for this event.,https://www.ticketmaster.com/alds-home-game-1-chicago-illinois-10-07-2026/event/040064CBF33F5851
2026-09-29T14:37:26+00:00,mlb_postseason,Z7r9jZ1AAZIAy,"Chicago Cubs at San Diego Padres: NL Wild Card (Home Game 3, If Necessary)",2026-10-01,19:00:00,False,onsale,PETCO Park,San Diego,,,,,1900-01-01T18:00:00Z,2026-10-02T03:30:00Z,,https://www.ticketmaster.com/event/Z7r9jZ1AAZIAy
2026-09-29T14:37:26+00:00,mlb_postseason,Z7r9jZ1AAZU4Y,Chicago White Sox at Houston Astros: AL Wild Card (Home Game 2),2026-09-30,16:00:00,False,onsale,Daikin Park,Houston,,,,,1900-01-01T18:00:00Z,2026-09-30T22:30:00Z,,https://www.ticketmaster.com/event/Z7r9jZ1AAZU4Y
2026-09-29T14:37:26+00:00,mlb_postseason,vvG18Z_GRSog-J,ALDS Home Game 2,2026-10-08,,False,onsale,Rate Field,Chicago,,,,,2026-09-18T19:00:00Z,2026-10-08T05:00:00Z,There is a 6 ticket limit for this event.,https://www.ticketmaster.com/alds-home-game-2-chicago-illinois-10-08-2026/event/040064CBF3475866
2026-09-29T14:37:26+00:00,mlb_postseason,vvG1zZ_o5frqHF,Atlanta Braves Wild Card Game 1 * Premium Seating *,2026-09-29,14:00:00,False,onsale,Truist Park,Atlanta,,,,,2026-09-17T17:00:00Z,2026-09-29T19:00:00Z,There is an overall 6 ticket limit for this event.,https://www.ticketmaster.com/atlanta-braves-wild-card-game-1-atlanta-georgia-09-29-2026/event/0E006512D479DF08
2026-09-29T14:37:26+00:00,mlb_postseason,vvG1zZ_o1Hc5b9,Atlanta Braves NLDS Home Game 1,2026-10-06,,True,onsale,Truist Park,Atlanta,,,,,2026-09-17T17:00:00Z,2026-10-07T02:00:00Z,There is an overall 6 ticket limit for this event.,https://www.ticketmaster.com/atlanta-braves-nlds-home-game-1-atlanta-georgia-10-06-2026/event/0E006512BCB4B617
2026-09-29T14:37:26+00:00,mlb_postseason,vvG1zZ_o5fLcHf,Atlanta Braves Wild Card Game 2 * Premium Seating *,2026-09-30,14:00:00,False,onsale,Truist Park,Atlanta,,,,,2026-09-17T17:00:00Z,2026-09-30T19:00:00Z,There is an overall 6 ticket limit for this event.,https://www.ticketmaster.com/atlanta-braves-wild-card-game-2-atlanta-georgia-09-30-2026/event/0E006512D47EDF14
2026-09-29T14:37:26+00:00,mlb_postseason,G5vVZbzmDC45b,Postseason Pregame Tour*2026 Wild Card Game 2,2026-09-30,,True,offsale,Yankee Stadium,Bronx,,,,,,,There is a nineteen (19) ticket limit per Tour event.,https://www.ticketmaster.com/postseason-pregame-tour2026-wild-card-game-bronx-new-york-09-30-2026/event/1D00638BBB3952D8
2026-09-29T14:37:26+00:00,mlb_postseason,G5vVZbzmDC45f,Postseason Pregame Tour*2026 Wild Card Game 1,2026-09-29,,True,offsale,Yankee Stadium,Bronx,,,,,,,There is a nineteen (19) ticket limit per Tour event.,https://www.ticketmaster.com/postseason-pregame-tour2026-wild-card-game-bronx-new-york-09-29-2026/event/1D00638BBB3952D4
2026-09-29T14:37:26+00:00,mlb_postseason,G5vVZbzmDCP5Q,Postseason Pregame Tour*2026 Wild Card Game 3,2026-10-01,,True,offsale,Yankee Stadium,Bronx,,,,,,,There is a nineteen (19) ticket limit per Tour event.,https://www.ticketmaster.com/postseason-pregame-tour2026-wild-card-game-bronx-new-york-10-01-2026/event/1D00638BBB3A52DA
2026-09-29T14:37:26+00:00,mlb_postseason,G5vVZbydnigr-,Postseason Premium Pregame Tour*2026 Wild Card Game 1,2026-09-29,,True,offsale,Yankee Stadium,Bronx,,,,,,,There is a nine (9) ticket limit per Tour event.,https://www.ticketmaster.com/postseason-premium-pregame-tour2026-wild-card-bronx-new-york-09-29-2026/event/1D006390EAB357A1
2026-09-29T14:37:26+00:00,mlb_postseason,G5vVZbydnigrN,Postseason Premium Pregame Tour*2026 Wild Card Game 2,2026-09-30,,True,offsale,Yankee Stadium,Bronx,,,,,,,There is a nine (9) ticket limit per Tour event.,https://www.ticketmaster.com/postseason-premium-pregame-tour2026-wild-card-bronx-new-york-09-30-2026/event/1D006390EAB357A3
2026-09-29T14:37:26+00:00,mlb_postseason,G5vVZbzRDh9cV,Postseason Pregame Glimpse of Greatness Tour*2026 Wild Card Game 1,2026-09-29,,True,offsale,Yankee Stadium,Bronx,,,,,,,There is a nineteen (19) ticket limit per Tour event.,https://www.ticketmaster.com/postseason-pregame-glimpse-of-greatness-tour2026-bronx-new-york-09-29-2026/event/1D00638BFB6D7B74
2026-09-29T14:37:26+00:00,mlb_postseason,G5vVZbzRDhEcU,Postseason Pregame Glimpse of Greatness Tour*2026 Wild Card Game 2,2026-09-30,,True,offsale,Yankee Stadium,Bronx,,,,,,,There is a nineteen (19) ticket limit per Tour event.,https://www.ticketmaster.com/postseason-pregame-glimpse-of-greatness-tour2026-bronx-new-york-09-30-2026/event/1D00638BFB6E7B76
2026-09-29T14:37:26+00:00,mlb_postseason,G5vVZbydnigrP,Postseason Premium Pregame Tour*2026 Wild Card Game 3,2026-10-01,,True,offsale,Yankee Stadium,Bronx,,,,,,,There is a nine (9) ticket limit per Tour event.,https://www.ticketmaster.com/postseason-premium-pregame-tour2026-wild-card-bronx-new-york-10-01-2026/event/1D006390EAB357A5
2026-09-29T14:37:26+00:00,mlb_postseason,G5vVZbzRDhEcz,Postseason Pregame Glimpse of Greatness Tour*2026 Wild Card Game 3,2026-10-01,,True,offsale,Yankee Stadium,Bronx,,,,,,,There is a nineteen (19) ticket limit per Tour event.,https://www.ticketmaster.com/postseason-pregame-glimpse-of-greatness-tour2026-bronx-new-york-10-01-2026/event/1D00638BFB6E7B78
2026-09-29T14:37:26+00:00,mlb_postseason,vvG1zZ_o5fOWHh,Atlanta Braves Wild Card Game 3 * Premium Seating *,2026-10-01,,True,onsale,Truist Park,Atlanta,,,,,2026-09-17T17:00:00Z,2026-10-02T02:00:00Z,There is an overall 6 ticket limit for this event.,https://www.ticketmaster.com/atlanta-braves-wild-card-game-3-atlanta-georgia-10-01-2026/event/0E006512D483DF1B
2026-09-29T14:37:26+00:00,mlb_postseason,Z7r9jZ1AAZ4fk,TBD at Cleveland Guardians: ALDS (Home Game 1),2026-10-03,,True,onsale,Progressive Field,Cleveland,,,,,1900-01-01T18:00:00Z,2026-10-04T04:29:20Z,,https://www.ticketmaster.com/event/Z7r9jZ1AAZ4fk
2026-09-29T14:37:26+00:00,mlb_postseason,vvG1zZ_o1HmhbP,Atlanta Braves NLDS Home Game 2,2026-10-07,,True,onsale,Truist Park,Atlanta,,,,,2026-09-17T17:00:00Z,2026-10-08T02:00:00Z,There is an overall 6 ticket limit for this event.,https://www.ticketmaster.com/atlanta-braves-nlds-home-game-2-atlanta-georgia-10-07-2026/event/0E006512BCB9B625
2026-09-29T14:37:26+00:00,mlb_postseason,vvG18Z_GRS4Axp,ALCS Home Game 1,2026-10-15,,False,onsale,Rate Field,Chicago,,,,,2026-09-18T19:00:00Z,2026-10-15T05:00:00Z,There is a 6 ticket limit for this event.,https://www.ticketmaster.com/alcs-home-game-1-chicago-illinois-10-15-2026/event/040064CBF3545896
2026-09-29T14:37:26+00:00,mlb_postseason,vvG1zZ_o1HRlbR,Atlanta Braves NLDS Home Game 3,2026-10-09,,False,cancelled,Truist Park,Atlanta,,,,,2026-09-17T17:00:00Z,2026-10-09T05:00:00Z,There is an overall 6 ticket limit for this event.,https://www.ticketmaster.com/atlanta-braves-nlds-home-game-3-atlanta-georgia-10-09-2026/event/0E006512BCBEB62F
2026-09-29T14:37:26+00:00,mlb_postseason,vvG1zZ_o5fhuDl,Atlanta Braves NLDS Home Game 1 * Premium Seating *,2026-10-06,,True,onsale,Truist Park,Atlanta,,,,,2026-09-17T17:00:00Z,2026-10-07T02:00:00Z,There is an overall 6 ticket limit for this event.,https://www.ticketmaster.com/atlanta-braves-nlds-home-game-1-atlanta-georgia-10-06-2026/event/0E006512D46CDEEB
2026-09-29T14:37:26+00:00,mlb_postseason,vvG1zZ_o5fjqDm,Atlanta Braves NLDS Home Game 2 * Premium Seating *,2026-10-07,,True,onsale,Truist Park,Atlanta,,,,,2026-09-17T17:00:00Z,2026-10-08T02:00:00Z,There is an overall 6 ticket limit for this event.,https://www.ticketmaster.com/atlanta-braves-nlds-home-game-2-atlanta-georgia-10-07-2026/event/0E006512D471DEEE
2026-09-29T14:37:26+00:00,mlb_postseason,vvG18Z_GRSpPxP,ALCS Home Game 2,2026-10-16,,False,onsale,Rate Field,Chicago,,,,,2026-09-18T19:00:00Z,2026-10-16T05:00:00Z,There is a 6 ticket limit for this event.,https://www.ticketmaster.com/alcs-home-game-2-chicago-illinois-10-16-2026/event/040064CBF35A58A5
2026-09-29T14:37:26+00:00,mlb_postseason,vvG1zZ_o5fqqDy,Atlanta Braves NLDS Home Game 3 * Premium Seating *,2026-10-09,,False,cancelled,Truist Park,Atlanta,,,,,2026-09-17T17:00:00Z,2026-10-09T05:00:00Z,There is an overall 6 ticket limit for this event.,https://www.ticketmaster.com/atlanta-braves-nlds-home-game-3-atlanta-georgia-10-09-2026/event/0E006512D475DEF9
2026-09-29T14:37:26+00:00,mlb_postseason,vvG18Z_GRSb4xs,ALCS Home Game 3,2026-10-17,,False,onsale,Rate Field,Chicago,,,,,2026-09-18T19:00:00Z,2026-10-17T05:00:00Z,There is a 6 ticket limit for this event.,https://www.ticketmaster.com/alcs-home-game-3-chicago-illinois-10-17-2026/event/040064CBF36158B1
2026-09-29T14:37:26+00:00,mlb_postseason,Z7r9jZ1AAZ4Gz,"Chicago White Sox at Houston Astros: AL Wild Card (Home Game 3, If Necessary)",2026-10-01,16:00:00,False,onsale,Daikin Park,Houston,,,,,1900-01-01T06:00:00Z,2026-10-01T22:30:00Z,,https://www.ticketmaster.com/event/Z7r9jZ1AAZ4Gz
2026-09-29T14:37:26+00:00,mlb_postseason,1kk8vPk6GAuJdJu,NLCS Home Game 3,2026-10-16,,True,cancelled,Chase Field,Phoenix,,,,,2026-09-25T16:00:00Z,2026-10-17T05:00:00Z,There is an eight (8) ticket limit for this event.,https://www.ticketmaster.com/nlcs-home-game-3-phoenix-arizona-10-16-2026/event/190065187D98398D
2026-09-29T14:37:26+00:00,mlb_postseason,Z7r9jZ1AAZ4f6,TBD at Cleveland Guardians: ALDS (Home Game 2),2026-10-05,,True,onsale,Progressive Field,Cleveland,,,,,1900-01-01T18:00:00Z,2026-10-06T04:29:20Z,,https://www.ticketmaster.com/event/Z7r9jZ1AAZ4f6
2026-09-29T14:37:26+00:00,mlb_postseason,Z7r9jZ1AAZ437,"TBD at Cleveland Guardians: ALDS (Home Game 3, If Necessary)",2026-10-10,,True,onsale,Progressive Field,Cleveland,,,,,1900-01-01T18:00:00Z,2026-10-11T04:29:20Z,,https://www.ticketmaster.com/event/Z7r9jZ1AAZ437
2026-09-29T14:37:26+00:00,mlb_postseason,Z7r9jZ1A7JpJ3,TBD at Milwaukee Brewers: NLDS (Home Game 1),2026-10-03,19:00:00,False,onsale,American Family Field,Milwaukee,,,,,1900-01-01T18:00:00Z,2026-10-04T01:30:00Z,,https://www.ticketmaster.com/event/Z7r9jZ1A7JpJ3
2026-09-29T14:37:26+00:00,mlb_postseason,Z7r9jZ1AAZ4Gw,TBD at Tampa Bay Rays: ALDS (Home Game 1),2026-10-03,00:00:00,False,onsale,Tropicana Field,Saint Petersburg,,,,,1900-01-01T06:00:00Z,2026-10-03T05:30:00Z,,https://www.ticketmaster.com/event/Z7r9jZ1AAZ4Gw
2026-09-29T14:37:26+00:00,mlb_postseason,Z7r9jZ1AAZ4Gs,TBD at Tampa Bay Rays: ALDS (Home Game 2),2026-10-05,00:00:00,False,onsale,Tropicana Field,Saint Petersburg,,,,,1900-01-01T06:00:00Z,2026-10-05T05:30:00Z,,https://www.ticketmaster.com/event/Z7r9jZ1AAZ4Gs
2026-09-29T14:37:26+00:00,mlb_postseason,Z7r9jZ1AAZ4uo,"TBD at Tampa Bay Rays: ALDS (Home Game 3, If Necessary)",2026-10-10,00:00:00,False,onsale,Tropicana Field,Saint Petersburg,,,,,1900-01-01T06:00:00Z,2026-10-10T05:30:00Z,,https://www.ticketmaster.com/event/Z7r9jZ1AAZ4uo
2026-09-29T14:37:26+00:00,mlb_postseason,Z7r9jZ1A7JpP0,TBD at Milwaukee Brewers: NLDS (Home Game 2),2026-10-04,19:00:00,False,onsale,American Family Field,Milwaukee,,,,,1900-01-01T18:00:00Z,2026-10-05T01:30:00Z,,https://www.ticketmaster.com/event/Z7r9jZ1A7JpP0
2026-09-29T14:37:26+00:00,mlb_postseason,Z7r9jZ1AAZEj4,"TBD at Milwaukee Brewers: NLDS (Home Game 3, If Necessary)",2026-10-09,19:00:00,False,onsale,American Family Field,Milwaukee,,,,,1900-01-01T18:00:00Z,2026-10-10T01:30:00Z,,https://www.ticketmaster.com/event/Z7r9jZ1AAZEj4
2026-09-29T14:37:26+00:00,nfl_metlife,k7vGF_a6ecuTM,New York Giants vs. Arizona Cardinals,2026-10-04,13:00:00,False,onsale,MetLife Stadium,East Rutherford,,,,,2026-05-14T23:30:00Z,2026-10-04T18:00:00Z,There is a six (6) ticket limit per household.,https://www.ticketmaster.com/new-york-giants-vs-arizona-cardinals-east-rutherford-new-jersey-10-04-2026/event/00006491C2B4DFF7
2026-09-29T14:37:26+00:00,nfl_metlife,k7vGF_a6eVCZ0,New York Giants vs. New Orleans Saints,2026-10-18,13:00:00,False,onsale,MetLife Stadium,East Rutherford,,,,,2026-05-14T23:30:00Z,2026-10-18T18:00:00Z,There is a six (6) ticket limit per household.,https://www.ticketmaster.com/new-york-giants-vs-new-orleans-east-rutherford-new-jersey-10-18-2026/event/00006491C2D0E024
2026-09-29T14:37:26+00:00,nfl_metlife,k7vGF_a6ezmvd,New York Giants vs. San Francisco 49ers,2026-12-06,13:00:00,False,onsale,MetLife Stadium,East Rutherford,,,,,2026-05-14T23:30:00Z,2026-12-06T19:00:00Z,There is a six (6) ticket limit per household.,https://www.ticketmaster.com/new-york-giants-vs-san-francisco-east-rutherford-new-jersey-12-06-2026/event/00006491C2E2E043
2026-09-29T14:37:26+00:00,nfl_metlife,k7vGF_a6ewmZ_,New York Giants vs. Jacksonville Jaguars,2026-11-22,13:00:00,False,onsale,MetLife Stadium,East Rutherford,,,,,2026-05-14T23:30:00Z,2026-11-22T19:00:00Z,There is a six (6) ticket limit per household.,https://www.ticketmaster.com/new-york-giants-vs-jacksonville-jaguars-east-rutherford-new-jersey-11-22-2026/event/00006491C2CAE019
2026-09-29T14:37:26+00:00,nfl_metlife,k7vGF_a6eRmZe,New York Giants vs. Cleveland Browns,2026-12-20,13:00:00,False,onsale,MetLife Stadium,East Rutherford,,,,,2026-05-14T23:30:00Z,2026-12-20T19:00:00Z,There is a six (6) ticket limit per household.,https://www.ticketmaster.com/new-york-giants-vs-cleveland-browns-east-rutherford-new-jersey-12-20-2026/event/00006491C2BEE002
2026-09-29T14:37:26+00:00,nfl_metlife,k7vGF_a6eDmv8,New York Giants vs. Washington Commanders,2026-11-12,20:15:00,False,onsale,MetLife Stadium,East Rutherford,,,,,2026-05-14T23:30:00Z,2026-11-13T02:15:00Z,There is a six (6) ticket limit per household.,https://www.ticketmaster.com/new-york-giants-vs-washington-commanders-east-rutherford-new-jersey-11-12-2026/event/00006491C2EEE050
2026-09-29T14:37:26+00:00,nfl_metlife,k7vGF_FN-EYBU,New York Jets v. Buffalo Bills,2026-11-15,13:00:00,False,onsale,MetLife Stadium,East Rutherford,,,,,2026-05-15T16:00:00Z,2026-11-15T19:00:00Z,There is a six (6) ticket limit per account.,https://www.ticketmaster.com/new-york-jets-v-buffalo-bills-east-rutherford-new-jersey-11-15-2026/event/00006488E19F0EB6
2026-09-29T14:37:26+00:00,nfl_metlife,k7vGF_FN-xZy2,New York Jets v. Las Vegas Raiders,2026-11-01,13:00:00,False,onsale,MetLife Stadium,East Rutherford,,,,,2026-05-15T16:00:00Z,2026-11-01T19:00:00Z,There is a six (6) ticket limit per account.,https://www.ticketmaster.com/new-york-jets-v-las-vegas-east-rutherford-new-jersey-11-01-2026/event/00006488E1880E4F
2026-09-29T14:37:26+00:00,nfl_metlife,k7vGF_FN-J8Bt,New York Jets v. Cleveland Browns,2026-10-11,13:00:00,False,onsale,MetLife Stadium,East Rutherford,,,,,2026-05-15T16:00:00Z,2026-10-11T18:00:00Z,There is a six (6) ticket limit per account.,https://www.ticketmaster.com/new-york-jets-v-cleveland-browns-east-rutherford-new-jersey-10-11-2026/event/00006488E1990EA9
2026-09-29T14:37:26+00:00,nfl_metlife,k7vGF_FN-PZB_,New York Jets v. Denver Broncos,2026-12-13,13:00:00,False,onsale,MetLife Stadium,East Rutherford,,,,,2026-05-15T16:00:00Z,2026-12-13T19:00:00Z,There is a six (6) ticket limit per account.,https://www.ticketmaster.com/new-york-jets-v-denver-broncos-east-rutherford-new-jersey-12-13-2026/event/00006488E1940E99
2026-09-29T14:37:26+00:00,nfl_metlife,k7vGF_FN-OOzB,New York Jets v. Miami Dolphins,2026-10-25,13:00:00,False,onsale,MetLife Stadium,East Rutherford,,,,,2026-05-15T16:00:00Z,2026-10-25T18:00:00Z,There is a six (6) ticket limit per account.,https://www.ticketmaster.com/new-york-jets-v-miami-dolphins-east-rutherford-new-jersey-10-25-2026/event/00006488E1820E3A
2026-09-29T14:37:26+00:00,nfl_metlife,k7vGF_FN-LZzc,New York Jets v. Minnesota Vikings,2027-01-03,13:00:00,False,onsale,MetLife Stadium,East Rutherford,,,,,2026-05-15T16:00:00Z,2027-01-03T19:00:00Z,There is a six (6) ticket limit per account.,https://www.ticketmaster.com/new-york-jets-v-minnesota-vikings-east-rutherford-new-jersey-01-03-2027/event/00006488E17C0E2D
2026-09-29T14:37:26+00:00,nfl_metlife,k7vGF_FN-qYMW,New York Jets v. New England Patriots,2026-12-27,13:00:00,False,onsale,MetLife Stadium,East Rutherford,,,,,2026-05-15T16:00:00Z,2026-12-27T19:00:00Z,There is a six (6) ticket limit per account.,https://www.ticketmaster.com/new-york-jets-v-new-england-east-rutherford-new-jersey-12-27-2026/event/00006488E1770DFD
2026-09-29T14:39:09+00:00,mlb_postseason,G5vVZ_3wH1uYn,2026 NY Yankees v Boston Red Sox Wild Card Game 1,2026-09-29,20:00:00,False,onsale,Yankee Stadium,Bronx,,,,,2026-09-18T18:00:00Z,2026-09-30T01:00:00Z,Only a LIMITED number of Tickets (as determined by the Yankees in its sole and absolute discretion) will be made available during the presale.Maximum of eight (8) Tickets to each potential game scheduled to be played during the 2026 Wild Card and ALDS.,https://www.ticketmaster.com/2026-ny-yankees-v-boston-red-bronx-new-york-09-29-2026/event/1D00652CBC28DC2A
2026-09-29T14:39:09+00:00,mlb_postseason,G5vVZ_3wWEXeS,2026 NY Yankees v Boston Red Sox Wild Card Game 2,2026-09-30,20:00:00,False,onsale,Yankee Stadium,Bronx,,,,,2026-09-18T18:00:00Z,2026-10-01T01:00:00Z,Only a LIMITED number of Tickets (as determined by the Yankees in its sole and absolute discretion) will be made available during the presale.Maximum of eight (8) Tickets to each potential game scheduled to be played during the 2026 Wild Card and ALDS.,https://www.ticketmaster.com/2026-ny-yankees-v-boston-red-bronx-new-york-09-30-2026/event/1D00652CBD9FE0B3
2026-09-29T14:39:09+00:00,mlb_postseason,G5vVZ_3wWiXdW,2026 NY Yankees v Boston Red Sox Wild Card Game 3,2026-10-01,20:00:00,False,onsale,Yankee Stadium,Bronx,,,,,2026-09-18T18:00:00Z,2026-10-02T01:00:00Z,Only a LIMITED number of Tickets (as determined by the Yankees in its sole and absolute discretion) will be made available during the presale.Maximum of eight (8) Tickets to each potential game scheduled to be played during the 2026 Wild Card and ALDS.,https://www.ticketmaster.com/2026-ny-yankees-v-boston-red-bronx-new-york-10-01-2026/event/1D00652CBDB3E0FD
2026-09-29T14:39:09+00:00,mlb_postseason,G5vVZ_3Yebnyg,Pinstripe Pass * 2026 NY Yankees v Boston Red Sox Wild Card Game 1,2026-09-29,20:00:00,False,onsale,Yankee Stadium,Bronx,,,,,2026-09-18T18:00:00Z,2026-09-30T01:00:00Z,Only a LIMITED number of Tickets (as determined by the Yankees in its sole and absolute discretion) will be made available during the presale.Maximum of eight (8) Tickets to each potential game scheduled to be played during the 2026 Wild Card and ALDS.,https://www.ticketmaster.com/pinstripe-pass-2026-ny-yankees-v-bronx-new-york-09-29-2026/event/1D00652C0262AE75
2026-09-29T14:39:09+00:00,mlb_postseason,G5vVZ_3wcRlFC,2026 NY Yankees v Boston Red Sox Wild Card Game 1 * Premium Seating *,2026-09-29,20:00:00,False,onsale,Yankee Stadium,Bronx,,,,,2026-09-18T18:00:00Z,2026-09-30T01:00:00Z,Only a LIMITED number of Tickets (as determined by the Yankees in its sole and absolute discretion) will be made available during the presale.Maximum of eight (8) Tickets to each potential game scheduled to be played during the 2026 Wild Card and ALDS.,https://www.ticketmaster.com/2026-ny-yankees-v-boston-red-bronx-new-york-09-29-2026/event/1D00652CADBEB20E
2026-09-29T14:39:09+00:00,mlb_postseason,G5vVZ_3YdsD5c,Pinstripe Pass * 2026 NY Yankees v Boston Red Sox Wild Card Game 2,2026-09-30,20:00:00,False,onsale,Yankee Stadium,Bronx,,,,,2026-09-18T18:00:00Z,2026-10-01T01:00:00Z,Only a LIMITED number of Tickets (as determined by the Yankees in its sole and absolute discretion) will be made available during the presale.Maximum of eight (8) Tickets to each potential game scheduled to be played during the 2026 Wild Card and ALDS.,https://www.ticketmaster.com/pinstripe-pass-2026-ny-yankees-v-bronx-new-york-09-30-2026/event/1D00652C03C7B2ED
2026-09-29T14:39:09+00:00,mlb_postseason,G5vVZ_3wSFHFF,2026 NY Yankees v Boston Red Sox Wild Card Game 2 * Premium Seating *,2026-09-30,20:00:00,False,onsale,Yankee Stadium,Bronx,,,,,2026-09-18T18:00:00Z,2026-10-01T01:00:00Z,Only a LIMITED number of Tickets (as determined by the Yankees in its sole and absolute discretion) will be made available during the presale.Maximum of eight (8) Tickets to each potential game scheduled to be played during the 2026 Wild Card and ALDS.,https://www.ticketmaster.com/2026-ny-yankees-v-boston-red-bronx-new-york-09-30-2026/event/1D00652CB323C208
2026-09-29T14:39:09+00:00,mlb_postseason,G5vVZ_3wS_H1X,2026 NY Yankees v Boston Red Sox Wild Card Game 3 * Premium Seating *,2026-10-01,20:00:00,False,onsale,Yankee Stadium,Bronx,,,,,2026-09-18T18:00:00Z,2026-10-02T01:00:00Z,Only a LIMITED number of Tickets (as determined by the Yankees in its sole and absolute discretion) will be made available during the presale.Maximum of eight (8) Tickets to each potential game scheduled to be played during the 2026 Wild Card and ALDS.,https://www.ticketmaster.com/2026-ny-yankees-v-boston-red-bronx-new-york-10-01-2026/event/1D00652CB367C2BE
2026-09-29T14:39:09+00:00,mlb_postseason,G5vVZ_3wWBCk9,2026 NY Yankees Division Series Home Game 1,2026-10-07,,True,offsale,Yankee Stadium,Bronx,,,,,2026-09-18T18:00:00Z,,Only a LIMITED number of Tickets (as determined by the Yankees in its sole and absolute discretion) will be made available during the presale.Maximum of eight (8) Tickets to each potential game scheduled to be played during the 2026 Wild Card and ALDS.,https://www.ticketmaster.com/2026-ny-yankees-division-series-home-bronx-new-york-10-07-2026/event/1D00652CBDE8E197
2026-09-29T14:39:09+00:00,mlb_postseason,G5vVZ_3YdVlG6,Pinstripe Pass * 2026 NY Yankees v Boston Red Sox Wild Card Game 3,2026-10-01,20:00:00,False,onsale,Yankee Stadium,Bronx,,,,,2026-09-18T18:00:00Z,2026-10-02T01:00:00Z,Only a LIMITED number of Tickets (as determined by the Yankees in its sole and absolute discretion) will be made available during the presale.Maximum of eight (8) Tickets to each potential game scheduled to be played during the 2026 Wild Card and ALDS.,https://www.ticketmaster.com/pinstripe-pass-2026-ny-yankees-v-bronx-new-york-10-01-2026/event/1D00652C03D2B307
2026-09-29T14:39:09+00:00,mlb_postseason,G5vVZ_3wXaCa8,2026 NY Yankees Division Series Home Game 2,2026-10-08,,True,offsale,Yankee Stadium,Bronx,,,,,2026-09-18T18:00:00Z,,Only a LIMITED number of Tickets (as determined by the Yankees in its sole and absolute discretion) will be made available during the presale.Maximum of eight (8) Tickets to each potential game scheduled to be played during the 2026 Wild Card and ALDS.,https://www.ticketmaster.com/2026-ny-yankees-division-series-home-bronx-new-york-10-08-2026/event/1D00652CBE24E250
2026-09-29T14:39:09+00:00,mlb_postseason,G5vVZ_3Y7oDKe,Pinstripe Pass * 2026 NY Yankees Division Series Home Game 1,2026-10-07,,True,offsale,Yankee Stadium,Bronx,,,,,2026-09-18T18:00:00Z,,Only a LIMITED number of Tickets (as determined by the Yankees in its sole and absolute discretion) will be made available during the presale.Maximum of eight (8) Tickets to each potential game scheduled to be played during the 2026 Wild Card and ALDS.,https://www.ticketmaster.com/pinstripe-pass-2026-ny-yankees-division-bronx-new-york-10-07-2026/event/1D00652C0447B4C2
2026-09-29T14:39:09+00:00,mlb_postseason,G5vVZ_3wSMGo3,2026 NY Yankees Division Series Home Game 1 * Premium Seating *,2026-10-07,,True,offsale,Yankee Stadium,Bronx,,,,,2026-09-18T18:00:00Z,,Only a LIMITED number of Tickets (as determined by the Yankees in its sole and absolute discretion) will be made available during the presale.Maximum of eight (8) Tickets to each potential game scheduled to be played during the 2026 Wild Card and ALDS.,https://www.ticketmaster.com/2026-ny-yankees-division-series-home-bronx-new-york-10-07-2026/event/1D00652CB3DCC452
2026-09-29T14:39:09+00:00,mlb_postseason,G5vVZ_3Y7ql4F,Pinstripe Pass * 2026 NY Yankees Division Series Home Game 2,2026-10-08,,True,offsale,Yankee Stadium,Bronx,,,,,2026-09-18T18:00:00Z,,Only a LIMITED number of Tickets (as determined by the Yankees in its sole and absolute discretion) will be made available during the presale.Maximum of eight (8) Tickets to each potential game scheduled to be played during the 2026 Wild Card and ALDS.,https://www.ticketmaster.com/pinstripe-pass-2026-ny-yankees-division-bronx-new-york-10-08-2026/event/1D00652C0476B548
2026-09-29T14:39:09+00:00,mlb_postseason,G5vVZ_3wzZqvA,2026 NY Yankees Division Series Home Game 2 * Premium Seating *,2026-10-08,,True,offsale,Yankee Stadium,Bronx,,,,,2026-09-18T18:00:00Z,,Only a LIMITED number of Tickets (as determined by the Yankees in its sole and absolute discretion) will be made available during the presale.Maximum of eight (8) Tickets to each potential game scheduled to be played during the 2026 Wild Card and ALDS.,https://www.ticketmaster.com/2026-ny-yankees-division-series-home-bronx-new-york-10-08-2026/event/1D00652CB801D045
2026-09-29T14:39:09+00:00,mlb_postseason,Z7r9jZ1AAZP3b,TBD at Los Angeles Dodgers: NLDS (Home Game 1),2026-10-03,18:08:00,False,onsale,UNIQLO Field at Dodger Stadium,Los Angeles,,,,,1900-01-01T18:00:00Z,2026-10-04T03:08:00Z,,https://www.ticketmaster.com/event/Z7r9jZ1AAZP3b
2026-09-29T14:39:09+00:00,mlb_postseason,Z7r9jZ1AAZP3_,TBD at Los Angeles Dodgers: NLDS (Home Game 2),2026-10-04,18:08:00,False,onsale,UNIQLO Field at Dodger Stadium,Los Angeles,,,,,1900-01-01T18:00:00Z,2026-10-05T03:08:00Z,,https://www.ticketmaster.com/event/Z7r9jZ1AAZP3_
2026-09-29T14:39:09+00:00,mlb_postseason,Z7r9jZ1AAZPfZ,"TBD at Los Angeles Dodgers: NLDS (Home Game 3, If Necessary)",2026-10-09,18:08:00,False,onsale,UNIQLO Field at Dodger Stadium,Los Angeles,,,,,1900-01-01T18:00:00Z,2026-10-10T03:08:00Z,,https://www.ticketmaster.com/event/Z7r9jZ1AAZPfZ
2026-09-29T14:39:09+00:00,mlb_postseason,Z7r9jZ1AAZMa7,Chicago Cubs at San Diego Padres: NL Wild Card (Home Game 1),2026-09-29,19:00:00,False,onsale,PETCO Park,San Diego,,,,,1900-01-01T18:00:00Z,2026-09-30T03:30:00Z,,https://www.ticketmaster.com/event/Z7r9jZ1AAZMa7
2026-09-29T14:39:09+00:00,mlb_postseason,Z7r9jZ1AAZIk6,Chicago Cubs at San Diego Padres: NL Wild Card (Home Game 2),2026-09-30,19:00:00,False,onsale,PETCO Park,San Diego,,,,,1900-01-01T18:00:00Z,2026-10-01T03:30:00Z,,https://www.ticketmaster.com/event/Z7r9jZ1AAZIk6
2026-09-29T14:39:09+00:00,mlb_postseason,vvG1zZ_o1HYDbV,Atlanta Braves Wild Card Game 1,2026-09-29,14:00:00,False,onsale,Truist Park,Atlanta,,,,,2026-09-17T17:00:00Z,2026-09-29T19:00:00Z,There is an overall 6 ticket limit for this event.,https://www.ticketmaster.com/atlanta-braves-wild-card-game-1-atlanta-georgia-09-29-2026/event/0E006512BCC3B634
2026-09-29T14:39:09+00:00,mlb_postseason,Z7r9jZ1AAZU4s,Chicago White Sox at Houston Astros: AL Wild Card (Home Game 1),2026-09-29,16:00:00,False,onsale,Daikin Park,Houston,,,,,1900-01-01T18:00:00Z,2026-09-29T22:30:00Z,,https://www.ticketmaster.com/event/Z7r9jZ1AAZU4s
2026-09-29T14:39:09+00:00,mlb_postseason,vvG1zZ_o1Hwh_e,Atlanta Braves Wild Card Game 2,2026-09-30,14:00:00,False,onsale,Truist Park,Atlanta,,,,,2026-09-17T17:00:00Z,2026-09-30T19:00:00Z,There is an overall 6 ticket limit for this event.,https://www.ticketmaster.com/atlanta-braves-wild-card-game-2-atlanta-georgia-09-30-2026/event/0E006512BCC9B642
2026-09-29T14:39:09+00:00,mlb_postseason,vvG1zZ_o1HSl_o,Atlanta Braves Wild Card Game 3,2026-10-01,,True,onsale,Truist Park,Atlanta,,,,,2026-09-17T17:00:00Z,2026-10-02T02:00:00Z,There is an overall 6 ticket limit for this event.,https://www.ticketmaster.com/atlanta-braves-wild-card-game-3-atlanta-georgia-10-01-2026/event/0E006512BCCEB651
2026-09-29T14:39:09+00:00,mlb_postseason,vvG18Z_GRS2g-o,ALDS Home Game 1,2026-10-07,,False,onsale,Rate Field,Chicago,,,,,2026-09-18T19:00:00Z,2026-10-07T05:00:00Z,There is a 6 ticket limit for this event.,https://www.ticketmaster.com/alds-home-game-1-chicago-illinois-10-07-2026/event/040064CBF33F5851
2026-09-29T14:39:09+00:00,mlb_postseason,Z7r9jZ1AAZIAy,"Chicago Cubs at San Diego Padres: NL Wild Card (Home Game 3, If Necessary)",2026-10-01,19:00:00,False,onsale,PETCO Park,San Diego,,,,,1900-01-01T18:00:00Z,2026-10-02T03:30:00Z,,https://www.ticketmaster.com/event/Z7r9jZ1AAZIAy
2026-09-29T14:39:09+00:00,mlb_postseason,Z7r9jZ1AAZU4Y,Chicago White Sox at Houston Astros: AL Wild Card (Home Game 2),2026-09-30,16:00:00,False,onsale,Daikin Park,Houston,,,,,1900-01-01T18:00:00Z,2026-09-30T22:30:00Z,,https://www.ticketmaster.com/event/Z7r9jZ1AAZU4Y
2026-09-29T14:39:09+00:00,mlb_postseason,vvG18Z_GRSog-J,ALDS Home Game 2,2026-10-08,,False,onsale,Rate Field,Chicago,,,,,2026-09-18T19:00:00Z,2026-10-08T05:00:00Z,There is a 6 ticket limit for this event.,https://www.ticketmaster.com/alds-home-game-2-chicago-illinois-10-08-2026/event/040064CBF3475866
2026-09-29T14:39:09+00:00,mlb_postseason,vvG1zZ_o5frqHF,Atlanta Braves Wild Card Game 1 * Premium Seating *,2026-09-29,14:00:00,False,onsale,Truist Park,Atlanta,,,,,2026-09-17T17:00:00Z,2026-09-29T19:00:00Z,There is an overall 6 ticket limit for this event.,https://www.ticketmaster.com/atlanta-braves-wild-card-game-1-atlanta-georgia-09-29-2026/event/0E006512D479DF08
2026-09-29T14:39:09+00:00,mlb_postseason,vvG1zZ_o1Hc5b9,Atlanta Braves NLDS Home Game 1,2026-10-06,,True,onsale,Truist Park,Atlanta,,,,,2026-09-17T17:00:00Z,2026-10-07T02:00:00Z,There is an overall 6 ticket limit for this event.,https://www.ticketmaster.com/atlanta-braves-nlds-home-game-1-atlanta-georgia-10-06-2026/event/0E006512BCB4B617
2026-09-29T14:39:09+00:00,mlb_postseason,vvG1zZ_o5fLcHf,Atlanta Braves Wild Card Game 2 * Premium Seating *,2026-09-30,14:00:00,False,onsale,Truist Park,Atlanta,,,,,2026-09-17T17:00:00Z,2026-09-30T19:00:00Z,There is an overall 6 ticket limit for this event.,https://www.ticketmaster.com/atlanta-braves-wild-card-game-2-atlanta-georgia-09-30-2026/event/0E006512D47EDF14
2026-09-29T14:39:09+00:00,mlb_postseason,G5vVZbzmDC45f,Postseason Pregame Tour*2026 Wild Card Game 1,2026-09-29,,True,offsale,Yankee Stadium,Bronx,,,,,,,There is a nineteen (19) ticket limit per Tour event.,https://www.ticketmaster.com/postseason-pregame-tour2026-wild-card-game-bronx-new-york-09-29-2026/event/1D00638BBB3952D4
2026-09-29T14:39:09+00:00,mlb_postseason,G5vVZbzmDC45b,Postseason Pregame Tour*2026 Wild Card Game 2,2026-09-30,,True,offsale,Yankee Stadium,Bronx,,,,,,,There is a nineteen (19) ticket limit per Tour event.,https://www.ticketmaster.com/postseason-pregame-tour2026-wild-card-game-bronx-new-york-09-30-2026/event/1D00638BBB3952D8
2026-09-29T14:39:09+00:00,mlb_postseason,G5vVZbzmDCP5Q,Postseason Pregame Tour*2026 Wild Card Game 3,2026-10-01,,True,offsale,Yankee Stadium,Bronx,,,,,,,There is a nineteen (19) ticket limit per Tour event.,https://www.ticketmaster.com/postseason-pregame-tour2026-wild-card-game-bronx-new-york-10-01-2026/event/1D00638BBB3A52DA
2026-09-29T14:39:09+00:00,mlb_postseason,G5vVZbydnigr-,Postseason Premium Pregame Tour*2026 Wild Card Game 1,2026-09-29,,True,offsale,Yankee Stadium,Bronx,,,,,,,There is a nine (9) ticket limit per Tour event.,https://www.ticketmaster.com/postseason-premium-pregame-tour2026-wild-card-bronx-new-york-09-29-2026/event/1D006390EAB357A1
2026-09-29T14:39:09+00:00,mlb_postseason,G5vVZbydnigrN,Postseason Premium Pregame Tour*2026 Wild Card Game 2,2026-09-30,,True,offsale,Yankee Stadium,Bronx,,,,,,,There is a nine (9) ticket limit per Tour event.,https://www.ticketmaster.com/postseason-premium-pregame-tour2026-wild-card-bronx-new-york-09-30-2026/event/1D006390EAB357A3
2026-09-29T14:39:09+00:00,mlb_postseason,G5vVZbzRDh9cV,Postseason Pregame Glimpse of Greatness Tour*2026 Wild Card Game 1,2026-09-29,,True,offsale,Yankee Stadium,Bronx,,,,,,,There is a nineteen (19) ticket limit per Tour event.,https://www.ticketmaster.com/postseason-pregame-glimpse-of-greatness-tour2026-bronx-new-york-09-29-2026/event/1D00638BFB6D7B74
2026-09-29T14:39:09+00:00,mlb_postseason,G5vVZbzRDhEcU,Postseason Pregame Glimpse of Greatness Tour*2026 Wild Card Game 2,2026-09-30,,True,offsale,Yankee Stadium,Bronx,,,,,,,There is a nineteen (19) ticket limit per Tour event.,https://www.ticketmaster.com/postseason-pregame-glimpse-of-greatness-tour2026-bronx-new-york-09-30-2026/event/1D00638BFB6E7B76
2026-09-29T14:39:09+00:00,mlb_postseason,G5vVZbydnigrP,Postseason Premium Pregame Tour*2026 Wild Card Game 3,2026-10-01,,True,offsale,Yankee Stadium,Bronx,,,,,,,There is a nine (9) ticket limit per Tour event.,https://www.ticketmaster.com/postseason-premium-pregame-tour2026-wild-card-bronx-new-york-10-01-2026/event/1D006390EAB357A5
2026-09-29T14:39:09+00:00,mlb_postseason,G5vVZbzRDhEcz,Postseason Pregame Glimpse of Greatness Tour*2026 Wild Card Game 3,2026-10-01,,True,offsale,Yankee Stadium,Bronx,,,,,,,There is a nineteen (19) ticket limit per Tour event.,https://www.ticketmaster.com/postseason-pregame-glimpse-of-greatness-tour2026-bronx-new-york-10-01-2026/event/1D00638BFB6E7B78
2026-09-29T14:39:09+00:00,mlb_postseason,vvG1zZ_o5fOWHh,Atlanta Braves Wild Card Game 3 * Premium Seating *,2026-10-01,,True,onsale,Truist Park,Atlanta,,,,,2026-09-17T17:00:00Z,2026-10-02T02:00:00Z,There is an overall 6 ticket limit for this event.,https://www.ticketmaster.com/atlanta-braves-wild-card-game-3-atlanta-georgia-10-01-2026/event/0E006512D483DF1B
2026-09-29T14:39:09+00:00,mlb_postseason,Z7r9jZ1AAZ4fk,TBD at Cleveland Guardians: ALDS (Home Game 1),2026-10-03,,True,onsale,Progressive Field,Cleveland,,,,,1900-01-01T18:00:00Z,2026-10-04T04:29:20Z,,https://www.ticketmaster.com/event/Z7r9jZ1AAZ4fk
2026-09-29T14:39:09+00:00,mlb_postseason,vvG1zZ_o1HmhbP,Atlanta Braves NLDS Home Game 2,2026-10-07,,True,onsale,Truist Park,Atlanta,,,,,2026-09-17T17:00:00Z,2026-10-08T02:00:00Z,There is an overall 6 ticket limit for this event.,https://www.ticketmaster.com/atlanta-braves-nlds-home-game-2-atlanta-georgia-10-07-2026/event/0E006512BCB9B625
2026-09-29T14:39:09+00:00,mlb_postseason,vvG18Z_GRS4Axp,ALCS Home Game 1,2026-10-15,,False,onsale,Rate Field,Chicago,,,,,2026-09-18T19:00:00Z,2026-10-15T05:00:00Z,There is a 6 ticket limit for this event.,https://www.ticketmaster.com/alcs-home-game-1-chicago-illinois-10-15-2026/event/040064CBF3545896
2026-09-29T14:39:09+00:00,mlb_postseason,vvG1zZ_o1HRlbR,Atlanta Braves NLDS Home Game 3,2026-10-09,,False,cancelled,Truist Park,Atlanta,,,,,2026-09-17T17:00:00Z,2026-10-09T05:00:00Z,There is an overall 6 ticket limit for this event.,https://www.ticketmaster.com/atlanta-braves-nlds-home-game-3-atlanta-georgia-10-09-2026/event/0E006512BCBEB62F
2026-09-29T14:39:09+00:00,mlb_postseason,vvG1zZ_o5fhuDl,Atlanta Braves NLDS Home Game 1 * Premium Seating *,2026-10-06,,True,onsale,Truist Park,Atlanta,,,,,2026-09-17T17:00:00Z,2026-10-07T02:00:00Z,There is an overall 6 ticket limit for this event.,https://www.ticketmaster.com/atlanta-braves-nlds-home-game-1-atlanta-georgia-10-06-2026/event/0E006512D46CDEEB
2026-09-29T14:39:09+00:00,mlb_postseason,vvG1zZ_o5fjqDm,Atlanta Braves NLDS Home Game 2 * Premium Seating *,2026-10-07,,True,onsale,Truist Park,Atlanta,,,,,2026-09-17T17:00:00Z,2026-10-08T02:00:00Z,There is an overall 6 ticket limit for this event.,https://www.ticketmaster.com/atlanta-braves-nlds-home-game-2-atlanta-georgia-10-07-2026/event/0E006512D471DEEE
2026-09-29T14:39:09+00:00,mlb_postseason,vvG18Z_GRSpPxP,ALCS Home Game 2,2026-10-16,,False,onsale,Rate Field,Chicago,,,,,2026-09-18T19:00:00Z,2026-10-16T05:00:00Z,There is a 6 ticket limit for this event.,https://www.ticketmaster.com/alcs-home-game-2-chicago-illinois-10-16-2026/event/040064CBF35A58A5
2026-09-29T14:39:09+00:00,mlb_postseason,vvG1zZ_o5fqqDy,Atlanta Braves NLDS Home Game 3 * Premium Seating *,2026-10-09,,False,cancelled,Truist Park,Atlanta,,,,,2026-09-17T17:00:00Z,2026-10-09T05:00:00Z,There is an overall 6 ticket limit for this event.,https://www.ticketmaster.com/atlanta-braves-nlds-home-game-3-atlanta-georgia-10-09-2026/event/0E006512D475DEF9
2026-09-29T14:39:09+00:00,mlb_postseason,vvG18Z_GRSb4xs,ALCS Home Game 3,2026-10-17,,False,onsale,Rate Field,Chicago,,,,,2026-09-18T19:00:00Z,2026-10-17T05:00:00Z,There is a 6 ticket limit for this event.,https://www.ticketmaster.com/alcs-home-game-3-chicago-illinois-10-17-2026/event/040064CBF36158B1
2026-09-29T14:39:09+00:00,mlb_postseason,Z7r9jZ1AAZ4Gz,"Chicago White Sox at Houston Astros: AL Wild Card (Home Game 3, If Necessary)",2026-10-01,16:00:00,False,onsale,Daikin Park,Houston,,,,,1900-01-01T06:00:00Z,2026-10-01T22:30:00Z,,https://www.ticketmaster.com/event/Z7r9jZ1AAZ4Gz
2026-09-29T14:39:09+00:00,mlb_postseason,1kk8vPk6GAuJdJu,NLCS Home Game 3,2026-10-16,,True,cancelled,Chase Field,Phoenix,,,,,2026-09-25T16:00:00Z,2026-10-17T05:00:00Z,There is an eight (8) ticket limit for this event.,https://www.ticketmaster.com/nlcs-home-game-3-phoenix-arizona-10-16-2026/event/190065187D98398D
2026-09-29T14:39:09+00:00,mlb_postseason,Z7r9jZ1AAZ4f6,TBD at Cleveland Guardians: ALDS (Home Game 2),2026-10-05,,True,onsale,Progressive Field,Cleveland,,,,,1900-01-01T18:00:00Z,2026-10-06T04:29:20Z,,https://www.ticketmaster.com/event/Z7r9jZ1AAZ4f6
2026-09-29T14:39:09+00:00,mlb_postseason,Z7r9jZ1AAZ437,"TBD at Cleveland Guardians: ALDS (Home Game 3, If Necessary)",2026-10-10,,True,onsale,Progressive Field,Cleveland,,,,,1900-01-01T18:00:00Z,2026-10-11T04:29:20Z,,https://www.ticketmaster.com/event/Z7r9jZ1AAZ437
2026-09-29T14:39:09+00:00,mlb_postseason,Z7r9jZ1A7JpJ3,TBD at Milwaukee Brewers: NLDS (Home Game 1),2026-10-03,19:00:00,False,onsale,American Family Field,Milwaukee,,,,,1900-01-01T18:00:00Z,2026-10-04T01:30:00Z,,https://www.ticketmaster.com/event/Z7r9jZ1A7JpJ3
2026-09-29T14:39:09+00:00,mlb_postseason,Z7r9jZ1AAZ4Gw,TBD at Tampa Bay Rays: ALDS (Home Game 1),2026-10-03,00:00:00,False,onsale,Tropicana Field,Saint Petersburg,,,,,1900-01-01T06:00:00Z,2026-10-03T05:30:00Z,,https://www.ticketmaster.com/event/Z7r9jZ1AAZ4Gw
2026-09-29T14:39:09+00:00,mlb_postseason,Z7r9jZ1AAZ4Gs,TBD at Tampa Bay Rays: ALDS (Home Game 2),2026-10-05,00:00:00,False,onsale,Tropicana Field,Saint Petersburg,,,,,1900-01-01T06:00:00Z,2026-10-05T05:30:00Z,,https://www.ticketmaster.com/event/Z7r9jZ1AAZ4Gs
2026-09-29T14:39:09+00:00,mlb_postseason,Z7r9jZ1AAZ4uo,"TBD at Tampa Bay Rays: ALDS (Home Game 3, If Necessary)",2026-10-10,00:00:00,False,onsale,Tropicana Field,Saint Petersburg,,,,,1900-01-01T06:00:00Z,2026-10-10T05:30:00Z,,https://www.ticketmaster.com/event/Z7r9jZ1AAZ4uo
2026-09-29T14:39:09+00:00,mlb_postseason,Z7r9jZ1A7JpP0,TBD at Milwaukee Brewers: NLDS (Home Game 2),2026-10-04,19:00:00,False,onsale,American Family Field,Milwaukee,,,,,1900-01-01T18:00:00Z,2026-10-05T01:30:00Z,,https://www.ticketmaster.com/event/Z7r9jZ1A7JpP0
2026-09-29T14:39:09+00:00,mlb_postseason,Z7r9jZ1AAZEj4,"TBD at Milwaukee Brewers: NLDS (Home Game 3, If Necessary)",2026-10-09,19:00:00,False,onsale,American Family Field,Milwaukee,,,,,1900-01-01T18:00:00Z,2026-10-10T01:30:00Z,,https://www.ticketmaster.com/event/Z7r9jZ1AAZEj4
2026-09-29T14:39:09+00:00,nfl_metlife,k7vGF_a6ecuTM,New York Giants vs. Arizona Cardinals,2026-10-04,13:00:00,False,onsale,MetLife Stadium,East Rutherford,,,,,2026-05-14T23:30:00Z,2026-10-04T18:00:00Z,There is a six (6) ticket limit per household.,https://www.ticketmaster.com/new-york-giants-vs-arizona-cardinals-east-rutherford-new-jersey-10-04-2026/event/00006491C2B4DFF7
2026-09-29T14:39:09+00:00,nfl_metlife,k7vGF_a6eVCZ0,New York Giants vs. New Orleans Saints,2026-10-18,13:00:00,False,onsale,MetLife Stadium,East Rutherford,,,,,2026-05-14T23:30:00Z,2026-10-18T18:00:00Z,There is a six (6) ticket limit per household.,https://www.ticketmaster.com/new-york-giants-vs-new-orleans-east-rutherford-new-jersey-10-18-2026/event/00006491C2D0E024
2026-09-29T14:39:09+00:00,nfl_metlife,k7vGF_a6ezmvd,New York Giants vs. San Francisco 49ers,2026-12-06,13:00:00,False,onsale,MetLife Stadium,East Rutherford,,,,,2026-05-14T23:30:00Z,2026-12-06T19:00:00Z,There is a six (6) ticket limit per household.,https://www.ticketmaster.com/new-york-giants-vs-san-francisco-east-rutherford-new-jersey-12-06-2026/event/00006491C2E2E043
2026-09-29T14:39:09+00:00,nfl_metlife,k7vGF_a6ewmZ_,New York Giants vs. Jacksonville Jaguars,2026-11-22,13:00:00,False,onsale,MetLife Stadium,East Rutherford,,,,,2026-05-14T23:30:00Z,2026-11-22T19:00:00Z,There is a six (6) ticket limit per household.,https://www.ticketmaster.com/new-york-giants-vs-jacksonville-jaguars-east-rutherford-new-jersey-11-22-2026/event/00006491C2CAE019
2026-09-29T14:39:09+00:00,nfl_metlife,k7vGF_a6eRmZe,New York Giants vs. Cleveland Browns,2026-12-20,13:00:00,False,onsale,MetLife Stadium,East Rutherford,,,,,2026-05-14T23:30:00Z,2026-12-20T19:00:00Z,There is a six (6) ticket limit per household.,https://www.ticketmaster.com/new-york-giants-vs-cleveland-browns-east-rutherford-new-jersey-12-20-2026/event/00006491C2BEE002
2026-09-29T14:39:09+00:00,nfl_metlife,k7vGF_a6eDmv8,New York Giants vs. Washington Commanders,2026-11-12,20:15:00,False,onsale,MetLife Stadium,East Rutherford,,,,,2026-05-14T23:30:00Z,2026-11-13T02:15:00Z,There is a six (6) ticket limit per household.,https://www.ticketmaster.com/new-york-giants-vs-washington-commanders-east-rutherford-new-jersey-11-12-2026/event/00006491C2EEE050
2026-09-29T14:39:09+00:00,nfl_metlife,k7vGF_FN-EYBU,New York Jets v. Buffalo Bills,2026-11-15,13:00:00,False,onsale,MetLife Stadium,East Rutherford,,,,,2026-05-15T16:00:00Z,2026-11-15T19:00:00Z,There is a six (6) ticket limit per account.,https://www.ticketmaster.com/new-york-jets-v-buffalo-bills-east-rutherford-new-jersey-11-15-2026/event/00006488E19F0EB6
2026-09-29T14:39:09+00:00,nfl_metlife,k7vGF_FN-xZy2,New York Jets v. Las Vegas Raiders,2026-11-01,13:00:00,False,onsale,MetLife Stadium,East Rutherford,,,,,2026-05-15T16:00:00Z,2026-11-01T19:00:00Z,There is a six (6) ticket limit per account.,https://www.ticketmaster.com/new-york-jets-v-las-vegas-east-rutherford-new-jersey-11-01-2026/event/00006488E1880E4F
2026-09-29T14:39:09+00:00,nfl_metlife,k7vGF_FN-J8Bt,New York Jets v. Cleveland Browns,2026-10-11,13:00:00,False,onsale,MetLife Stadium,East Rutherford,,,,,2026-05-15T16:00:00Z,2026-10-11T18:00:00Z,There is a six (6) ticket limit per account.,https://www.ticketmaster.com/new-york-jets-v-cleveland-browns-east-rutherford-new-jersey-10-11-2026/event/00006488E1990EA9
2026-09-29T14:39:09+00:00,nfl_metlife,k7vGF_FN-PZB_,New York Jets v. Denver Broncos,2026-12-13,13:00:00,False,onsale,MetLife Stadium,East Rutherford,,,,,2026-05-15T16:00:00Z,2026-12-13T19:00:00Z,There is a six (6) ticket limit per account.,https://www.ticketmaster.com/new-york-jets-v-denver-broncos-east-rutherford-new-jersey-12-13-2026/event/00006488E1940E99
2026-09-29T14:39:09+00:00,nfl_metlife,k7vGF_FN-OOzB,New York Jets v. Miami Dolphins,2026-10-25,13:00:00,False,onsale,MetLife Stadium,East Rutherford,,,,,2026-05-15T16:00:00Z,2026-10-25T18:00:00Z,There is a six (6) ticket limit per account.,https://www.ticketmaster.com/new-york-jets-v-miami-dolphins-east-rutherford-new-jersey-10-25-2026/event/00006488E1820E3A
2026-09-29T14:39:09+00:00,nfl_metlife,k7vGF_FN-LZzc,New York Jets v. Minnesota Vikings,2027-01-03,13:00:00,False,onsale,MetLife Stadium,East Rutherford,,,,,2026-05-15T16:00:00Z,2027-01-03T19:00:00Z,There is a six (6) ticket limit per account.,https://www.ticketmaster.com/new-york-jets-v-minnesota-vikings-east-rutherford-new-jersey-01-03-2027/event/00006488E17C0E2D
2026-09-29T14:39:09+00:00,nfl_metlife,k7vGF_FN-qYMW,New York Jets v. New England Patriots,2026-12-27,13:00:00,False,onsale,MetLife Stadium,East Rutherford,,,,,2026-05-15T16:00:00Z,2026-12-27T19:00:00Z,There is a six (6) ticket limit per account.,https://www.ticketmaster.com/new-york-jets-v-new-england-east-rutherford-new-jersey-12-27-2026/event/00006488E1770DFD
2026-09-29T14:39:58+00:00,mlb_postseason,G5vVZ_3wH1uYn,2026 NY Yankees v Boston Red Sox Wild Card Game 1,2026-09-29,20:00:00,False,onsale,Yankee Stadium,Bronx,,,,,2026-09-18T18:00:00Z,2026-09-30T01:00:00Z,Only a LIMITED number of Tickets (as determined by the Yankees in its sole and absolute discretion) will be made available during the presale.Maximum of eight (8) Tickets to each potential game scheduled to be played during the 2026 Wild Card and ALDS.,https://www.ticketmaster.com/2026-ny-yankees-v-boston-red-bronx-new-york-09-29-2026/event/1D00652CBC28DC2A
2026-09-29T14:39:58+00:00,mlb_postseason,G5vVZ_3wWEXeS,2026 NY Yankees v Boston Red Sox Wild Card Game 2,2026-09-30,20:00:00,False,onsale,Yankee Stadium,Bronx,,,,,2026-09-18T18:00:00Z,2026-10-01T01:00:00Z,Only a LIMITED number of Tickets (as determined by the Yankees in its sole and absolute discretion) will be made available during the presale.Maximum of eight (8) Tickets to each potential game scheduled to be played during the 2026 Wild Card and ALDS.,https://www.ticketmaster.com/2026-ny-yankees-v-boston-red-bronx-new-york-09-30-2026/event/1D00652CBD9FE0B3
2026-09-29T14:39:58+00:00,mlb_postseason,G5vVZ_3wWiXdW,2026 NY Yankees v Boston Red Sox Wild Card Game 3,2026-10-01,20:00:00,False,onsale,Yankee Stadium,Bronx,,,,,2026-09-18T18:00:00Z,2026-10-02T01:00:00Z,Only a LIMITED number of Tickets (as determined by the Yankees in its sole and absolute discretion) will be made available during the presale.Maximum of eight (8) Tickets to each potential game scheduled to be played during the 2026 Wild Card and ALDS.,https://www.ticketmaster.com/2026-ny-yankees-v-boston-red-bronx-new-york-10-01-2026/event/1D00652CBDB3E0FD
2026-09-29T14:39:58+00:00,mlb_postseason,G5vVZ_3Yebnyg,Pinstripe Pass * 2026 NY Yankees v Boston Red Sox Wild Card Game 1,2026-09-29,20:00:00,False,onsale,Yankee Stadium,Bronx,,,,,2026-09-18T18:00:00Z,2026-09-30T01:00:00Z,Only a LIMITED number of Tickets (as determined by the Yankees in its sole and absolute discretion) will be made available during the presale.Maximum of eight (8) Tickets to each potential game scheduled to be played during the 2026 Wild Card and ALDS.,https://www.ticketmaster.com/pinstripe-pass-2026-ny-yankees-v-bronx-new-york-09-29-2026/event/1D00652C0262AE75
2026-09-29T14:39:58+00:00,mlb_postseason,G5vVZ_3wcRlFC,2026 NY Yankees v Boston Red Sox Wild Card Game 1 * Premium Seating *,2026-09-29,20:00:00,False,onsale,Yankee Stadium,Bronx,,,,,2026-09-18T18:00:00Z,2026-09-30T01:00:00Z,Only a LIMITED number of Tickets (as determined by the Yankees in its sole and absolute discretion) will be made available during the presale.Maximum of eight (8) Tickets to each potential game scheduled to be played during the 2026 Wild Card and ALDS.,https://www.ticketmaster.com/2026-ny-yankees-v-boston-red-bronx-new-york-09-29-2026/event/1D00652CADBEB20E
2026-09-29T14:39:58+00:00,mlb_postseason,G5vVZ_3YdsD5c,Pinstripe Pass * 2026 NY Yankees v Boston Red Sox Wild Card Game 2,2026-09-30,20:00:00,False,onsale,Yankee Stadium,Bronx,,,,,2026-09-18T18:00:00Z,2026-10-01T01:00:00Z,Only a LIMITED number of Tickets (as determined by the Yankees in its sole and absolute discretion) will be made available during the presale.Maximum of eight (8) Tickets to each potential game scheduled to be played during the 2026 Wild Card and ALDS.,https://www.ticketmaster.com/pinstripe-pass-2026-ny-yankees-v-bronx-new-york-09-30-2026/event/1D00652C03C7B2ED
2026-09-29T14:39:58+00:00,mlb_postseason,G5vVZ_3wSFHFF,2026 NY Yankees v Boston Red Sox Wild Card Game 2 * Premium Seating *,2026-09-30,20:00:00,False,onsale,Yankee Stadium,Bronx,,,,,2026-09-18T18:00:00Z,2026-10-01T01:00:00Z,Only a LIMITED number of Tickets (as determined by the Yankees in its sole and absolute discretion) will be made available during the presale.Maximum of eight (8) Tickets to each potential game scheduled to be played during the 2026 Wild Card and ALDS.,https://www.ticketmaster.com/2026-ny-yankees-v-boston-red-bronx-new-york-09-30-2026/event/1D00652CB323C208
2026-09-29T14:39:58+00:00,mlb_postseason,G5vVZ_3wS_H1X,2026 NY Yankees v Boston Red Sox Wild Card Game 3 * Premium Seating *,2026-10-01,20:00:00,False,onsale,Yankee Stadium,Bronx,,,,,2026-09-18T18:00:00Z,2026-10-02T01:00:00Z,Only a LIMITED number of Tickets (as determined by the Yankees in its sole and absolute discretion) will be made available during the presale.Maximum of eight (8) Tickets to each potential game scheduled to be played during the 2026 Wild Card and ALDS.,https://www.ticketmaster.com/2026-ny-yankees-v-boston-red-bronx-new-york-10-01-2026/event/1D00652CB367C2BE
2026-09-29T14:39:58+00:00,mlb_postseason,G5vVZ_3wWBCk9,2026 NY Yankees Division Series Home Game 1,2026-10-07,,True,offsale,Yankee Stadium,Bronx,,,,,2026-09-18T18:00:00Z,,Only a LIMITED number of Tickets (as determined by the Yankees in its sole and absolute discretion) will be made available during the presale.Maximum of eight (8) Tickets to each potential game scheduled to be played during the 2026 Wild Card and ALDS.,https://www.ticketmaster.com/2026-ny-yankees-division-series-home-bronx-new-york-10-07-2026/event/1D00652CBDE8E197
2026-09-29T14:39:58+00:00,mlb_postseason,G5vVZ_3YdVlG6,Pinstripe Pass * 2026 NY Yankees v Boston Red Sox Wild Card Game 3,2026-10-01,20:00:00,False,onsale,Yankee Stadium,Bronx,,,,,2026-09-18T18:00:00Z,2026-10-02T01:00:00Z,Only a LIMITED number of Tickets (as determined by the Yankees in its sole and absolute discretion) will be made available during the presale.Maximum of eight (8) Tickets to each potential game scheduled to be played during the 2026 Wild Card and ALDS.,https://www.ticketmaster.com/pinstripe-pass-2026-ny-yankees-v-bronx-new-york-10-01-2026/event/1D00652C03D2B307
2026-09-29T14:39:58+00:00,mlb_postseason,G5vVZ_3wXaCa8,2026 NY Yankees Division Series Home Game 2,2026-10-08,,True,offsale,Yankee Stadium,Bronx,,,,,2026-09-18T18:00:00Z,,Only a LIMITED number of Tickets (as determined by the Yankees in its sole and absolute discretion) will be made available during the presale.Maximum of eight (8) Tickets to each potential game scheduled to be played during the 2026 Wild Card and ALDS.,https://www.ticketmaster.com/2026-ny-yankees-division-series-home-bronx-new-york-10-08-2026/event/1D00652CBE24E250
2026-09-29T14:39:58+00:00,mlb_postseason,G5vVZ_3Y7oDKe,Pinstripe Pass * 2026 NY Yankees Division Series Home Game 1,2026-10-07,,True,offsale,Yankee Stadium,Bronx,,,,,2026-09-18T18:00:00Z,,Only a LIMITED number of Tickets (as determined by the Yankees in its sole and absolute discretion) will be made available during the presale.Maximum of eight (8) Tickets to each potential game scheduled to be played during the 2026 Wild Card and ALDS.,https://www.ticketmaster.com/pinstripe-pass-2026-ny-yankees-division-bronx-new-york-10-07-2026/event/1D00652C0447B4C2
2026-09-29T14:39:58+00:00,mlb_postseason,G5vVZ_3wSMGo3,2026 NY Yankees Division Series Home Game 1 * Premium Seating *,2026-10-07,,True,offsale,Yankee Stadium,Bronx,,,,,2026-09-18T18:00:00Z,,Only a LIMITED number of Tickets (as determined by the Yankees in its sole and absolute discretion) will be made available during the presale.Maximum of eight (8) Tickets to each potential game scheduled to be played during the 2026 Wild Card and ALDS.,https://www.ticketmaster.com/2026-ny-yankees-division-series-home-bronx-new-york-10-07-2026/event/1D00652CB3DCC452
2026-09-29T14:39:58+00:00,mlb_postseason,G5vVZ_3Y7ql4F,Pinstripe Pass * 2026 NY Yankees Division Series Home Game 2,2026-10-08,,True,offsale,Yankee Stadium,Bronx,,,,,2026-09-18T18:00:00Z,,Only a LIMITED number of Tickets (as determined by the Yankees in its sole and absolute discretion) will be made available during the presale.Maximum of eight (8) Tickets to each potential game scheduled to be played during the 2026 Wild Card and ALDS.,https://www.ticketmaster.com/pinstripe-pass-2026-ny-yankees-division-bronx-new-york-10-08-2026/event/1D00652C0476B548
2026-09-29T14:39:58+00:00,mlb_postseason,G5vVZ_3wzZqvA,2026 NY Yankees Division Series Home Game 2 * Premium Seating *,2026-10-08,,True,offsale,Yankee Stadium,Bronx,,,,,2026-09-18T18:00:00Z,,Only a LIMITED number of Tickets (as determined by the Yankees in its sole and absolute discretion) will be made available during the presale.Maximum of eight (8) Tickets to each potential game scheduled to be played during the 2026 Wild Card and ALDS.,https://www.ticketmaster.com/2026-ny-yankees-division-series-home-bronx-new-york-10-08-2026/event/1D00652CB801D045
2026-09-29T14:39:58+00:00,mlb_postseason,Z7r9jZ1AAZP3b,TBD at Los Angeles Dodgers: NLDS (Home Game 1),2026-10-03,18:08:00,False,onsale,UNIQLO Field at Dodger Stadium,Los Angeles,,,,,1900-01-01T18:00:00Z,2026-10-04T03:08:00Z,,https://www.ticketmaster.com/event/Z7r9jZ1AAZP3b
2026-09-29T14:39:58+00:00,mlb_postseason,Z7r9jZ1AAZP3_,TBD at Los Angeles Dodgers: NLDS (Home Game 2),2026-10-04,18:08:00,False,onsale,UNIQLO Field at Dodger Stadium,Los Angeles,,,,,1900-01-01T18:00:00Z,2026-10-05T03:08:00Z,,https://www.ticketmaster.com/event/Z7r9jZ1AAZP3_
2026-09-29T14:39:58+00:00,mlb_postseason,Z7r9jZ1AAZPfZ,"TBD at Los Angeles Dodgers: NLDS (Home Game 3, If Necessary)",2026-10-09,18:08:00,False,onsale,UNIQLO Field at Dodger Stadium,Los Angeles,,,,,1900-01-01T18:00:00Z,2026-10-10T03:08:00Z,,https://www.ticketmaster.com/event/Z7r9jZ1AAZPfZ
2026-09-29T14:39:58+00:00,mlb_postseason,Z7r9jZ1AAZMa7,Chicago Cubs at San Diego Padres: NL Wild Card (Home Game 1),2026-09-29,19:00:00,False,onsale,PETCO Park,San Diego,,,,,1900-01-01T18:00:00Z,2026-09-30T03:30:00Z,,https://www.ticketmaster.com/event/Z7r9jZ1AAZMa7
2026-09-29T14:39:58+00:00,mlb_postseason,Z7r9jZ1AAZIk6,Chicago Cubs at San Diego Padres: NL Wild Card (Home Game 2),2026-09-30,19:00:00,False,onsale,PETCO Park,San Diego,,,,,1900-01-01T18:00:00Z,2026-10-01T03:30:00Z,,https://www.ticketmaster.com/event/Z7r9jZ1AAZIk6
2026-09-29T14:39:58+00:00,mlb_postseason,vvG1zZ_o1HYDbV,Atlanta Braves Wild Card Game 1,2026-09-29,14:00:00,False,onsale,Truist Park,Atlanta,,,,,2026-09-17T17:00:00Z,2026-09-29T19:00:00Z,There is an overall 6 ticket limit for this event.,https://www.ticketmaster.com/atlanta-braves-wild-card-game-1-atlanta-georgia-09-29-2026/event/0E006512BCC3B634
2026-09-29T14:39:58+00:00,mlb_postseason,Z7r9jZ1AAZU4s,Chicago White Sox at Houston Astros: AL Wild Card (Home Game 1),2026-09-29,16:00:00,False,onsale,Daikin Park,Houston,,,,,1900-01-01T18:00:00Z,2026-09-29T22:30:00Z,,https://www.ticketmaster.com/event/Z7r9jZ1AAZU4s
2026-09-29T14:39:58+00:00,mlb_postseason,vvG1zZ_o1Hwh_e,Atlanta Braves Wild Card Game 2,2026-09-30,14:00:00,False,onsale,Truist Park,Atlanta,,,,,2026-09-17T17:00:00Z,2026-09-30T19:00:00Z,There is an overall 6 ticket limit for this event.,https://www.ticketmaster.com/atlanta-braves-wild-card-game-2-atlanta-georgia-09-30-2026/event/0E006512BCC9B642
2026-09-29T14:39:58+00:00,mlb_postseason,vvG1zZ_o1HSl_o,Atlanta Braves Wild Card Game 3,2026-10-01,,True,onsale,Truist Park,Atlanta,,,,,2026-09-17T17:00:00Z,2026-10-02T02:00:00Z,There is an overall 6 ticket limit for this event.,https://www.ticketmaster.com/atlanta-braves-wild-card-game-3-atlanta-georgia-10-01-2026/event/0E006512BCCEB651
2026-09-29T14:39:58+00:00,mlb_postseason,vvG18Z_GRS2g-o,ALDS Home Game 1,2026-10-07,,False,onsale,Rate Field,Chicago,,,,,2026-09-18T19:00:00Z,2026-10-07T05:00:00Z,There is a 6 ticket limit for this event.,https://www.ticketmaster.com/alds-home-game-1-chicago-illinois-10-07-2026/event/040064CBF33F5851
2026-09-29T14:39:58+00:00,mlb_postseason,Z7r9jZ1AAZIAy,"Chicago Cubs at San Diego Padres: NL Wild Card (Home Game 3, If Necessary)",2026-10-01,19:00:00,False,onsale,PETCO Park,San Diego,,,,,1900-01-01T18:00:00Z,2026-10-02T03:30:00Z,,https://www.ticketmaster.com/event/Z7r9jZ1AAZIAy
2026-09-29T14:39:58+00:00,mlb_postseason,Z7r9jZ1AAZU4Y,Chicago White Sox at Houston Astros: AL Wild Card (Home Game 2),2026-09-30,16:00:00,False,onsale,Daikin Park,Houston,,,,,1900-01-01T18:00:00Z,2026-09-30T22:30:00Z,,https://www.ticketmaster.com/event/Z7r9jZ1AAZU4Y
2026-09-29T14:39:58+00:00,mlb_postseason,vvG18Z_GRSog-J,ALDS Home Game 2,2026-10-08,,False,onsale,Rate Field,Chicago,,,,,2026-09-18T19:00:00Z,2026-10-08T05:00:00Z,There is a 6 ticket limit for this event.,https://www.ticketmaster.com/alds-home-game-2-chicago-illinois-10-08-2026/event/040064CBF3475866
2026-09-29T14:39:58+00:00,mlb_postseason,vvG1zZ_o5frqHF,Atlanta Braves Wild Card Game 1 * Premium Seating *,2026-09-29,14:00:00,False,onsale,Truist Park,Atlanta,,,,,2026-09-17T17:00:00Z,2026-09-29T19:00:00Z,There is an overall 6 ticket limit for this event.,https://www.ticketmaster.com/atlanta-braves-wild-card-game-1-atlanta-georgia-09-29-2026/event/0E006512D479DF08
2026-09-29T14:39:58+00:00,mlb_postseason,vvG1zZ_o1Hc5b9,Atlanta Braves NLDS Home Game 1,2026-10-06,,True,onsale,Truist Park,Atlanta,,,,,2026-09-17T17:00:00Z,2026-10-07T02:00:00Z,There is an overall 6 ticket limit for this event.,https://www.ticketmaster.com/atlanta-braves-nlds-home-game-1-atlanta-georgia-10-06-2026/event/0E006512BCB4B617
2026-09-29T14:39:58+00:00,mlb_postseason,vvG1zZ_o5fLcHf,Atlanta Braves Wild Card Game 2 * Premium Seating *,2026-09-30,14:00:00,False,onsale,Truist Park,Atlanta,,,,,2026-09-17T17:00:00Z,2026-09-30T19:00:00Z,There is an overall 6 ticket limit for this event.,https://www.ticketmaster.com/atlanta-braves-wild-card-game-2-atlanta-georgia-09-30-2026/event/0E006512D47EDF14
2026-09-29T14:39:58+00:00,mlb_postseason,G5vVZbzmDC45b,Postseason Pregame Tour*2026 Wild Card Game 2,2026-09-30,,True,offsale,Yankee Stadium,Bronx,,,,,,,There is a nineteen (19) ticket limit per Tour event.,https://www.ticketmaster.com/postseason-pregame-tour2026-wild-card-game-bronx-new-york-09-30-2026/event/1D00638BBB3952D8
2026-09-29T14:39:58+00:00,mlb_postseason,G5vVZbzmDC45f,Postseason Pregame Tour*2026 Wild Card Game 1,2026-09-29,,True,offsale,Yankee Stadium,Bronx,,,,,,,There is a nineteen (19) ticket limit per Tour event.,https://www.ticketmaster.com/postseason-pregame-tour2026-wild-card-game-bronx-new-york-09-29-2026/event/1D00638BBB3952D4
2026-09-29T14:39:58+00:00,mlb_postseason,G5vVZbzmDCP5Q,Postseason Pregame Tour*2026 Wild Card Game 3,2026-10-01,,True,offsale,Yankee Stadium,Bronx,,,,,,,There is a nineteen (19) ticket limit per Tour event.,https://www.ticketmaster.com/postseason-pregame-tour2026-wild-card-game-bronx-new-york-10-01-2026/event/1D00638BBB3A52DA
2026-09-29T14:39:58+00:00,mlb_postseason,G5vVZbydnigr-,Postseason Premium Pregame Tour*2026 Wild Card Game 1,2026-09-29,,True,offsale,Yankee Stadium,Bronx,,,,,,,There is a nine (9) ticket limit per Tour event.,https://www.ticketmaster.com/postseason-premium-pregame-tour2026-wild-card-bronx-new-york-09-29-2026/event/1D006390EAB357A1
2026-09-29T14:39:58+00:00,mlb_postseason,G5vVZbzRDh9cV,Postseason Pregame Glimpse of Greatness Tour*2026 Wild Card Game 1,2026-09-29,,True,offsale,Yankee Stadium,Bronx,,,,,,,There is a nineteen (19) ticket limit per Tour event.,https://www.ticketmaster.com/postseason-pregame-glimpse-of-greatness-tour2026-bronx-new-york-09-29-2026/event/1D00638BFB6D7B74
2026-09-29T14:39:58+00:00,mlb_postseason,G5vVZbydnigrN,Postseason Premium Pregame Tour*2026 Wild Card Game 2,2026-09-30,,True,offsale,Yankee Stadium,Bronx,,,,,,,There is a nine (9) ticket limit per Tour event.,https://www.ticketmaster.com/postseason-premium-pregame-tour2026-wild-card-bronx-new-york-09-30-2026/event/1D006390EAB357A3
2026-09-29T14:39:58+00:00,mlb_postseason,G5vVZbydnigrP,Postseason Premium Pregame Tour*2026 Wild Card Game 3,2026-10-01,,True,offsale,Yankee Stadium,Bronx,,,,,,,There is a nine (9) ticket limit per Tour event.,https://www.ticketmaster.com/postseason-premium-pregame-tour2026-wild-card-bronx-new-york-10-01-2026/event/1D006390EAB357A5
2026-09-29T14:39:58+00:00,mlb_postseason,G5vVZbzRDhEcU,Postseason Pregame Glimpse of Greatness Tour*2026 Wild Card Game 2,2026-09-30,,True,offsale,Yankee Stadium,Bronx,,,,,,,There is a nineteen (19) ticket limit per Tour event.,https://www.ticketmaster.com/postseason-pregame-glimpse-of-greatness-tour2026-bronx-new-york-09-30-2026/event/1D00638BFB6E7B76
2026-09-29T14:39:58+00:00,mlb_postseason,G5vVZbzRDhEcz,Postseason Pregame Glimpse of Greatness Tour*2026 Wild Card Game 3,2026-10-01,,True,offsale,Yankee Stadium,Bronx,,,,,,,There is a nineteen (19) ticket limit per Tour event.,https://www.ticketmaster.com/postseason-pregame-glimpse-of-greatness-tour2026-bronx-new-york-10-01-2026/event/1D00638BFB6E7B78
2026-09-29T14:39:58+00:00,mlb_postseason,vvG1zZ_o5fOWHh,Atlanta Braves Wild Card Game 3 * Premium Seating *,2026-10-01,,True,onsale,Truist Park,Atlanta,,,,,2026-09-17T17:00:00Z,2026-10-02T02:00:00Z,There is an overall 6 ticket limit for this event.,https://www.ticketmaster.com/atlanta-braves-wild-card-game-3-atlanta-georgia-10-01-2026/event/0E006512D483DF1B
2026-09-29T14:39:58+00:00,mlb_postseason,Z7r9jZ1AAZ4fk,TBD at Cleveland Guardians: ALDS (Home Game 1),2026-10-03,,True,onsale,Progressive Field,Cleveland,,,,,1900-01-01T18:00:00Z,2026-10-04T04:29:20Z,,https://www.ticketmaster.com/event/Z7r9jZ1AAZ4fk
2026-09-29T14:39:58+00:00,mlb_postseason,vvG1zZ_o1HmhbP,Atlanta Braves NLDS Home Game 2,2026-10-07,,True,onsale,Truist Park,Atlanta,,,,,2026-09-17T17:00:00Z,2026-10-08T02:00:00Z,There is an overall 6 ticket limit for this event.,https://www.ticketmaster.com/atlanta-braves-nlds-home-game-2-atlanta-georgia-10-07-2026/event/0E006512BCB9B625
2026-09-29T14:39:58+00:00,mlb_postseason,vvG18Z_GRS4Axp,ALCS Home Game 1,2026-10-15,,False,onsale,Rate Field,Chicago,,,,,2026-09-18T19:00:00Z,2026-10-15T05:00:00Z,There is a 6 ticket limit for this event.,https://www.ticketmaster.com/alcs-home-game-1-chicago-illinois-10-15-2026/event/040064CBF3545896
2026-09-29T14:39:58+00:00,mlb_postseason,vvG1zZ_o1HRlbR,Atlanta Braves NLDS Home Game 3,2026-10-09,,False,cancelled,Truist Park,Atlanta,,,,,2026-09-17T17:00:00Z,2026-10-09T05:00:00Z,There is an overall 6 ticket limit for this event.,https://www.ticketmaster.com/atlanta-braves-nlds-home-game-3-atlanta-georgia-10-09-2026/event/0E006512BCBEB62F
2026-09-29T14:39:58+00:00,mlb_postseason,vvG1zZ_o5fhuDl,Atlanta Braves NLDS Home Game 1 * Premium Seating *,2026-10-06,,True,onsale,Truist Park,Atlanta,,,,,2026-09-17T17:00:00Z,2026-10-07T02:00:00Z,There is an overall 6 ticket limit for this event.,https://www.ticketmaster.com/atlanta-braves-nlds-home-game-1-atlanta-georgia-10-06-2026/event/0E006512D46CDEEB
2026-09-29T14:39:58+00:00,mlb_postseason,vvG1zZ_o5fjqDm,Atlanta Braves NLDS Home Game 2 * Premium Seating *,2026-10-07,,True,onsale,Truist Park,Atlanta,,,,,2026-09-17T17:00:00Z,2026-10-08T02:00:00Z,There is an overall 6 ticket limit for this event.,https://www.ticketmaster.com/atlanta-braves-nlds-home-game-2-atlanta-georgia-10-07-2026/event/0E006512D471DEEE
2026-09-29T14:39:58+00:00,mlb_postseason,vvG18Z_GRSpPxP,ALCS Home Game 2,2026-10-16,,False,onsale,Rate Field,Chicago,,,,,2026-09-18T19:00:00Z,2026-10-16T05:00:00Z,There is a 6 ticket limit for this event.,https://www.ticketmaster.com/alcs-home-game-2-chicago-illinois-10-16-2026/event/040064CBF35A58A5
2026-09-29T14:39:58+00:00,mlb_postseason,vvG1zZ_o5fqqDy,Atlanta Braves NLDS Home Game 3 * Premium Seating *,2026-10-09,,False,cancelled,Truist Park,Atlanta,,,,,2026-09-17T17:00:00Z,2026-10-09T05:00:00Z,There is an overall 6 ticket limit for this event.,https://www.ticketmaster.com/atlanta-braves-nlds-home-game-3-atlanta-georgia-10-09-2026/event/0E006512D475DEF9
2026-09-29T14:39:58+00:00,mlb_postseason,vvG18Z_GRSb4xs,ALCS Home Game 3,2026-10-17,,False,onsale,Rate Field,Chicago,,,,,2026-09-18T19:00:00Z,2026-10-17T05:00:00Z,There is a 6 ticket limit for this event.,https://www.ticketmaster.com/alcs-home-game-3-chicago-illinois-10-17-2026/event/040064CBF36158B1
2026-09-29T14:39:58+00:00,mlb_postseason,Z7r9jZ1AAZ4Gz,"Chicago White Sox at Houston Astros: AL Wild Card (Home Game 3, If Necessary)",2026-10-01,16:00:00,False,onsale,Daikin Park,Houston,,,,,1900-01-01T06:00:00Z,2026-10-01T22:30:00Z,,https://www.ticketmaster.com/event/Z7r9jZ1AAZ4Gz
2026-09-29T14:39:58+00:00,mlb_postseason,1kk8vPk6GAuJdJu,NLCS Home Game 3,2026-10-16,,True,cancelled,Chase Field,Phoenix,,,,,2026-09-25T16:00:00Z,2026-10-17T05:00:00Z,There is an eight (8) ticket limit for this event.,https://www.ticketmaster.com/nlcs-home-game-3-phoenix-arizona-10-16-2026/event/190065187D98398D
2026-09-29T14:39:58+00:00,mlb_postseason,Z7r9jZ1AAZ4f6,TBD at Cleveland Guardians: ALDS (Home Game 2),2026-10-05,,True,onsale,Progressive Field,Cleveland,,,,,1900-01-01T18:00:00Z,2026-10-06T04:29:20Z,,https://www.ticketmaster.com/event/Z7r9jZ1AAZ4f6
2026-09-29T14:39:58+00:00,mlb_postseason,Z7r9jZ1AAZ437,"TBD at Cleveland Guardians: ALDS (Home Game 3, If Necessary)",2026-10-10,,True,onsale,Progressive Field,Cleveland,,,,,1900-01-01T18:00:00Z,2026-10-11T04:29:20Z,,https://www.ticketmaster.com/event/Z7r9jZ1AAZ437
2026-09-29T14:39:58+00:00,mlb_postseason,Z7r9jZ1A7JpJ3,TBD at Milwaukee Brewers: NLDS (Home Game 1),2026-10-03,19:00:00,False,onsale,American Family Field,Milwaukee,,,,,1900-01-01T18:00:00Z,2026-10-04T01:30:00Z,,https://www.ticketmaster.com/event/Z7r9jZ1A7JpJ3
2026-09-29T14:39:58+00:00,mlb_postseason,Z7r9jZ1AAZ4Gw,TBD at Tampa Bay Rays: ALDS (Home Game 1),2026-10-03,00:00:00,False,onsale,Tropicana Field,Saint Petersburg,,,,,1900-01-01T06:00:00Z,2026-10-03T05:30:00Z,,https://www.ticketmaster.com/event/Z7r9jZ1AAZ4Gw
2026-09-29T14:39:58+00:00,mlb_postseason,Z7r9jZ1AAZ4Gs,TBD at Tampa Bay Rays: ALDS (Home Game 2),2026-10-05,00:00:00,False,onsale,Tropicana Field,Saint Petersburg,,,,,1900-01-01T06:00:00Z,2026-10-05T05:30:00Z,,https://www.ticketmaster.com/event/Z7r9jZ1AAZ4Gs
2026-09-29T14:39:58+00:00,mlb_postseason,Z7r9jZ1AAZ4uo,"TBD at Tampa Bay Rays: ALDS (Home Game 3, If Necessary)",2026-10-10,00:00:00,False,onsale,Tropicana Field,Saint Petersburg,,,,,1900-01-01T06:00:00Z,2026-10-10T05:30:00Z,,https://www.ticketmaster.com/event/Z7r9jZ1AAZ4uo
2026-09-29T14:39:58+00:00,mlb_postseason,Z7r9jZ1A7JpP0,TBD at Milwaukee Brewers: NLDS (Home Game 2),2026-10-04,19:00:00,False,onsale,American Family Field,Milwaukee,,,,,1900-01-01T18:00:00Z,2026-10-05T01:30:00Z,,https://www.ticketmaster.com/event/Z7r9jZ1A7JpP0
2026-09-29T14:39:58+00:00,mlb_postseason,Z7r9jZ1AAZEj4,"TBD at Milwaukee Brewers: NLDS (Home Game 3, If Necessary)",2026-10-09,19:00:00,False,onsale,American Family Field,Milwaukee,,,,,1900-01-01T18:00:00Z,2026-10-10T01:30:00Z,,https://www.ticketmaster.com/event/Z7r9jZ1AAZEj4
2026-09-29T14:39:58+00:00,nfl_metlife,k7vGF_a6ecuTM,New York Giants vs. Arizona Cardinals,2026-10-04,13:00:00,False,onsale,MetLife Stadium,East Rutherford,,,,,2026-05-14T23:30:00Z,2026-10-04T18:00:00Z,There is a six (6) ticket limit per household.,https://www.ticketmaster.com/new-york-giants-vs-arizona-cardinals-east-rutherford-new-jersey-10-04-2026/event/00006491C2B4DFF7
2026-09-29T14:39:58+00:00,nfl_metlife,k7vGF_a6eVCZ0,New York Giants vs. New Orleans Saints,2026-10-18,13:00:00,False,onsale,MetLife Stadium,East Rutherford,,,,,2026-05-14T23:30:00Z,2026-10-18T18:00:00Z,There is a six (6) ticket limit per household.,https://www.ticketmaster.com/new-york-giants-vs-new-orleans-east-rutherford-new-jersey-10-18-2026/event/00006491C2D0E024
2026-09-29T14:39:58+00:00,nfl_metlife,k7vGF_a6ezmvd,New York Giants vs. San Francisco 49ers,2026-12-06,13:00:00,False,onsale,MetLife Stadium,East Rutherford,,,,,2026-05-14T23:30:00Z,2026-12-06T19:00:00Z,There is a six (6) ticket limit per household.,https://www.ticketmaster.com/new-york-giants-vs-san-francisco-east-rutherford-new-jersey-12-06-2026/event/00006491C2E2E043
2026-09-29T14:39:58+00:00,nfl_metlife,k7vGF_a6ewmZ_,New York Giants vs. Jacksonville Jaguars,2026-11-22,13:00:00,False,onsale,MetLife Stadium,East Rutherford,,,,,2026-05-14T23:30:00Z,2026-11-22T19:00:00Z,There is a six (6) ticket limit per household.,https://www.ticketmaster.com/new-york-giants-vs-jacksonville-jaguars-east-rutherford-new-jersey-11-22-2026/event/00006491C2CAE019
2026-09-29T14:39:58+00:00,nfl_metlife,k7vGF_a6eRmZe,New York Giants vs. Cleveland Browns,2026-12-20,13:00:00,False,onsale,MetLife Stadium,East Rutherford,,,,,2026-05-14T23:30:00Z,2026-12-20T19:00:00Z,There is a six (6) ticket limit per household.,https://www.ticketmaster.com/new-york-giants-vs-cleveland-browns-east-rutherford-new-jersey-12-20-2026/event/00006491C2BEE002
2026-09-29T14:39:58+00:00,nfl_metlife,k7vGF_a6eDmv8,New York Giants vs. Washington Commanders,2026-11-12,20:15:00,False,onsale,MetLife Stadium,East Rutherford,,,,,2026-05-14T23:30:00Z,2026-11-13T02:15:00Z,There is a six (6) ticket limit per household.,https://www.ticketmaster.com/new-york-giants-vs-washington-commanders-east-rutherford-new-jersey-11-12-2026/event/00006491C2EEE050
2026-09-29T14:39:58+00:00,nfl_metlife,k7vGF_FN-EYBU,New York Jets v. Buffalo Bills,2026-11-15,13:00:00,False,onsale,MetLife Stadium,East Rutherford,,,,,2026-05-15T16:00:00Z,2026-11-15T19:00:00Z,There is a six (6) ticket limit per account.,https://www.ticketmaster.com/new-york-jets-v-buffalo-bills-east-rutherford-new-jersey-11-15-2026/event/00006488E19F0EB6
2026-09-29T14:39:58+00:00,nfl_metlife,k7vGF_FN-xZy2,New York Jets v. Las Vegas Raiders,2026-11-01,13:00:00,False,onsale,MetLife Stadium,East Rutherford,,,,,2026-05-15T16:00:00Z,2026-11-01T19:00:00Z,There is a six (6) ticket limit per account.,https://www.ticketmaster.com/new-york-jets-v-las-vegas-east-rutherford-new-jersey-11-01-2026/event/00006488E1880E4F
2026-09-29T14:39:58+00:00,nfl_metlife,k7vGF_FN-J8Bt,New York Jets v. Cleveland Browns,2026-10-11,13:00:00,False,onsale,MetLife Stadium,East Rutherford,,,,,2026-05-15T16:00:00Z,2026-10-11T18:00:00Z,There is a six (6) ticket limit per account.,https://www.ticketmaster.com/new-york-jets-v-cleveland-browns-east-rutherford-new-jersey-10-11-2026/event/00006488E1990EA9
2026-09-29T14:39:58+00:00,nfl_metlife,k7vGF_FN-PZB_,New York Jets v. Denver Broncos,2026-12-13,13:00:00,False,onsale,MetLife Stadium,East Rutherford,,,,,2026-05-15T16:00:00Z,2026-12-13T19:00:00Z,There is a six (6) ticket limit per account.,https://www.ticketmaster.com/new-york-jets-v-denver-broncos-east-rutherford-new-jersey-12-13-2026/event/00006488E1940E99
2026-09-29T14:39:58+00:00,nfl_metlife,k7vGF_FN-OOzB,New York Jets v. Miami Dolphins,2026-10-25,13:00:00,False,onsale,MetLife Stadium,East Rutherford,,,,,2026-05-15T16:00:00Z,2026-10-25T18:00:00Z,There is a six (6) ticket limit per account.,https://www.ticketmaster.com/new-york-jets-v-miami-dolphins-east-rutherford-new-jersey-10-25-2026/event/00006488E1820E3A
2026-09-29T14:39:58+00:00,nfl_metlife,k7vGF_FN-LZzc,New York Jets v. Minnesota Vikings,2027-01-03,13:00:00,False,onsale,MetLife Stadium,East Rutherford,,,,,2026-05-15T16:00:00Z,2027-01-03T19:00:00Z,There is a six (6) ticket limit per account.,https://www.ticketmaster.com/new-york-jets-v-minnesota-vikings-east-rutherford-new-jersey-01-03-2027/event/00006488E17C0E2D
2026-09-29T14:39:58+00:00,nfl_metlife,k7vGF_FN-qYMW,New York Jets v. New England Patriots,2026-12-27,13:00:00,False,onsale,MetLife Stadium,East Rutherford,,,,,2026-05-15T16:00:00Z,2026-12-27T19:00:00Z,There is a six (6) ticket limit per account.,https://www.ticketmaster.com/new-york-jets-v-new-england-east-rutherford-new-jersey-12-27-2026/event/00006488E1770DFD
2026-09-29T15:00:23+00:00,mlb_postseason,G5vVZ_3wH1uYn,2026 NY Yankees v Boston Red Sox Wild Card Game 1,2026-09-29,20:00:00,False,onsale,Yankee Stadium,Bronx,,,,,2026-09-18T18:00:00Z,2026-09-30T01:00:00Z,Only a LIMITED number of Tickets (as determined by the Yankees in its sole and absolute discretion) will be made available during the presale.Maximum of eight (8) Tickets to each potential game scheduled to be played during the 2026 Wild Card and ALDS.,https://www.ticketmaster.com/2026-ny-yankees-v-boston-red-bronx-new-york-09-29-2026/event/1D00652CBC28DC2A
2026-09-29T15:00:23+00:00,mlb_postseason,G5vVZ_3wWEXeS,2026 NY Yankees v Boston Red Sox Wild Card Game 2,2026-09-30,20:00:00,False,onsale,Yankee Stadium,Bronx,,,,,2026-09-18T18:00:00Z,2026-10-01T01:00:00Z,Only a LIMITED number of Tickets (as determined by the Yankees in its sole and absolute discretion) will be made available during the presale.Maximum of eight (8) Tickets to each potential game scheduled to be played during the 2026 Wild Card and ALDS.,https://www.ticketmaster.com/2026-ny-yankees-v-boston-red-bronx-new-york-09-30-2026/event/1D00652CBD9FE0B3
2026-09-29T15:00:23+00:00,mlb_postseason,G5vVZ_3wWiXdW,2026 NY Yankees v Boston Red Sox Wild Card Game 3,2026-10-01,20:00:00,False,onsale,Yankee Stadium,Bronx,,,,,2026-09-18T18:00:00Z,2026-10-02T01:00:00Z,Only a LIMITED number of Tickets (as determined by the Yankees in its sole and absolute discretion) will be made available during the presale.Maximum of eight (8) Tickets to each potential game scheduled to be played during the 2026 Wild Card and ALDS.,https://www.ticketmaster.com/2026-ny-yankees-v-boston-red-bronx-new-york-10-01-2026/event/1D00652CBDB3E0FD
2026-09-29T15:00:23+00:00,mlb_postseason,G5vVZ_3Yebnyg,Pinstripe Pass * 2026 NY Yankees v Boston Red Sox Wild Card Game 1,2026-09-29,20:00:00,False,onsale,Yankee Stadium,Bronx,,,,,2026-09-18T18:00:00Z,2026-09-30T01:00:00Z,Only a LIMITED number of Tickets (as determined by the Yankees in its sole and absolute discretion) will be made available during the presale.Maximum of eight (8) Tickets to each potential game scheduled to be played during the 2026 Wild Card and ALDS.,https://www.ticketmaster.com/pinstripe-pass-2026-ny-yankees-v-bronx-new-york-09-29-2026/event/1D00652C0262AE75
2026-09-29T15:00:23+00:00,mlb_postseason,G5vVZ_3wcRlFC,2026 NY Yankees v Boston Red Sox Wild Card Game 1 * Premium Seating *,2026-09-29,20:00:00,False,onsale,Yankee Stadium,Bronx,,,,,2026-09-18T18:00:00Z,2026-09-30T01:00:00Z,Only a LIMITED number of Tickets (as determined by the Yankees in its sole and absolute discretion) will be made available during the presale.Maximum of eight (8) Tickets to each potential game scheduled to be played during the 2026 Wild Card and ALDS.,https://www.ticketmaster.com/2026-ny-yankees-v-boston-red-bronx-new-york-09-29-2026/event/1D00652CADBEB20E
2026-09-29T15:00:23+00:00,mlb_postseason,G5vVZ_3YdsD5c,Pinstripe Pass * 2026 NY Yankees v Boston Red Sox Wild Card Game 2,2026-09-30,20:00:00,False,onsale,Yankee Stadium,Bronx,,,,,2026-09-18T18:00:00Z,2026-10-01T01:00:00Z,Only a LIMITED number of Tickets (as determined by the Yankees in its sole and absolute discretion) will be made available during the presale.Maximum of eight (8) Tickets to each potential game scheduled to be played during the 2026 Wild Card and ALDS.,https://www.ticketmaster.com/pinstripe-pass-2026-ny-yankees-v-bronx-new-york-09-30-2026/event/1D00652C03C7B2ED
2026-09-29T15:00:23+00:00,mlb_postseason,G5vVZ_3wSFHFF,2026 NY Yankees v Boston Red Sox Wild Card Game 2 * Premium Seating *,2026-09-30,20:00:00,False,onsale,Yankee Stadium,Bronx,,,,,2026-09-18T18:00:00Z,2026-10-01T01:00:00Z,Only a LIMITED number of Tickets (as determined by the Yankees in its sole and absolute discretion) will be made available during the presale.Maximum of eight (8) Tickets to each potential game scheduled to be played during the 2026 Wild Card and ALDS.,https://www.ticketmaster.com/2026-ny-yankees-v-boston-red-bronx-new-york-09-30-2026/event/1D00652CB323C208
2026-09-29T15:00:23+00:00,mlb_postseason,G5vVZ_3wS_H1X,2026 NY Yankees v Boston Red Sox Wild Card Game 3 * Premium Seating *,2026-10-01,20:00:00,False,onsale,Yankee Stadium,Bronx,,,,,2026-09-18T18:00:00Z,2026-10-02T01:00:00Z,Only a LIMITED number of Tickets (as determined by the Yankees in its sole and absolute discretion) will be made available during the presale.Maximum of eight (8) Tickets to each potential game scheduled to be played during the 2026 Wild Card and ALDS.,https://www.ticketmaster.com/2026-ny-yankees-v-boston-red-bronx-new-york-10-01-2026/event/1D00652CB367C2BE
2026-09-29T15:00:23+00:00,mlb_postseason,G5vVZ_3wWBCk9,2026 NY Yankees Division Series Home Game 1,2026-10-07,,True,offsale,Yankee Stadium,Bronx,,,,,2026-09-18T18:00:00Z,,Only a LIMITED number of Tickets (as determined by the Yankees in its sole and absolute discretion) will be made available during the presale.Maximum of eight (8) Tickets to each potential game scheduled to be played during the 2026 Wild Card and ALDS.,https://www.ticketmaster.com/2026-ny-yankees-division-series-home-bronx-new-york-10-07-2026/event/1D00652CBDE8E197
2026-09-29T15:00:23+00:00,mlb_postseason,G5vVZ_3YdVlG6,Pinstripe Pass * 2026 NY Yankees v Boston Red Sox Wild Card Game 3,2026-10-01,20:00:00,False,onsale,Yankee Stadium,Bronx,,,,,2026-09-18T18:00:00Z,2026-10-02T01:00:00Z,Only a LIMITED number of Tickets (as determined by the Yankees in its sole and absolute discretion) will be made available during the presale.Maximum of eight (8) Tickets to each potential game scheduled to be played during the 2026 Wild Card and ALDS.,https://www.ticketmaster.com/pinstripe-pass-2026-ny-yankees-v-bronx-new-york-10-01-2026/event/1D00652C03D2B307
2026-09-29T15:00:23+00:00,mlb_postseason,G5vVZ_3wXaCa8,2026 NY Yankees Division Series Home Game 2,2026-10-08,,True,offsale,Yankee Stadium,Bronx,,,,,2026-09-18T18:00:00Z,,Only a LIMITED number of Tickets (as determined by the Yankees in its sole and absolute discretion) will be made available during the presale.Maximum of eight (8) Tickets to each potential game scheduled to be played during the 2026 Wild Card and ALDS.,https://www.ticketmaster.com/2026-ny-yankees-division-series-home-bronx-new-york-10-08-2026/event/1D00652CBE24E250
2026-09-29T15:00:23+00:00,mlb_postseason,G5vVZ_3Y7oDKe,Pinstripe Pass * 2026 NY Yankees Division Series Home Game 1,2026-10-07,,True,offsale,Yankee Stadium,Bronx,,,,,2026-09-18T18:00:00Z,,Only a LIMITED number of Tickets (as determined by the Yankees in its sole and absolute discretion) will be made available during the presale.Maximum of eight (8) Tickets to each potential game scheduled to be played during the 2026 Wild Card and ALDS.,https://www.ticketmaster.com/pinstripe-pass-2026-ny-yankees-division-bronx-new-york-10-07-2026/event/1D00652C0447B4C2
2026-09-29T15:00:23+00:00,mlb_postseason,G5vVZ_3wSMGo3,2026 NY Yankees Division Series Home Game 1 * Premium Seating *,2026-10-07,,True,offsale,Yankee Stadium,Bronx,,,,,2026-09-18T18:00:00Z,,Only a LIMITED number of Tickets (as determined by the Yankees in its sole and absolute discretion) will be made available during the presale.Maximum of eight (8) Tickets to each potential game scheduled to be played during the 2026 Wild Card and ALDS.,https://www.ticketmaster.com/2026-ny-yankees-division-series-home-bronx-new-york-10-07-2026/event/1D00652CB3DCC452
2026-09-29T15:00:23+00:00,mlb_postseason,G5vVZ_3Y7ql4F,Pinstripe Pass * 2026 NY Yankees Division Series Home Game 2,2026-10-08,,True,offsale,Yankee Stadium,Bronx,,,,,2026-09-18T18:00:00Z,,Only a LIMITED number of Tickets (as determined by the Yankees in its sole and absolute discretion) will be made available during the presale.Maximum of eight (8) Tickets to each potential game scheduled to be played during the 2026 Wild Card and ALDS.,https://www.ticketmaster.com/pinstripe-pass-2026-ny-yankees-division-bronx-new-york-10-08-2026/event/1D00652C0476B548
2026-09-29T15:00:23+00:00,mlb_postseason,G5vVZ_3wzZqvA,2026 NY Yankees Division Series Home Game 2 * Premium Seating *,2026-10-08,,True,offsale,Yankee Stadium,Bronx,,,,,2026-09-18T18:00:00Z,,Only a LIMITED number of Tickets (as determined by the Yankees in its sole and absolute discretion) will be made available during the presale.Maximum of eight (8) Tickets to each potential game scheduled to be played during the 2026 Wild Card and ALDS.,https://www.ticketmaster.com/2026-ny-yankees-division-series-home-bronx-new-york-10-08-2026/event/1D00652CB801D045
2026-09-29T15:00:23+00:00,mlb_postseason,Z7r9jZ1AAZP3b,TBD at Los Angeles Dodgers: NLDS (Home Game 1),2026-10-03,18:08:00,False,onsale,UNIQLO Field at Dodger Stadium,Los Angeles,,,,,1900-01-01T18:00:00Z,2026-10-04T03:08:00Z,,https://www.ticketmaster.com/event/Z7r9jZ1AAZP3b
2026-09-29T15:00:23+00:00,mlb_postseason,Z7r9jZ1AAZP3_,TBD at Los Angeles Dodgers: NLDS (Home Game 2),2026-10-04,18:08:00,False,onsale,UNIQLO Field at Dodger Stadium,Los Angeles,,,,,1900-01-01T18:00:00Z,2026-10-05T03:08:00Z,,https://www.ticketmaster.com/event/Z7r9jZ1AAZP3_
2026-09-29T15:00:23+00:00,mlb_postseason,Z7r9jZ1AAZPfZ,"TBD at Los Angeles Dodgers: NLDS (Home Game 3, If Necessary)",2026-10-09,18:08:00,False,onsale,UNIQLO Field at Dodger Stadium,Los Angeles,,,,,1900-01-01T18:00:00Z,2026-10-10T03:08:00Z,,https://www.ticketmaster.com/event/Z7r9jZ1AAZPfZ
2026-09-29T15:00:23+00:00,mlb_postseason,Z7r9jZ1AAZMa7,Chicago Cubs at San Diego Padres: NL Wild Card (Home Game 1),2026-09-29,19:00:00,False,onsale,PETCO Park,San Diego,,,,,1900-01-01T18:00:00Z,2026-09-30T03:30:00Z,,https://www.ticketmaster.com/event/Z7r9jZ1AAZMa7
2026-09-29T15:00:23+00:00,mlb_postseason,Z7r9jZ1AAZIk6,Chicago Cubs at San Diego Padres: NL Wild Card (Home Game 2),2026-09-30,19:00:00,False,onsale,PETCO Park,San Diego,,,,,1900-01-01T18:00:00Z,2026-10-01T03:30:00Z,,https://www.ticketmaster.com/event/Z7r9jZ1AAZIk6
2026-09-29T15:00:23+00:00,mlb_postseason,vvG1zZ_o1HYDbV,Atlanta Braves Wild Card Game 1,2026-09-29,14:00:00,False,onsale,Truist Park,Atlanta,,,,,2026-09-17T17:00:00Z,2026-09-29T19:00:00Z,There is an overall 6 ticket limit for this event.,https://www.ticketmaster.com/atlanta-braves-wild-card-game-1-atlanta-georgia-09-29-2026/event/0E006512BCC3B634
2026-09-29T15:00:23+00:00,mlb_postseason,Z7r9jZ1AAZU4s,Chicago White Sox at Houston Astros: AL Wild Card (Home Game 1),2026-09-29,16:00:00,False,onsale,Daikin Park,Houston,,,,,1900-01-01T18:00:00Z,2026-09-29T22:30:00Z,,https://www.ticketmaster.com/event/Z7r9jZ1AAZU4s
2026-09-29T15:00:23+00:00,mlb_postseason,vvG1zZ_o1Hwh_e,Atlanta Braves Wild Card Game 2,2026-09-30,14:00:00,False,onsale,Truist Park,Atlanta,,,,,2026-09-17T17:00:00Z,2026-09-30T19:00:00Z,There is an overall 6 ticket limit for this event.,https://www.ticketmaster.com/atlanta-braves-wild-card-game-2-atlanta-georgia-09-30-2026/event/0E006512BCC9B642
2026-09-29T15:00:23+00:00,mlb_postseason,vvG1zZ_o1HSl_o,Atlanta Braves Wild Card Game 3,2026-10-01,,True,onsale,Truist Park,Atlanta,,,,,2026-09-17T17:00:00Z,2026-10-02T02:00:00Z,There is an overall 6 ticket limit for this event.,https://www.ticketmaster.com/atlanta-braves-wild-card-game-3-atlanta-georgia-10-01-2026/event/0E006512BCCEB651
2026-09-29T15:00:23+00:00,mlb_postseason,vvG18Z_GRS2g-o,ALDS Home Game 1,2026-10-07,,False,onsale,Rate Field,Chicago,,,,,2026-09-18T19:00:00Z,2026-10-07T05:00:00Z,There is a 6 ticket limit for this event.,https://www.ticketmaster.com/alds-home-game-1-chicago-illinois-10-07-2026/event/040064CBF33F5851
2026-09-29T15:00:23+00:00,mlb_postseason,Z7r9jZ1AAZIAy,"Chicago Cubs at San Diego Padres: NL Wild Card (Home Game 3, If Necessary)",2026-10-01,19:00:00,False,onsale,PETCO Park,San Diego,,,,,1900-01-01T18:00:00Z,2026-10-02T03:30:00Z,,https://www.ticketmaster.com/event/Z7r9jZ1AAZIAy
2026-09-29T15:00:23+00:00,mlb_postseason,Z7r9jZ1AAZU4Y,Chicago White Sox at Houston Astros: AL Wild Card (Home Game 2),2026-09-30,16:00:00,False,onsale,Daikin Park,Houston,,,,,1900-01-01T18:00:00Z,2026-09-30T22:30:00Z,,https://www.ticketmaster.com/event/Z7r9jZ1AAZU4Y
2026-09-29T15:00:23+00:00,mlb_postseason,vvG18Z_GRSog-J,ALDS Home Game 2,2026-10-08,,False,onsale,Rate Field,Chicago,,,,,2026-09-18T19:00:00Z,2026-10-08T05:00:00Z,There is a 6 ticket limit for this event.,https://www.ticketmaster.com/alds-home-game-2-chicago-illinois-10-08-2026/event/040064CBF3475866
2026-09-29T15:00:23+00:00,mlb_postseason,vvG1zZ_o5frqHF,Atlanta Braves Wild Card Game 1 * Premium Seating *,2026-09-29,14:00:00,False,onsale,Truist Park,Atlanta,,,,,2026-09-17T17:00:00Z,2026-09-29T19:00:00Z,There is an overall 6 ticket limit for this event.,https://www.ticketmaster.com/atlanta-braves-wild-card-game-1-atlanta-georgia-09-29-2026/event/0E006512D479DF08
2026-09-29T15:00:23+00:00,mlb_postseason,vvG1zZ_o1Hc5b9,Atlanta Braves NLDS Home Game 1,2026-10-06,,True,onsale,Truist Park,Atlanta,,,,,2026-09-17T17:00:00Z,2026-10-07T02:00:00Z,There is an overall 6 ticket limit for this event.,https://www.ticketmaster.com/atlanta-braves-nlds-home-game-1-atlanta-georgia-10-06-2026/event/0E006512BCB4B617
2026-09-29T15:00:23+00:00,mlb_postseason,vvG1zZ_o5fLcHf,Atlanta Braves Wild Card Game 2 * Premium Seating *,2026-09-30,14:00:00,False,onsale,Truist Park,Atlanta,,,,,2026-09-17T17:00:00Z,2026-09-30T19:00:00Z,There is an overall 6 ticket limit for this event.,https://www.ticketmaster.com/atlanta-braves-wild-card-game-2-atlanta-georgia-09-30-2026/event/0E006512D47EDF14
2026-09-29T15:00:23+00:00,mlb_postseason,G5vVZbzmDC45b,Postseason Pregame Tour*2026 Wild Card Game 2,2026-09-30,,True,offsale,Yankee Stadium,Bronx,,,,,,,There is a nineteen (19) ticket limit per Tour event.,https://www.ticketmaster.com/postseason-pregame-tour2026-wild-card-game-bronx-new-york-09-30-2026/event/1D00638BBB3952D8
2026-09-29T15:00:23+00:00,mlb_postseason,G5vVZbzmDC45f,Postseason Pregame Tour*2026 Wild Card Game 1,2026-09-29,,True,offsale,Yankee Stadium,Bronx,,,,,,,There is a nineteen (19) ticket limit per Tour event.,https://www.ticketmaster.com/postseason-pregame-tour2026-wild-card-game-bronx-new-york-09-29-2026/event/1D00638BBB3952D4
2026-09-29T15:00:23+00:00,mlb_postseason,G5vVZbzmDCP5Q,Postseason Pregame Tour*2026 Wild Card Game 3,2026-10-01,,True,offsale,Yankee Stadium,Bronx,,,,,,,There is a nineteen (19) ticket limit per Tour event.,https://www.ticketmaster.com/postseason-pregame-tour2026-wild-card-game-bronx-new-york-10-01-2026/event/1D00638BBB3A52DA
2026-09-29T15:00:23+00:00,mlb_postseason,G5vVZbydnigr-,Postseason Premium Pregame Tour*2026 Wild Card Game 1,2026-09-29,,True,offsale,Yankee Stadium,Bronx,,,,,,,There is a nine (9) ticket limit per Tour event.,https://www.ticketmaster.com/postseason-premium-pregame-tour2026-wild-card-bronx-new-york-09-29-2026/event/1D006390EAB357A1
2026-09-29T15:00:23+00:00,mlb_postseason,G5vVZbydnigrN,Postseason Premium Pregame Tour*2026 Wild Card Game 2,2026-09-30,,True,offsale,Yankee Stadium,Bronx,,,,,,,There is a nine (9) ticket limit per Tour event.,https://www.ticketmaster.com/postseason-premium-pregame-tour2026-wild-card-bronx-new-york-09-30-2026/event/1D006390EAB357A3
2026-09-29T15:00:23+00:00,mlb_postseason,G5vVZbzRDh9cV,Postseason Pregame Glimpse of Greatness Tour*2026 Wild Card Game 1,2026-09-29,,True,offsale,Yankee Stadium,Bronx,,,,,,,There is a nineteen (19) ticket limit per Tour event.,https://www.ticketmaster.com/postseason-pregame-glimpse-of-greatness-tour2026-bronx-new-york-09-29-2026/event/1D00638BFB6D7B74
2026-09-29T15:00:23+00:00,mlb_postseason,G5vVZbzRDhEcU,Postseason Pregame Glimpse of Greatness Tour*2026 Wild Card Game 2,2026-09-30,,True,offsale,Yankee Stadium,Bronx,,,,,,,There is a nineteen (19) ticket limit per Tour event.,https://www.ticketmaster.com/postseason-pregame-glimpse-of-greatness-tour2026-bronx-new-york-09-30-2026/event/1D00638BFB6E7B76
2026-09-29T15:00:23+00:00,mlb_postseason,G5vVZbydnigrP,Postseason Premium Pregame Tour*2026 Wild Card Game 3,2026-10-01,,True,offsale,Yankee Stadium,Bronx,,,,,,,There is a nine (9) ticket limit per Tour event.,https://www.ticketmaster.com/postseason-premium-pregame-tour2026-wild-card-bronx-new-york-10-01-2026/event/1D006390EAB357A5
2026-09-29T15:00:23+00:00,mlb_postseason,G5vVZbzRDhEcz,Postseason Pregame Glimpse of Greatness Tour*2026 Wild Card Game 3,2026-10-01,,True,offsale,Yankee Stadium,Bronx,,,,,,,There is a nineteen (19) ticket limit per Tour event.,https://www.ticketmaster.com/postseason-pregame-glimpse-of-greatness-tour2026-bronx-new-york-10-01-2026/event/1D00638BFB6E7B78
2026-09-29T15:00:23+00:00,mlb_postseason,vvG1zZ_o5fOWHh,Atlanta Braves Wild Card Game 3 * Premium Seating *,2026-10-01,,True,onsale,Truist Park,Atlanta,,,,,2026-09-17T17:00:00Z,2026-10-02T02:00:00Z,There is an overall 6 ticket limit for this event.,https://www.ticketmaster.com/atlanta-braves-wild-card-game-3-atlanta-georgia-10-01-2026/event/0E006512D483DF1B
2026-09-29T15:00:23+00:00,mlb_postseason,Z7r9jZ1AAZ4fk,TBD at Cleveland Guardians: ALDS (Home Game 1),2026-10-03,,True,onsale,Progressive Field,Cleveland,,,,,1900-01-01T18:00:00Z,2026-10-04T04:29:20Z,,https://www.ticketmaster.com/event/Z7r9jZ1AAZ4fk
2026-09-29T15:00:23+00:00,mlb_postseason,vvG1zZ_o1HmhbP,Atlanta Braves NLDS Home Game 2,2026-10-07,,True,onsale,Truist Park,Atlanta,,,,,2026-09-17T17:00:00Z,2026-10-08T02:00:00Z,There is an overall 6 ticket limit for this event.,https://www.ticketmaster.com/atlanta-braves-nlds-home-game-2-atlanta-georgia-10-07-2026/event/0E006512BCB9B625
2026-09-29T15:00:23+00:00,mlb_postseason,vvG18Z_GRS4Axp,ALCS Home Game 1,2026-10-15,,False,onsale,Rate Field,Chicago,,,,,2026-09-18T19:00:00Z,2026-10-15T05:00:00Z,There is a 6 ticket limit for this event.,https://www.ticketmaster.com/alcs-home-game-1-chicago-illinois-10-15-2026/event/040064CBF3545896
2026-09-29T15:00:23+00:00,mlb_postseason,vvG1zZ_o1HRlbR,Atlanta Braves NLDS Home Game 3,2026-10-09,,False,cancelled,Truist Park,Atlanta,,,,,2026-09-17T17:00:00Z,2026-10-09T05:00:00Z,There is an overall 6 ticket limit for this event.,https://www.ticketmaster.com/atlanta-braves-nlds-home-game-3-atlanta-georgia-10-09-2026/event/0E006512BCBEB62F
2026-09-29T15:00:23+00:00,mlb_postseason,vvG1zZ_o5fhuDl,Atlanta Braves NLDS Home Game 1 * Premium Seating *,2026-10-06,,True,onsale,Truist Park,Atlanta,,,,,2026-09-17T17:00:00Z,2026-10-07T02:00:00Z,There is an overall 6 ticket limit for this event.,https://www.ticketmaster.com/atlanta-braves-nlds-home-game-1-atlanta-georgia-10-06-2026/event/0E006512D46CDEEB
2026-09-29T15:00:23+00:00,mlb_postseason,vvG1zZ_o5fjqDm,Atlanta Braves NLDS Home Game 2 * Premium Seating *,2026-10-07,,True,onsale,Truist Park,Atlanta,,,,,2026-09-17T17:00:00Z,2026-10-08T02:00:00Z,There is an overall 6 ticket limit for this event.,https://www.ticketmaster.com/atlanta-braves-nlds-home-game-2-atlanta-georgia-10-07-2026/event/0E006512D471DEEE
2026-09-29T15:00:23+00:00,mlb_postseason,vvG18Z_GRSpPxP,ALCS Home Game 2,2026-10-16,,False,onsale,Rate Field,Chicago,,,,,2026-09-18T19:00:00Z,2026-10-16T05:00:00Z,There is a 6 ticket limit for this event.,https://www.ticketmaster.com/alcs-home-game-2-chicago-illinois-10-16-2026/event/040064CBF35A58A5
2026-09-29T15:00:23+00:00,mlb_postseason,vvG1zZ_o5fqqDy,Atlanta Braves NLDS Home Game 3 * Premium Seating *,2026-10-09,,False,cancelled,Truist Park,Atlanta,,,,,2026-09-17T17:00:00Z,2026-10-09T05:00:00Z,There is an overall 6 ticket limit for this event.,https://www.ticketmaster.com/atlanta-braves-nlds-home-game-3-atlanta-georgia-10-09-2026/event/0E006512D475DEF9
2026-09-29T15:00:23+00:00,mlb_postseason,vvG18Z_GRSb4xs,ALCS Home Game 3,2026-10-17,,False,onsale,Rate Field,Chicago,,,,,2026-09-18T19:00:00Z,2026-10-17T05:00:00Z,There is a 6 ticket limit for this event.,https://www.ticketmaster.com/alcs-home-game-3-chicago-illinois-10-17-2026/event/040064CBF36158B1
2026-09-29T15:00:23+00:00,mlb_postseason,Z7r9jZ1AAZ4Gz,"Chicago White Sox at Houston Astros: AL Wild Card (Home Game 3, If Necessary)",2026-10-01,16:00:00,False,onsale,Daikin Park,Houston,,,,,1900-01-01T06:00:00Z,2026-10-01T22:30:00Z,,https://www.ticketmaster.com/event/Z7r9jZ1AAZ4Gz
2026-09-29T15:00:23+00:00,mlb_postseason,1kk8vPk6GAuJdJu,NLCS Home Game 3,2026-10-16,,True,cancelled,Chase Field,Phoenix,,,,,2026-09-25T16:00:00Z,2026-10-17T05:00:00Z,There is an eight (8) ticket limit for this event.,https://www.ticketmaster.com/nlcs-home-game-3-phoenix-arizona-10-16-2026/event/190065187D98398D
2026-09-29T15:00:23+00:00,mlb_postseason,Z7r9jZ1AAZ4f6,TBD at Cleveland Guardians: ALDS (Home Game 2),2026-10-05,,True,onsale,Progressive Field,Cleveland,,,,,1900-01-01T18:00:00Z,2026-10-06T04:29:20Z,,https://www.ticketmaster.com/event/Z7r9jZ1AAZ4f6
2026-09-29T15:00:23+00:00,mlb_postseason,Z7r9jZ1AAZ437,"TBD at Cleveland Guardians: ALDS (Home Game 3, If Necessary)",2026-10-10,,True,onsale,Progressive Field,Cleveland,,,,,1900-01-01T18:00:00Z,2026-10-11T04:29:20Z,,https://www.ticketmaster.com/event/Z7r9jZ1AAZ437
2026-09-29T15:00:23+00:00,mlb_postseason,Z7r9jZ1A7JpJ3,TBD at Milwaukee Brewers: NLDS (Home Game 1),2026-10-03,19:00:00,False,onsale,American Family Field,Milwaukee,,,,,1900-01-01T18:00:00Z,2026-10-04T01:30:00Z,,https://www.ticketmaster.com/event/Z7r9jZ1A7JpJ3
2026-09-29T15:00:23+00:00,mlb_postseason,Z7r9jZ1AAZ4Gw,TBD at Tampa Bay Rays: ALDS (Home Game 1),2026-10-03,00:00:00,False,onsale,Tropicana Field,Saint Petersburg,,,,,1900-01-01T06:00:00Z,2026-10-03T05:30:00Z,,https://www.ticketmaster.com/event/Z7r9jZ1AAZ4Gw
2026-09-29T15:00:23+00:00,mlb_postseason,Z7r9jZ1AAZ4Gs,TBD at Tampa Bay Rays: ALDS (Home Game 2),2026-10-05,00:00:00,False,onsale,Tropicana Field,Saint Petersburg,,,,,1900-01-01T06:00:00Z,2026-10-05T05:30:00Z,,https://www.ticketmaster.com/event/Z7r9jZ1AAZ4Gs
2026-09-29T15:00:23+00:00,mlb_postseason,Z7r9jZ1AAZ4uo,"TBD at Tampa Bay Rays: ALDS (Home Game 3, If Necessary)",2026-10-10,00:00:00,False,onsale,Tropicana Field,Saint Petersburg,,,,,1900-01-01T06:00:00Z,2026-10-10T05:30:00Z,,https://www.ticketmaster.com/event/Z7r9jZ1AAZ4uo
2026-09-29T15:00:23+00:00,mlb_postseason,Z7r9jZ1A7JpP0,TBD at Milwaukee Brewers: NLDS (Home Game 2),2026-10-04,19:00:00,False,onsale,American Family Field,Milwaukee,,,,,1900-01-01T18:00:00Z,2026-10-05T01:30:00Z,,https://www.ticketmaster.com/event/Z7r9jZ1A7JpP0
2026-09-29T15:00:23+00:00,mlb_postseason,Z7r9jZ1AAZEj4,"TBD at Milwaukee Brewers: NLDS (Home Game 3, If Necessary)",2026-10-09,19:00:00,False,onsale,American Family Field,Milwaukee,,,,,1900-01-01T18:00:00Z,2026-10-10T01:30:00Z,,https://www.ticketmaster.com/event/Z7r9jZ1AAZEj4
2026-09-29T15:00:23+00:00,nfl_metlife,k7vGF_a6ecuTM,New York Giants vs. Arizona Cardinals,2026-10-04,13:00:00,False,onsale,MetLife Stadium,East Rutherford,,,,,2026-05-14T23:30:00Z,2026-10-04T18:00:00Z,There is a six (6) ticket limit per household.,https://www.ticketmaster.com/new-york-giants-vs-arizona-cardinals-east-rutherford-new-jersey-10-04-2026/event/00006491C2B4DFF7
2026-09-29T15:00:23+00:00,nfl_metlife,k7vGF_a6eVCZ0,New York Giants vs. New Orleans Saints,2026-10-18,13:00:00,False,onsale,MetLife Stadium,East Rutherford,,,,,2026-05-14T23:30:00Z,2026-10-18T18:00:00Z,There is a six (6) ticket limit per household.,https://www.ticketmaster.com/new-york-giants-vs-new-orleans-east-rutherford-new-jersey-10-18-2026/event/00006491C2D0E024
2026-09-29T15:00:23+00:00,nfl_metlife,k7vGF_a6ezmvd,New York Giants vs. San Francisco 49ers,2026-12-06,13:00:00,False,onsale,MetLife Stadium,East Rutherford,,,,,2026-05-14T23:30:00Z,2026-12-06T19:00:00Z,There is a six (6) ticket limit per household.,https://www.ticketmaster.com/new-york-giants-vs-san-francisco-east-rutherford-new-jersey-12-06-2026/event/00006491C2E2E043
2026-09-29T15:00:23+00:00,nfl_metlife,k7vGF_a6ewmZ_,New York Giants vs. Jacksonville Jaguars,2026-11-22,13:00:00,False,onsale,MetLife Stadium,East Rutherford,,,,,2026-05-14T23:30:00Z,2026-11-22T19:00:00Z,There is a six (6) ticket limit per household.,https://www.ticketmaster.com/new-york-giants-vs-jacksonville-jaguars-east-rutherford-new-jersey-11-22-2026/event/00006491C2CAE019
2026-09-29T15:00:23+00:00,nfl_metlife,k7vGF_a6eRmZe,New York Giants vs. Cleveland Browns,2026-12-20,13:00:00,False,onsale,MetLife Stadium,East Rutherford,,,,,2026-05-14T23:30:00Z,2026-12-20T19:00:00Z,There is a six (6) ticket limit per household.,https://www.ticketmaster.com/new-york-giants-vs-cleveland-browns-east-rutherford-new-jersey-12-20-2026/event/00006491C2BEE002
2026-09-29T15:00:23+00:00,nfl_metlife,k7vGF_a6eDmv8,New York Giants vs. Washington Commanders,2026-11-12,20:15:00,False,onsale,MetLife Stadium,East Rutherford,,,,,2026-05-14T23:30:00Z,2026-11-13T02:15:00Z,There is a six (6) ticket limit per household.,https://www.ticketmaster.com/new-york-giants-vs-washington-commanders-east-rutherford-new-jersey-11-12-2026/event/00006491C2EEE050
2026-09-29T15:00:23+00:00,nfl_metlife,k7vGF_FN-EYBU,New York Jets v. Buffalo Bills,2026-11-15,13:00:00,False,onsale,MetLife Stadium,East Rutherford,,,,,2026-05-15T16:00:00Z,2026-11-15T19:00:00Z,There is a six (6) ticket limit per account.,https://www.ticketmaster.com/new-york-jets-v-buffalo-bills-east-rutherford-new-jersey-11-15-2026/event/00006488E19F0EB6
2026-09-29T15:00:23+00:00,nfl_metlife,k7vGF_FN-xZy2,New York Jets v. Las Vegas Raiders,2026-11-01,13:00:00,False,onsale,MetLife Stadium,East Rutherford,,,,,2026-05-15T16:00:00Z,2026-11-01T19:00:00Z,There is a six (6) ticket limit per account.,https://www.ticketmaster.com/new-york-jets-v-las-vegas-east-rutherford-new-jersey-11-01-2026/event/00006488E1880E4F
2026-09-29T15:00:23+00:00,nfl_metlife,k7vGF_FN-J8Bt,New York Jets v. Cleveland Browns,2026-10-11,13:00:00,False,onsale,MetLife Stadium,East Rutherford,,,,,2026-05-15T16:00:00Z,2026-10-11T18:00:00Z,There is a six (6) ticket limit per account.,https://www.ticketmaster.com/new-york-jets-v-cleveland-browns-east-rutherford-new-jersey-10-11-2026/event/00006488E1990EA9
2026-09-29T15:00:23+00:00,nfl_metlife,k7vGF_FN-PZB_,New York Jets v. Denver Broncos,2026-12-13,13:00:00,False,onsale,MetLife Stadium,East Rutherford,,,,,2026-05-15T16:00:00Z,2026-12-13T19:00:00Z,There is a six (6) ticket limit per account.,https://www.ticketmaster.com/new-york-jets-v-denver-broncos-east-rutherford-new-jersey-12-13-2026/event/00006488E1940E99
2026-09-29T15:00:23+00:00,nfl_metlife,k7vGF_FN-OOzB,New York Jets v. Miami Dolphins,2026-10-25,13:00:00,False,onsale,MetLife Stadium,East Rutherford,,,,,2026-05-15T16:00:00Z,2026-10-25T18:00:00Z,There is a six (6) ticket limit per account.,https://www.ticketmaster.com/new-york-jets-v-miami-dolphins-east-rutherford-new-jersey-10-25-2026/event/00006488E1820E3A
2026-09-29T15:00:23+00:00,nfl_metlife,k7vGF_FN-LZzc,New York Jets v. Minnesota Vikings,2027-01-03,13:00:00,False,onsale,MetLife Stadium,East Rutherford,,,,,2026-05-15T16:00:00Z,2027-01-03T19:00:00Z,There is a six (6) ticket limit per account.,https://www.ticketmaster.com/new-york-jets-v-minnesota-vikings-east-rutherford-new-jersey-01-03-2027/event/00006488E17C0E2D
2026-09-29T15:00:23+00:00,nfl_metlife,k7vGF_FN-qYMW,New York Jets v. New England Patriots,2026-12-27,13:00:00,False,onsale,MetLife Stadium,East Rutherford,,,,,2026-05-15T16:00:00Z,2026-12-27T19:00:00Z,There is a six (6) ticket limit per account.,https://www.ticketmaster.com/new-york-jets-v-new-england-east-rutherford-new-jersey-12-27-2026/event/00006488E1770DFD
2026-09-29T15:01:31+00:00,mlb_postseason,G5vVZ_3wH1uYn,2026 NY Yankees v Boston Red Sox Wild Card Game 1,2026-09-29,20:00:00,False,onsale,Yankee Stadium,Bronx,,,,,2026-09-18T18:00:00Z,2026-09-30T01:00:00Z,Only a LIMITED number of Tickets (as determined by the Yankees in its sole and absolute discretion) will be made available during the presale.Maximum of eight (8) Tickets to each potential game scheduled to be played during the 2026 Wild Card and ALDS.,https://www.ticketmaster.com/2026-ny-yankees-v-boston-red-bronx-new-york-09-29-2026/event/1D00652CBC28DC2A
2026-09-29T15:01:31+00:00,mlb_postseason,G5vVZ_3wWEXeS,2026 NY Yankees v Boston Red Sox Wild Card Game 2,2026-09-30,20:00:00,False,onsale,Yankee Stadium,Bronx,,,,,2026-09-18T18:00:00Z,2026-10-01T01:00:00Z,Only a LIMITED number of Tickets (as determined by the Yankees in its sole and absolute discretion) will be made available during the presale.Maximum of eight (8) Tickets to each potential game scheduled to be played during the 2026 Wild Card and ALDS.,https://www.ticketmaster.com/2026-ny-yankees-v-boston-red-bronx-new-york-09-30-2026/event/1D00652CBD9FE0B3
2026-09-29T15:01:31+00:00,mlb_postseason,G5vVZ_3wWiXdW,2026 NY Yankees v Boston Red Sox Wild Card Game 3,2026-10-01,20:00:00,False,onsale,Yankee Stadium,Bronx,,,,,2026-09-18T18:00:00Z,2026-10-02T01:00:00Z,Only a LIMITED number of Tickets (as determined by the Yankees in its sole and absolute discretion) will be made available during the presale.Maximum of eight (8) Tickets to each potential game scheduled to be played during the 2026 Wild Card and ALDS.,https://www.ticketmaster.com/2026-ny-yankees-v-boston-red-bronx-new-york-10-01-2026/event/1D00652CBDB3E0FD
2026-09-29T15:01:31+00:00,mlb_postseason,G5vVZ_3Yebnyg,Pinstripe Pass * 2026 NY Yankees v Boston Red Sox Wild Card Game 1,2026-09-29,20:00:00,False,onsale,Yankee Stadium,Bronx,,,,,2026-09-18T18:00:00Z,2026-09-30T01:00:00Z,Only a LIMITED number of Tickets (as determined by the Yankees in its sole and absolute discretion) will be made available during the presale.Maximum of eight (8) Tickets to each potential game scheduled to be played during the 2026 Wild Card and ALDS.,https://www.ticketmaster.com/pinstripe-pass-2026-ny-yankees-v-bronx-new-york-09-29-2026/event/1D00652C0262AE75
2026-09-29T15:01:31+00:00,mlb_postseason,G5vVZ_3wcRlFC,2026 NY Yankees v Boston Red Sox Wild Card Game 1 * Premium Seating *,2026-09-29,20:00:00,False,onsale,Yankee Stadium,Bronx,,,,,2026-09-18T18:00:00Z,2026-09-30T01:00:00Z,Only a LIMITED number of Tickets (as determined by the Yankees in its sole and absolute discretion) will be made available during the presale.Maximum of eight (8) Tickets to each potential game scheduled to be played during the 2026 Wild Card and ALDS.,https://www.ticketmaster.com/2026-ny-yankees-v-boston-red-bronx-new-york-09-29-2026/event/1D00652CADBEB20E
2026-09-29T15:01:31+00:00,mlb_postseason,G5vVZ_3YdsD5c,Pinstripe Pass * 2026 NY Yankees v Boston Red Sox Wild Card Game 2,2026-09-30,20:00:00,False,onsale,Yankee Stadium,Bronx,,,,,2026-09-18T18:00:00Z,2026-10-01T01:00:00Z,Only a LIMITED number of Tickets (as determined by the Yankees in its sole and absolute discretion) will be made available during the presale.Maximum of eight (8) Tickets to each potential game scheduled to be played during the 2026 Wild Card and ALDS.,https://www.ticketmaster.com/pinstripe-pass-2026-ny-yankees-v-bronx-new-york-09-30-2026/event/1D00652C03C7B2ED
2026-09-29T15:01:31+00:00,mlb_postseason,G5vVZ_3wSFHFF,2026 NY Yankees v Boston Red Sox Wild Card Game 2 * Premium Seating *,2026-09-30,20:00:00,False,onsale,Yankee Stadium,Bronx,,,,,2026-09-18T18:00:00Z,2026-10-01T01:00:00Z,Only a LIMITED number of Tickets (as determined by the Yankees in its sole and absolute discretion) will be made available during the presale.Maximum of eight (8) Tickets to each potential game scheduled to be played during the 2026 Wild Card and ALDS.,https://www.ticketmaster.com/2026-ny-yankees-v-boston-red-bronx-new-york-09-30-2026/event/1D00652CB323C208
2026-09-29T15:01:31+00:00,mlb_postseason,G5vVZ_3wS_H1X,2026 NY Yankees v Boston Red Sox Wild Card Game 3 * Premium Seating *,2026-10-01,20:00:00,False,onsale,Yankee Stadium,Bronx,,,,,2026-09-18T18:00:00Z,2026-10-02T01:00:00Z,Only a LIMITED number of Tickets (as determined by the Yankees in its sole and absolute discretion) will be made available during the presale.Maximum of eight (8) Tickets to each potential game scheduled to be played during the 2026 Wild Card and ALDS.,https://www.ticketmaster.com/2026-ny-yankees-v-boston-red-bronx-new-york-10-01-2026/event/1D00652CB367C2BE
2026-09-29T15:01:31+00:00,mlb_postseason,G5vVZ_3wWBCk9,2026 NY Yankees Division Series Home Game 1,2026-10-07,,True,offsale,Yankee Stadium,Bronx,,,,,2026-09-18T18:00:00Z,,Only a LIMITED number of Tickets (as determined by the Yankees in its sole and absolute discretion) will be made available during the presale.Maximum of eight (8) Tickets to each potential game scheduled to be played during the 2026 Wild Card and ALDS.,https://www.ticketmaster.com/2026-ny-yankees-division-series-home-bronx-new-york-10-07-2026/event/1D00652CBDE8E197
2026-09-29T15:01:31+00:00,mlb_postseason,G5vVZ_3YdVlG6,Pinstripe Pass * 2026 NY Yankees v Boston Red Sox Wild Card Game 3,2026-10-01,20:00:00,False,onsale,Yankee Stadium,Bronx,,,,,2026-09-18T18:00:00Z,2026-10-02T01:00:00Z,Only a LIMITED number of Tickets (as determined by the Yankees in its sole and absolute discretion) will be made available during the presale.Maximum of eight (8) Tickets to each potential game scheduled to be played during the 2026 Wild Card and ALDS.,https://www.ticketmaster.com/pinstripe-pass-2026-ny-yankees-v-bronx-new-york-10-01-2026/event/1D00652C03D2B307
2026-09-29T15:01:31+00:00,mlb_postseason,G5vVZ_3wXaCa8,2026 NY Yankees Division Series Home Game 2,2026-10-08,,True,offsale,Yankee Stadium,Bronx,,,,,2026-09-18T18:00:00Z,,Only a LIMITED number of Tickets (as determined by the Yankees in its sole and absolute discretion) will be made available during the presale.Maximum of eight (8) Tickets to each potential game scheduled to be played during the 2026 Wild Card and ALDS.,https://www.ticketmaster.com/2026-ny-yankees-division-series-home-bronx-new-york-10-08-2026/event/1D00652CBE24E250
2026-09-29T15:01:31+00:00,mlb_postseason,G5vVZ_3Y7oDKe,Pinstripe Pass * 2026 NY Yankees Division Series Home Game 1,2026-10-07,,True,offsale,Yankee Stadium,Bronx,,,,,2026-09-18T18:00:00Z,,Only a LIMITED number of Tickets (as determined by the Yankees in its sole and absolute discretion) will be made available during the presale.Maximum of eight (8) Tickets to each potential game scheduled to be played during the 2026 Wild Card and ALDS.,https://www.ticketmaster.com/pinstripe-pass-2026-ny-yankees-division-bronx-new-york-10-07-2026/event/1D00652C0447B4C2
2026-09-29T15:01:31+00:00,mlb_postseason,G5vVZ_3wSMGo3,2026 NY Yankees Division Series Home Game 1 * Premium Seating *,2026-10-07,,True,offsale,Yankee Stadium,Bronx,,,,,2026-09-18T18:00:00Z,,Only a LIMITED number of Tickets (as determined by the Yankees in its sole and absolute discretion) will be made available during the presale.Maximum of eight (8) Tickets to each potential game scheduled to be played during the 2026 Wild Card and ALDS.,https://www.ticketmaster.com/2026-ny-yankees-division-series-home-bronx-new-york-10-07-2026/event/1D00652CB3DCC452
2026-09-29T15:01:31+00:00,mlb_postseason,G5vVZ_3Y7ql4F,Pinstripe Pass * 2026 NY Yankees Division Series Home Game 2,2026-10-08,,True,offsale,Yankee Stadium,Bronx,,,,,2026-09-18T18:00:00Z,,Only a LIMITED number of Tickets (as determined by the Yankees in its sole and absolute discretion) will be made available during the presale.Maximum of eight (8) Tickets to each potential game scheduled to be played during the 2026 Wild Card and ALDS.,https://www.ticketmaster.com/pinstripe-pass-2026-ny-yankees-division-bronx-new-york-10-08-2026/event/1D00652C0476B548
2026-09-29T15:01:31+00:00,mlb_postseason,G5vVZ_3wzZqvA,2026 NY Yankees Division Series Home Game 2 * Premium Seating *,2026-10-08,,True,offsale,Yankee Stadium,Bronx,,,,,2026-09-18T18:00:00Z,,Only a LIMITED number of Tickets (as determined by the Yankees in its sole and absolute discretion) will be made available during the presale.Maximum of eight (8) Tickets to each potential game scheduled to be played during the 2026 Wild Card and ALDS.,https://www.ticketmaster.com/2026-ny-yankees-division-series-home-bronx-new-york-10-08-2026/event/1D00652CB801D045
2026-09-29T15:01:31+00:00,mlb_postseason,Z7r9jZ1AAZP3b,TBD at Los Angeles Dodgers: NLDS (Home Game 1),2026-10-03,18:08:00,False,onsale,UNIQLO Field at Dodger Stadium,Los Angeles,,,,,1900-01-01T18:00:00Z,2026-10-04T03:08:00Z,,https://www.ticketmaster.com/event/Z7r9jZ1AAZP3b
2026-09-29T15:01:31+00:00,mlb_postseason,Z7r9jZ1AAZP3_,TBD at Los Angeles Dodgers: NLDS (Home Game 2),2026-10-04,18:08:00,False,onsale,UNIQLO Field at Dodger Stadium,Los Angeles,,,,,1900-01-01T18:00:00Z,2026-10-05T03:08:00Z,,https://www.ticketmaster.com/event/Z7r9jZ1AAZP3_
2026-09-29T15:01:31+00:00,mlb_postseason,Z7r9jZ1AAZPfZ,"TBD at Los Angeles Dodgers: NLDS (Home Game 3, If Necessary)",2026-10-09,18:08:00,False,onsale,UNIQLO Field at Dodger Stadium,Los Angeles,,,,,1900-01-01T18:00:00Z,2026-10-10T03:08:00Z,,https://www.ticketmaster.com/event/Z7r9jZ1AAZPfZ
2026-09-29T15:01:31+00:00,mlb_postseason,Z7r9jZ1AAZMa7,Chicago Cubs at San Diego Padres: NL Wild Card (Home Game 1),2026-09-29,19:00:00,False,onsale,PETCO Park,San Diego,,,,,1900-01-01T18:00:00Z,2026-09-30T03:30:00Z,,https://www.ticketmaster.com/event/Z7r9jZ1AAZMa7
2026-09-29T15:01:31+00:00,mlb_postseason,Z7r9jZ1AAZIk6,Chicago Cubs at San Diego Padres: NL Wild Card (Home Game 2),2026-09-30,19:00:00,False,onsale,PETCO Park,San Diego,,,,,1900-01-01T18:00:00Z,2026-10-01T03:30:00Z,,https://www.ticketmaster.com/event/Z7r9jZ1AAZIk6
2026-09-29T15:01:31+00:00,mlb_postseason,vvG1zZ_o1HYDbV,Atlanta Braves Wild Card Game 1,2026-09-29,14:00:00,False,onsale,Truist Park,Atlanta,,,,,2026-09-17T17:00:00Z,2026-09-29T19:00:00Z,There is an overall 6 ticket limit for this event.,https://www.ticketmaster.com/atlanta-braves-wild-card-game-1-atlanta-georgia-09-29-2026/event/0E006512BCC3B634
2026-09-29T15:01:31+00:00,mlb_postseason,Z7r9jZ1AAZU4s,Chicago White Sox at Houston Astros: AL Wild Card (Home Game 1),2026-09-29,16:00:00,False,onsale,Daikin Park,Houston,,,,,1900-01-01T18:00:00Z,2026-09-29T22:30:00Z,,https://www.ticketmaster.com/event/Z7r9jZ1AAZU4s
2026-09-29T15:01:31+00:00,mlb_postseason,vvG1zZ_o1Hwh_e,Atlanta Braves Wild Card Game 2,2026-09-30,14:00:00,False,onsale,Truist Park,Atlanta,,,,,2026-09-17T17:00:00Z,2026-09-30T19:00:00Z,There is an overall 6 ticket limit for this event.,https://www.ticketmaster.com/atlanta-braves-wild-card-game-2-atlanta-georgia-09-30-2026/event/0E006512BCC9B642
2026-09-29T15:01:31+00:00,mlb_postseason,vvG1zZ_o1HSl_o,Atlanta Braves Wild Card Game 3,2026-10-01,,True,onsale,Truist Park,Atlanta,,,,,2026-09-17T17:00:00Z,2026-10-02T02:00:00Z,There is an overall 6 ticket limit for this event.,https://www.ticketmaster.com/atlanta-braves-wild-card-game-3-atlanta-georgia-10-01-2026/event/0E006512BCCEB651
2026-09-29T15:01:31+00:00,mlb_postseason,vvG18Z_GRS2g-o,ALDS Home Game 1,2026-10-07,,False,onsale,Rate Field,Chicago,,,,,2026-09-18T19:00:00Z,2026-10-07T05:00:00Z,There is a 6 ticket limit for this event.,https://www.ticketmaster.com/alds-home-game-1-chicago-illinois-10-07-2026/event/040064CBF33F5851
2026-09-29T15:01:31+00:00,mlb_postseason,Z7r9jZ1AAZIAy,"Chicago Cubs at San Diego Padres: NL Wild Card (Home Game 3, If Necessary)",2026-10-01,19:00:00,False,onsale,PETCO Park,San Diego,,,,,1900-01-01T18:00:00Z,2026-10-02T03:30:00Z,,https://www.ticketmaster.com/event/Z7r9jZ1AAZIAy
2026-09-29T15:01:31+00:00,mlb_postseason,Z7r9jZ1AAZU4Y,Chicago White Sox at Houston Astros: AL Wild Card (Home Game 2),2026-09-30,16:00:00,False,onsale,Daikin Park,Houston,,,,,1900-01-01T18:00:00Z,2026-09-30T22:30:00Z,,https://www.ticketmaster.com/event/Z7r9jZ1AAZU4Y
2026-09-29T15:01:31+00:00,mlb_postseason,vvG18Z_GRSog-J,ALDS Home Game 2,2026-10-08,,False,onsale,Rate Field,Chicago,,,,,2026-09-18T19:00:00Z,2026-10-08T05:00:00Z,There is a 6 ticket limit for this event.,https://www.ticketmaster.com/alds-home-game-2-chicago-illinois-10-08-2026/event/040064CBF3475866
2026-09-29T15:01:31+00:00,mlb_postseason,vvG1zZ_o5frqHF,Atlanta Braves Wild Card Game 1 * Premium Seating *,2026-09-29,14:00:00,False,onsale,Truist Park,Atlanta,,,,,2026-09-17T17:00:00Z,2026-09-29T19:00:00Z,There is an overall 6 ticket limit for this event.,https://www.ticketmaster.com/atlanta-braves-wild-card-game-1-atlanta-georgia-09-29-2026/event/0E006512D479DF08
2026-09-29T15:01:31+00:00,mlb_postseason,vvG1zZ_o1Hc5b9,Atlanta Braves NLDS Home Game 1,2026-10-06,,True,onsale,Truist Park,Atlanta,,,,,2026-09-17T17:00:00Z,2026-10-07T02:00:00Z,There is an overall 6 ticket limit for this event.,https://www.ticketmaster.com/atlanta-braves-nlds-home-game-1-atlanta-georgia-10-06-2026/event/0E006512BCB4B617
2026-09-29T15:01:31+00:00,mlb_postseason,vvG1zZ_o5fLcHf,Atlanta Braves Wild Card Game 2 * Premium Seating *,2026-09-30,14:00:00,False,onsale,Truist Park,Atlanta,,,,,2026-09-17T17:00:00Z,2026-09-30T19:00:00Z,There is an overall 6 ticket limit for this event.,https://www.ticketmaster.com/atlanta-braves-wild-card-game-2-atlanta-georgia-09-30-2026/event/0E006512D47EDF14
2026-09-29T15:01:31+00:00,mlb_postseason,G5vVZbzmDC45b,Postseason Pregame Tour*2026 Wild Card Game 2,2026-09-30,,True,offsale,Yankee Stadium,Bronx,,,,,,,There is a nineteen (19) ticket limit per Tour event.,https://www.ticketmaster.com/postseason-pregame-tour2026-wild-card-game-bronx-new-york-09-30-2026/event/1D00638BBB3952D8
2026-09-29T15:01:31+00:00,mlb_postseason,G5vVZbzmDC45f,Postseason Pregame Tour*2026 Wild Card Game 1,2026-09-29,,True,offsale,Yankee Stadium,Bronx,,,,,,,There is a nineteen (19) ticket limit per Tour event.,https://www.ticketmaster.com/postseason-pregame-tour2026-wild-card-game-bronx-new-york-09-29-2026/event/1D00638BBB3952D4
2026-09-29T15:01:31+00:00,mlb_postseason,G5vVZbzmDCP5Q,Postseason Pregame Tour*2026 Wild Card Game 3,2026-10-01,,True,offsale,Yankee Stadium,Bronx,,,,,,,There is a nineteen (19) ticket limit per Tour event.,https://www.ticketmaster.com/postseason-pregame-tour2026-wild-card-game-bronx-new-york-10-01-2026/event/1D00638BBB3A52DA
2026-09-29T15:01:31+00:00,mlb_postseason,G5vVZbydnigr-,Postseason Premium Pregame Tour*2026 Wild Card Game 1,2026-09-29,,True,offsale,Yankee Stadium,Bronx,,,,,,,There is a nine (9) ticket limit per Tour event.,https://www.ticketmaster.com/postseason-premium-pregame-tour2026-wild-card-bronx-new-york-09-29-2026/event/1D006390EAB357A1
2026-09-29T15:01:31+00:00,mlb_postseason,G5vVZbydnigrN,Postseason Premium Pregame Tour*2026 Wild Card Game 2,2026-09-30,,True,offsale,Yankee Stadium,Bronx,,,,,,,There is a nine (9) ticket limit per Tour event.,https://www.ticketmaster.com/postseason-premium-pregame-tour2026-wild-card-bronx-new-york-09-30-2026/event/1D006390EAB357A3
2026-09-29T15:01:31+00:00,mlb_postseason,G5vVZbzRDh9cV,Postseason Pregame Glimpse of Greatness Tour*2026 Wild Card Game 1,2026-09-29,,True,offsale,Yankee Stadium,Bronx,,,,,,,There is a nineteen (19) ticket limit per Tour event.,https://www.ticketmaster.com/postseason-pregame-glimpse-of-greatness-tour2026-bronx-new-york-09-29-2026/event/1D00638BFB6D7B74
2026-09-29T15:01:31+00:00,mlb_postseason,G5vVZbzRDhEcU,Postseason Pregame Glimpse of Greatness Tour*2026 Wild Card Game 2,2026-09-30,,True,offsale,Yankee Stadium,Bronx,,,,,,,There is a nineteen (19) ticket limit per Tour event.,https://www.ticketmaster.com/postseason-pregame-glimpse-of-greatness-tour2026-bronx-new-york-09-30-2026/event/1D00638BFB6E7B76
2026-09-29T15:01:31+00:00,mlb_postseason,G5vVZbydnigrP,Postseason Premium Pregame Tour*2026 Wild Card Game 3,2026-10-01,,True,offsale,Yankee Stadium,Bronx,,,,,,,There is a nine (9) ticket limit per Tour event.,https://www.ticketmaster.com/postseason-premium-pregame-tour2026-wild-card-bronx-new-york-10-01-2026/event/1D006390EAB357A5
2026-09-29T15:01:31+00:00,mlb_postseason,G5vVZbzRDhEcz,Postseason Pregame Glimpse of Greatness Tour*2026 Wild Card Game 3,2026-10-01,,True,offsale,Yankee Stadium,Bronx,,,,,,,There is a nineteen (19) ticket limit per Tour event.,https://www.ticketmaster.com/postseason-pregame-glimpse-of-greatness-tour2026-bronx-new-york-10-01-2026/event/1D00638BFB6E7B78
2026-09-29T15:01:31+00:00,mlb_postseason,vvG1zZ_o5fOWHh,Atlanta Braves Wild Card Game 3 * Premium Seating *,2026-10-01,,True,onsale,Truist Park,Atlanta,,,,,2026-09-17T17:00:00Z,2026-10-02T02:00:00Z,There is an overall 6 ticket limit for this event.,https://www.ticketmaster.com/atlanta-braves-wild-card-game-3-atlanta-georgia-10-01-2026/event/0E006512D483DF1B
2026-09-29T15:01:31+00:00,mlb_postseason,Z7r9jZ1AAZ4fk,TBD at Cleveland Guardians: ALDS (Home Game 1),2026-10-03,,True,onsale,Progressive Field,Cleveland,,,,,1900-01-01T18:00:00Z,2026-10-04T04:29:20Z,,https://www.ticketmaster.com/event/Z7r9jZ1AAZ4fk
2026-09-29T15:01:31+00:00,mlb_postseason,vvG1zZ_o1HmhbP,Atlanta Braves NLDS Home Game 2,2026-10-07,,True,onsale,Truist Park,Atlanta,,,,,2026-09-17T17:00:00Z,2026-10-08T02:00:00Z,There is an overall 6 ticket limit for this event.,https://www.ticketmaster.com/atlanta-braves-nlds-home-game-2-atlanta-georgia-10-07-2026/event/0E006512BCB9B625
2026-09-29T15:01:31+00:00,mlb_postseason,vvG18Z_GRS4Axp,ALCS Home Game 1,2026-10-15,,False,onsale,Rate Field,Chicago,,,,,2026-09-18T19:00:00Z,2026-10-15T05:00:00Z,There is a 6 ticket limit for this event.,https://www.ticketmaster.com/alcs-home-game-1-chicago-illinois-10-15-2026/event/040064CBF3545896
2026-09-29T15:01:31+00:00,mlb_postseason,vvG1zZ_o1HRlbR,Atlanta Braves NLDS Home Game 3,2026-10-09,,False,cancelled,Truist Park,Atlanta,,,,,2026-09-17T17:00:00Z,2026-10-09T05:00:00Z,There is an overall 6 ticket limit for this event.,https://www.ticketmaster.com/atlanta-braves-nlds-home-game-3-atlanta-georgia-10-09-2026/event/0E006512BCBEB62F
2026-09-29T15:01:31+00:00,mlb_postseason,vvG1zZ_o5fhuDl,Atlanta Braves NLDS Home Game 1 * Premium Seating *,2026-10-06,,True,onsale,Truist Park,Atlanta,,,,,2026-09-17T17:00:00Z,2026-10-07T02:00:00Z,There is an overall 6 ticket limit for this event.,https://www.ticketmaster.com/atlanta-braves-nlds-home-game-1-atlanta-georgia-10-06-2026/event/0E006512D46CDEEB
2026-09-29T15:01:31+00:00,mlb_postseason,vvG1zZ_o5fjqDm,Atlanta Braves NLDS Home Game 2 * Premium Seating *,2026-10-07,,True,onsale,Truist Park,Atlanta,,,,,2026-09-17T17:00:00Z,2026-10-08T02:00:00Z,There is an overall 6 ticket limit for this event.,https://www.ticketmaster.com/atlanta-braves-nlds-home-game-2-atlanta-georgia-10-07-2026/event/0E006512D471DEEE
2026-09-29T15:01:31+00:00,mlb_postseason,vvG18Z_GRSpPxP,ALCS Home Game 2,2026-10-16,,False,onsale,Rate Field,Chicago,,,,,2026-09-18T19:00:00Z,2026-10-16T05:00:00Z,There is a 6 ticket limit for this event.,https://www.ticketmaster.com/alcs-home-game-2-chicago-illinois-10-16-2026/event/040064CBF35A58A5
2026-09-29T15:01:31+00:00,mlb_postseason,vvG1zZ_o5fqqDy,Atlanta Braves NLDS Home Game 3 * Premium Seating *,2026-10-09,,False,cancelled,Truist Park,Atlanta,,,,,2026-09-17T17:00:00Z,2026-10-09T05:00:00Z,There is an overall 6 ticket limit for this event.,https://www.ticketmaster.com/atlanta-braves-nlds-home-game-3-atlanta-georgia-10-09-2026/event/0E006512D475DEF9
2026-09-29T15:01:31+00:00,mlb_postseason,vvG18Z_GRSb4xs,ALCS Home Game 3,2026-10-17,,False,onsale,Rate Field,Chicago,,,,,2026-09-18T19:00:00Z,2026-10-17T05:00:00Z,There is a 6 ticket limit for this event.,https://www.ticketmaster.com/alcs-home-game-3-chicago-illinois-10-17-2026/event/040064CBF36158B1
2026-09-29T15:01:31+00:00,mlb_postseason,Z7r9jZ1AAZ4Gz,"Chicago White Sox at Houston Astros: AL Wild Card (Home Game 3, If Necessary)",2026-10-01,16:00:00,False,onsale,Daikin Park,Houston,,,,,1900-01-01T06:00:00Z,2026-10-01T22:30:00Z,,https://www.ticketmaster.com/event/Z7r9jZ1AAZ4Gz
2026-09-29T15:01:31+00:00,mlb_postseason,1kk8vPk6GAuJdJu,NLCS Home Game 3,2026-10-16,,True,cancelled,Chase Field,Phoenix,,,,,2026-09-25T16:00:00Z,2026-10-17T05:00:00Z,There is an eight (8) ticket limit for this event.,https://www.ticketmaster.com/nlcs-home-game-3-phoenix-arizona-10-16-2026/event/190065187D98398D
2026-09-29T15:01:31+00:00,mlb_postseason,Z7r9jZ1AAZ4f6,TBD at Cleveland Guardians: ALDS (Home Game 2),2026-10-05,,True,onsale,Progressive Field,Cleveland,,,,,1900-01-01T18:00:00Z,2026-10-06T04:29:20Z,,https://www.ticketmaster.com/event/Z7r9jZ1AAZ4f6
2026-09-29T15:01:31+00:00,mlb_postseason,Z7r9jZ1AAZ437,"TBD at Cleveland Guardians: ALDS (Home Game 3, If Necessary)",2026-10-10,,True,onsale,Progressive Field,Cleveland,,,,,1900-01-01T18:00:00Z,2026-10-11T04:29:20Z,,https://www.ticketmaster.com/event/Z7r9jZ1AAZ437
2026-09-29T15:01:31+00:00,mlb_postseason,Z7r9jZ1A7JpJ3,TBD at Milwaukee Brewers: NLDS (Home Game 1),2026-10-03,19:00:00,False,onsale,American Family Field,Milwaukee,,,,,1900-01-01T18:00:00Z,2026-10-04T01:30:00Z,,https://www.ticketmaster.com/event/Z7r9jZ1A7JpJ3
2026-09-29T15:01:31+00:00,mlb_postseason,Z7r9jZ1AAZ4Gw,TBD at Tampa Bay Rays: ALDS (Home Game 1),2026-10-03,00:00:00,False,onsale,Tropicana Field,Saint Petersburg,,,,,1900-01-01T06:00:00Z,2026-10-03T05:30:00Z,,https://www.ticketmaster.com/event/Z7r9jZ1AAZ4Gw
2026-09-29T15:01:31+00:00,mlb_postseason,Z7r9jZ1AAZ4Gs,TBD at Tampa Bay Rays: ALDS (Home Game 2),2026-10-05,00:00:00,False,onsale,Tropicana Field,Saint Petersburg,,,,,1900-01-01T06:00:00Z,2026-10-05T05:30:00Z,,https://www.ticketmaster.com/event/Z7r9jZ1AAZ4Gs
2026-09-29T15:01:31+00:00,mlb_postseason,Z7r9jZ1AAZ4uo,"TBD at Tampa Bay Rays: ALDS (Home Game 3, If Necessary)",2026-10-10,00:00:00,False,onsale,Tropicana Field,Saint Petersburg,,,,,1900-01-01T06:00:00Z,2026-10-10T05:30:00Z,,https://www.ticketmaster.com/event/Z7r9jZ1AAZ4uo
2026-09-29T15:01:31+00:00,mlb_postseason,Z7r9jZ1A7JpP0,TBD at Milwaukee Brewers: NLDS (Home Game 2),2026-10-04,19:00:00,False,onsale,American Family Field,Milwaukee,,,,,1900-01-01T18:00:00Z,2026-10-05T01:30:00Z,,https://www.ticketmaster.com/event/Z7r9jZ1A7JpP0
2026-09-29T15:01:31+00:00,mlb_postseason,Z7r9jZ1AAZEj4,"TBD at Milwaukee Brewers: NLDS (Home Game 3, If Necessary)",2026-10-09,19:00:00,False,onsale,American Family Field,Milwaukee,,,,,1900-01-01T18:00:00Z,2026-10-10T01:30:00Z,,https://www.ticketmaster.com/event/Z7r9jZ1AAZEj4
2026-09-29T15:01:31+00:00,nfl_metlife,k7vGF_a6ecuTM,New York Giants vs. Arizona Cardinals,2026-10-04,13:00:00,False,onsale,MetLife Stadium,East Rutherford,,,,,2026-05-14T23:30:00Z,2026-10-04T18:00:00Z,There is a six (6) ticket limit per household.,https://www.ticketmaster.com/new-york-giants-vs-arizona-cardinals-east-rutherford-new-jersey-10-04-2026/event/00006491C2B4DFF7
2026-09-29T15:01:31+00:00,nfl_metlife,k7vGF_a6eVCZ0,New York Giants vs. New Orleans Saints,2026-10-18,13:00:00,False,onsale,MetLife Stadium,East Rutherford,,,,,2026-05-14T23:30:00Z,2026-10-18T18:00:00Z,There is a six (6) ticket limit per household.,https://www.ticketmaster.com/new-york-giants-vs-new-orleans-east-rutherford-new-jersey-10-18-2026/event/00006491C2D0E024
2026-09-29T15:01:31+00:00,nfl_metlife,k7vGF_a6ezmvd,New York Giants vs. San Francisco 49ers,2026-12-06,13:00:00,False,onsale,MetLife Stadium,East Rutherford,,,,,2026-05-14T23:30:00Z,2026-12-06T19:00:00Z,There is a six (6) ticket limit per household.,https://www.ticketmaster.com/new-york-giants-vs-san-francisco-east-rutherford-new-jersey-12-06-2026/event/00006491C2E2E043
2026-09-29T15:01:31+00:00,nfl_metlife,k7vGF_a6ewmZ_,New York Giants vs. Jacksonville Jaguars,2026-11-22,13:00:00,False,onsale,MetLife Stadium,East Rutherford,,,,,2026-05-14T23:30:00Z,2026-11-22T19:00:00Z,There is a six (6) ticket limit per household.,https://www.ticketmaster.com/new-york-giants-vs-jacksonville-jaguars-east-rutherford-new-jersey-11-22-2026/event/00006491C2CAE019
2026-09-29T15:01:31+00:00,nfl_metlife,k7vGF_a6eRmZe,New York Giants vs. Cleveland Browns,2026-12-20,13:00:00,False,onsale,MetLife Stadium,East Rutherford,,,,,2026-05-14T23:30:00Z,2026-12-20T19:00:00Z,There is a six (6) ticket limit per household.,https://www.ticketmaster.com/new-york-giants-vs-cleveland-browns-east-rutherford-new-jersey-12-20-2026/event/00006491C2BEE002
2026-09-29T15:01:31+00:00,nfl_metlife,k7vGF_a6eDmv8,New York Giants vs. Washington Commanders,2026-11-12,20:15:00,False,onsale,MetLife Stadium,East Rutherford,,,,,2026-05-14T23:30:00Z,2026-11-13T02:15:00Z,There is a six (6) ticket limit per household.,https://www.ticketmaster.com/new-york-giants-vs-washington-commanders-east-rutherford-new-jersey-11-12-2026/event/00006491C2EEE050
2026-09-29T15:01:31+00:00,nfl_metlife,k7vGF_FN-EYBU,New York Jets v. Buffalo Bills,2026-11-15,13:00:00,False,onsale,MetLife Stadium,East Rutherford,,,,,2026-05-15T16:00:00Z,2026-11-15T19:00:00Z,There is a six (6) ticket limit per account.,https://www.ticketmaster.com/new-york-jets-v-buffalo-bills-east-rutherford-new-jersey-11-15-2026/event/00006488E19F0EB6
2026-09-29T15:01:31+00:00,nfl_metlife,k7vGF_FN-xZy2,New York Jets v. Las Vegas Raiders,2026-11-01,13:00:00,False,onsale,MetLife Stadium,East Rutherford,,,,,2026-05-15T16:00:00Z,2026-11-01T19:00:00Z,There is a six (6) ticket limit per account.,https://www.ticketmaster.com/new-york-jets-v-las-vegas-east-rutherford-new-jersey-11-01-2026/event/00006488E1880E4F
2026-09-29T15:01:31+00:00,nfl_metlife,k7vGF_FN-J8Bt,New York Jets v. Cleveland Browns,2026-10-11,13:00:00,False,onsale,MetLife Stadium,East Rutherford,,,,,2026-05-15T16:00:00Z,2026-10-11T18:00:00Z,There is a six (6) ticket limit per account.,https://www.ticketmaster.com/new-york-jets-v-cleveland-browns-east-rutherford-new-jersey-10-11-2026/event/00006488E1990EA9
2026-09-29T15:01:31+00:00,nfl_metlife,k7vGF_FN-PZB_,New York Jets v. Denver Broncos,2026-12-13,13:00:00,False,onsale,MetLife Stadium,East Rutherford,,,,,2026-05-15T16:00:00Z,2026-12-13T19:00:00Z,There is a six (6) ticket limit per account.,https://www.ticketmaster.com/new-york-jets-v-denver-broncos-east-rutherford-new-jersey-12-13-2026/event/00006488E1940E99
2026-09-29T15:01:31+00:00,nfl_metlife,k7vGF_FN-OOzB,New York Jets v. Miami Dolphins,2026-10-25,13:00:00,False,onsale,MetLife Stadium,East Rutherford,,,,,2026-05-15T16:00:00Z,2026-10-25T18:00:00Z,There is a six (6) ticket limit per account.,https://www.ticketmaster.com/new-york-jets-v-miami-dolphins-east-rutherford-new-jersey-10-25-2026/event/00006488E1820E3A
2026-09-29T15:01:31+00:00,nfl_metlife,k7vGF_FN-LZzc,New York Jets v. Minnesota Vikings,2027-01-03,13:00:00,False,onsale,MetLife Stadium,East Rutherford,,,,,2026-05-15T16:00:00Z,2027-01-03T19:00:00Z,There is a six (6) ticket limit per account.,https://www.ticketmaster.com/new-york-jets-v-minnesota-vikings-east-rutherford-new-jersey-01-03-2027/event/00006488E17C0E2D
2026-09-29T15:01:31+00:00,nfl_metlife,k7vGF_FN-qYMW,New York Jets v. New England Patriots,2026-12-27,13:00:00,False,onsale,MetLife Stadium,East Rutherford,,,,,2026-05-15T16:00:00Z,2026-12-27T19:00:00Z,There is a six (6) ticket limit per account.,https://www.ticketmaster.com/new-york-jets-v-new-england-east-rutherford-new-jersey-12-27-2026/event/00006488E1770DFD
2026-09-29T15:40:22+00:00,mlb_postseason,G5vVZ_3wH1uYn,2026 NY Yankees v Boston Red Sox Wild Card Game 1,2026-09-29,20:00:00,False,onsale,Yankee Stadium,Bronx,,,,,2026-09-18T18:00:00Z,2026-09-30T01:00:00Z,Only a LIMITED number of Tickets (as determined by the Yankees in its sole and absolute discretion) will be made available during the presale.Maximum of eight (8) Tickets to each potential game scheduled to be played during the 2026 Wild Card and ALDS.,https://www.ticketmaster.com/2026-ny-yankees-v-boston-red-bronx-new-york-09-29-2026/event/1D00652CBC28DC2A
2026-09-29T15:40:22+00:00,mlb_postseason,G5vVZ_3wWEXeS,2026 NY Yankees v Boston Red Sox Wild Card Game 2,2026-09-30,20:00:00,False,onsale,Yankee Stadium,Bronx,,,,,2026-09-18T18:00:00Z,2026-10-01T01:00:00Z,Only a LIMITED number of Tickets (as determined by the Yankees in its sole and absolute discretion) will be made available during the presale.Maximum of eight (8) Tickets to each potential game scheduled to be played during the 2026 Wild Card and ALDS.,https://www.ticketmaster.com/2026-ny-yankees-v-boston-red-bronx-new-york-09-30-2026/event/1D00652CBD9FE0B3
2026-09-29T15:40:22+00:00,mlb_postseason,G5vVZ_3wWiXdW,2026 NY Yankees v Boston Red Sox Wild Card Game 3,2026-10-01,20:00:00,False,onsale,Yankee Stadium,Bronx,,,,,2026-09-18T18:00:00Z,2026-10-02T01:00:00Z,Only a LIMITED number of Tickets (as determined by the Yankees in its sole and absolute discretion) will be made available during the presale.Maximum of eight (8) Tickets to each potential game scheduled to be played during the 2026 Wild Card and ALDS.,https://www.ticketmaster.com/2026-ny-yankees-v-boston-red-bronx-new-york-10-01-2026/event/1D00652CBDB3E0FD
2026-09-29T15:40:22+00:00,mlb_postseason,G5vVZ_3Yebnyg,Pinstripe Pass * 2026 NY Yankees v Boston Red Sox Wild Card Game 1,2026-09-29,20:00:00,False,onsale,Yankee Stadium,Bronx,,,,,2026-09-18T18:00:00Z,2026-09-30T01:00:00Z,Only a LIMITED number of Tickets (as determined by the Yankees in its sole and absolute discretion) will be made available during the presale.Maximum of eight (8) Tickets to each potential game scheduled to be played during the 2026 Wild Card and ALDS.,https://www.ticketmaster.com/pinstripe-pass-2026-ny-yankees-v-bronx-new-york-09-29-2026/event/1D00652C0262AE75
2026-09-29T15:40:22+00:00,mlb_postseason,G5vVZ_3wcRlFC,2026 NY Yankees v Boston Red Sox Wild Card Game 1 * Premium Seating *,2026-09-29,20:00:00,False,onsale,Yankee Stadium,Bronx,,,,,2026-09-18T18:00:00Z,2026-09-30T01:00:00Z,Only a LIMITED number of Tickets (as determined by the Yankees in its sole and absolute discretion) will be made available during the presale.Maximum of eight (8) Tickets to each potential game scheduled to be played during the 2026 Wild Card and ALDS.,https://www.ticketmaster.com/2026-ny-yankees-v-boston-red-bronx-new-york-09-29-2026/event/1D00652CADBEB20E
2026-09-29T15:40:22+00:00,mlb_postseason,G5vVZ_3YdsD5c,Pinstripe Pass * 2026 NY Yankees v Boston Red Sox Wild Card Game 2,2026-09-30,20:00:00,False,onsale,Yankee Stadium,Bronx,,,,,2026-09-18T18:00:00Z,2026-10-01T01:00:00Z,Only a LIMITED number of Tickets (as determined by the Yankees in its sole and absolute discretion) will be made available during the presale.Maximum of eight (8) Tickets to each potential game scheduled to be played during the 2026 Wild Card and ALDS.,https://www.ticketmaster.com/pinstripe-pass-2026-ny-yankees-v-bronx-new-york-09-30-2026/event/1D00652C03C7B2ED
2026-09-29T15:40:22+00:00,mlb_postseason,G5vVZ_3wSFHFF,2026 NY Yankees v Boston Red Sox Wild Card Game 2 * Premium Seating *,2026-09-30,20:00:00,False,onsale,Yankee Stadium,Bronx,,,,,2026-09-18T18:00:00Z,2026-10-01T01:00:00Z,Only a LIMITED number of Tickets (as determined by the Yankees in its sole and absolute discretion) will be made available during the presale.Maximum of eight (8) Tickets to each potential game scheduled to be played during the 2026 Wild Card and ALDS.,https://www.ticketmaster.com/2026-ny-yankees-v-boston-red-bronx-new-york-09-30-2026/event/1D00652CB323C208
2026-09-29T15:40:22+00:00,mlb_postseason,G5vVZ_3wS_H1X,2026 NY Yankees v Boston Red Sox Wild Card Game 3 * Premium Seating *,2026-10-01,20:00:00,False,onsale,Yankee Stadium,Bronx,,,,,2026-09-18T18:00:00Z,2026-10-02T01:00:00Z,Only a LIMITED number of Tickets (as determined by the Yankees in its sole and absolute discretion) will be made available during the presale.Maximum of eight (8) Tickets to each potential game scheduled to be played during the 2026 Wild Card and ALDS.,https://www.ticketmaster.com/2026-ny-yankees-v-boston-red-bronx-new-york-10-01-2026/event/1D00652CB367C2BE
2026-09-29T15:40:22+00:00,mlb_postseason,G5vVZ_3wWBCk9,2026 NY Yankees Division Series Home Game 1,2026-10-07,,True,offsale,Yankee Stadium,Bronx,,,,,2026-09-18T18:00:00Z,,Only a LIMITED number of Tickets (as determined by the Yankees in its sole and absolute discretion) will be made available during the presale.Maximum of eight (8) Tickets to each potential game scheduled to be played during the 2026 Wild Card and ALDS.,https://www.ticketmaster.com/2026-ny-yankees-division-series-home-bronx-new-york-10-07-2026/event/1D00652CBDE8E197
2026-09-29T15:40:22+00:00,mlb_postseason,G5vVZ_3YdVlG6,Pinstripe Pass * 2026 NY Yankees v Boston Red Sox Wild Card Game 3,2026-10-01,20:00:00,False,onsale,Yankee Stadium,Bronx,,,,,2026-09-18T18:00:00Z,2026-10-02T01:00:00Z,Only a LIMITED number of Tickets (as determined by the Yankees in its sole and absolute discretion) will be made available during the presale.Maximum of eight (8) Tickets to each potential game scheduled to be played during the 2026 Wild Card and ALDS.,https://www.ticketmaster.com/pinstripe-pass-2026-ny-yankees-v-bronx-new-york-10-01-2026/event/1D00652C03D2B307
2026-09-29T15:40:22+00:00,mlb_postseason,G5vVZ_3wXaCa8,2026 NY Yankees Division Series Home Game 2,2026-10-08,,True,offsale,Yankee Stadium,Bronx,,,,,2026-09-18T18:00:00Z,,Only a LIMITED number of Tickets (as determined by the Yankees in its sole and absolute discretion) will be made available during the presale.Maximum of eight (8) Tickets to each potential game scheduled to be played during the 2026 Wild Card and ALDS.,https://www.ticketmaster.com/2026-ny-yankees-division-series-home-bronx-new-york-10-08-2026/event/1D00652CBE24E250
2026-09-29T15:40:22+00:00,mlb_postseason,G5vVZ_3Y7oDKe,Pinstripe Pass * 2026 NY Yankees Division Series Home Game 1,2026-10-07,,True,offsale,Yankee Stadium,Bronx,,,,,2026-09-18T18:00:00Z,,Only a LIMITED number of Tickets (as determined by the Yankees in its sole and absolute discretion) will be made available during the presale.Maximum of eight (8) Tickets to each potential game scheduled to be played during the 2026 Wild Card and ALDS.,https://www.ticketmaster.com/pinstripe-pass-2026-ny-yankees-division-bronx-new-york-10-07-2026/event/1D00652C0447B4C2
2026-09-29T15:40:22+00:00,mlb_postseason,G5vVZ_3wSMGo3,2026 NY Yankees Division Series Home Game 1 * Premium Seating *,2026-10-07,,True,offsale,Yankee Stadium,Bronx,,,,,2026-09-18T18:00:00Z,,Only a LIMITED number of Tickets (as determined by the Yankees in its sole and absolute discretion) will be made available during the presale.Maximum of eight (8) Tickets to each potential game scheduled to be played during the 2026 Wild Card and ALDS.,https://www.ticketmaster.com/2026-ny-yankees-division-series-home-bronx-new-york-10-07-2026/event/1D00652CB3DCC452
2026-09-29T15:40:22+00:00,mlb_postseason,G5vVZ_3Y7ql4F,Pinstripe Pass * 2026 NY Yankees Division Series Home Game 2,2026-10-08,,True,offsale,Yankee Stadium,Bronx,,,,,2026-09-18T18:00:00Z,,Only a LIMITED number of Tickets (as determined by the Yankees in its sole and absolute discretion) will be made available during the presale.Maximum of eight (8) Tickets to each potential game scheduled to be played during the 2026 Wild Card and ALDS.,https://www.ticketmaster.com/pinstripe-pass-2026-ny-yankees-division-bronx-new-york-10-08-2026/event/1D00652C0476B548
2026-09-29T15:40:22+00:00,mlb_postseason,G5vVZ_3wzZqvA,2026 NY Yankees Division Series Home Game 2 * Premium Seating *,2026-10-08,,True,offsale,Yankee Stadium,Bronx,,,,,2026-09-18T18:00:00Z,,Only a LIMITED number of Tickets (as determined by the Yankees in its sole and absolute discretion) will be made available during the presale.Maximum of eight (8) Tickets to each potential game scheduled to be played during the 2026 Wild Card and ALDS.,https://www.ticketmaster.com/2026-ny-yankees-division-series-home-bronx-new-york-10-08-2026/event/1D00652CB801D045
2026-09-29T15:40:22+00:00,mlb_postseason,Z7r9jZ1AAZP3b,TBD at Los Angeles Dodgers: NLDS (Home Game 1),2026-10-03,18:08:00,False,onsale,UNIQLO Field at Dodger Stadium,Los Angeles,,,,,1900-01-01T18:00:00Z,2026-10-04T03:08:00Z,,https://www.ticketmaster.com/event/Z7r9jZ1AAZP3b
2026-09-29T15:40:22+00:00,mlb_postseason,Z7r9jZ1AAZP3_,TBD at Los Angeles Dodgers: NLDS (Home Game 2),2026-10-04,18:08:00,False,onsale,UNIQLO Field at Dodger Stadium,Los Angeles,,,,,1900-01-01T18:00:00Z,2026-10-05T03:08:00Z,,https://www.ticketmaster.com/event/Z7r9jZ1AAZP3_
2026-09-29T15:40:22+00:00,mlb_postseason,Z7r9jZ1AAZPfZ,"TBD at Los Angeles Dodgers: NLDS (Home Game 3, If Necessary)",2026-10-09,18:08:00,False,onsale,UNIQLO Field at Dodger Stadium,Los Angeles,,,,,1900-01-01T18:00:00Z,2026-10-10T03:08:00Z,,https://www.ticketmaster.com/event/Z7r9jZ1AAZPfZ
2026-09-29T15:40:22+00:00,mlb_postseason,Z7r9jZ1AAZMa7,Chicago Cubs at San Diego Padres: NL Wild Card (Home Game 1),2026-09-29,19:00:00,False,onsale,PETCO Park,San Diego,,,,,1900-01-01T18:00:00Z,2026-09-30T03:30:00Z,,https://www.ticketmaster.com/event/Z7r9jZ1AAZMa7
2026-09-29T15:40:22+00:00,mlb_postseason,Z7r9jZ1AAZIk6,Chicago Cubs at San Diego Padres: NL Wild Card (Home Game 2),2026-09-30,19:00:00,False,onsale,PETCO Park,San Diego,,,,,1900-01-01T18:00:00Z,2026-10-01T03:30:00Z,,https://www.ticketmaster.com/event/Z7r9jZ1AAZIk6
2026-09-29T15:40:22+00:00,mlb_postseason,vvG1zZ_o1HYDbV,Atlanta Braves Wild Card Game 1,2026-09-29,14:00:00,False,onsale,Truist Park,Atlanta,,,,,2026-09-17T17:00:00Z,2026-09-29T19:00:00Z,There is an overall 6 ticket limit for this event.,https://www.ticketmaster.com/atlanta-braves-wild-card-game-1-atlanta-georgia-09-29-2026/event/0E006512BCC3B634
2026-09-29T15:40:22+00:00,mlb_postseason,Z7r9jZ1AAZU4s,Chicago White Sox at Houston Astros: AL Wild Card (Home Game 1),2026-09-29,16:00:00,False,onsale,Daikin Park,Houston,,,,,1900-01-01T18:00:00Z,2026-09-29T22:30:00Z,,https://www.ticketmaster.com/event/Z7r9jZ1AAZU4s
2026-09-29T15:40:22+00:00,mlb_postseason,vvG1zZ_o1Hwh_e,Atlanta Braves Wild Card Game 2,2026-09-30,14:00:00,False,onsale,Truist Park,Atlanta,,,,,2026-09-17T17:00:00Z,2026-09-30T19:00:00Z,There is an overall 6 ticket limit for this event.,https://www.ticketmaster.com/atlanta-braves-wild-card-game-2-atlanta-georgia-09-30-2026/event/0E006512BCC9B642
2026-09-29T15:40:22+00:00,mlb_postseason,vvG1zZ_o1HSl_o,Atlanta Braves Wild Card Game 3,2026-10-01,,True,onsale,Truist Park,Atlanta,,,,,2026-09-17T17:00:00Z,2026-10-02T02:00:00Z,There is an overall 6 ticket limit for this event.,https://www.ticketmaster.com/atlanta-braves-wild-card-game-3-atlanta-georgia-10-01-2026/event/0E006512BCCEB651
2026-09-29T15:40:22+00:00,mlb_postseason,vvG18Z_GRS2g-o,ALDS Home Game 1,2026-10-07,,False,onsale,Rate Field,Chicago,,,,,2026-09-18T19:00:00Z,2026-10-07T05:00:00Z,There is a 6 ticket limit for this event.,https://www.ticketmaster.com/alds-home-game-1-chicago-illinois-10-07-2026/event/040064CBF33F5851
2026-09-29T15:40:22+00:00,mlb_postseason,Z7r9jZ1AAZIAy,"Chicago Cubs at San Diego Padres: NL Wild Card (Home Game 3, If Necessary)",2026-10-01,19:00:00,False,onsale,PETCO Park,San Diego,,,,,1900-01-01T18:00:00Z,2026-10-02T03:30:00Z,,https://www.ticketmaster.com/event/Z7r9jZ1AAZIAy
2026-09-29T15:40:22+00:00,mlb_postseason,Z7r9jZ1AAZU4Y,Chicago White Sox at Houston Astros: AL Wild Card (Home Game 2),2026-09-30,16:00:00,False,onsale,Daikin Park,Houston,,,,,1900-01-01T18:00:00Z,2026-09-30T22:30:00Z,,https://www.ticketmaster.com/event/Z7r9jZ1AAZU4Y
2026-09-29T15:40:22+00:00,mlb_postseason,vvG18Z_GRSog-J,ALDS Home Game 2,2026-10-08,,False,onsale,Rate Field,Chicago,,,,,2026-09-18T19:00:00Z,2026-10-08T05:00:00Z,There is a 6 ticket limit for this event.,https://www.ticketmaster.com/alds-home-game-2-chicago-illinois-10-08-2026/event/040064CBF3475866
2026-09-29T15:40:22+00:00,mlb_postseason,vvG1zZ_o5frqHF,Atlanta Braves Wild Card Game 1 * Premium Seating *,2026-09-29,14:00:00,False,onsale,Truist Park,Atlanta,,,,,2026-09-17T17:00:00Z,2026-09-29T19:00:00Z,There is an overall 6 ticket limit for this event.,https://www.ticketmaster.com/atlanta-braves-wild-card-game-1-atlanta-georgia-09-29-2026/event/0E006512D479DF08
2026-09-29T15:40:22+00:00,mlb_postseason,vvG1zZ_o1Hc5b9,Atlanta Braves NLDS Home Game 1,2026-10-06,,True,onsale,Truist Park,Atlanta,,,,,2026-09-17T17:00:00Z,2026-10-07T02:00:00Z,There is an overall 6 ticket limit for this event.,https://www.ticketmaster.com/atlanta-braves-nlds-home-game-1-atlanta-georgia-10-06-2026/event/0E006512BCB4B617
2026-09-29T15:40:22+00:00,mlb_postseason,vvG1zZ_o5fLcHf,Atlanta Braves Wild Card Game 2 * Premium Seating *,2026-09-30,14:00:00,False,onsale,Truist Park,Atlanta,,,,,2026-09-17T17:00:00Z,2026-09-30T19:00:00Z,There is an overall 6 ticket limit for this event.,https://www.ticketmaster.com/atlanta-braves-wild-card-game-2-atlanta-georgia-09-30-2026/event/0E006512D47EDF14
2026-09-29T15:40:22+00:00,mlb_postseason,G5vVZbzmDC45f,Postseason Pregame Tour*2026 Wild Card Game 1,2026-09-29,,True,offsale,Yankee Stadium,Bronx,,,,,,,There is a nineteen (19) ticket limit per Tour event.,https://www.ticketmaster.com/postseason-pregame-tour2026-wild-card-game-bronx-new-york-09-29-2026/event/1D00638BBB3952D4
2026-09-29T15:40:22+00:00,mlb_postseason,G5vVZbzmDC45b,Postseason Pregame Tour*2026 Wild Card Game 2,2026-09-30,,True,offsale,Yankee Stadium,Bronx,,,,,,,There is a nineteen (19) ticket limit per Tour event.,https://www.ticketmaster.com/postseason-pregame-tour2026-wild-card-game-bronx-new-york-09-30-2026/event/1D00638BBB3952D8
2026-09-29T15:40:22+00:00,mlb_postseason,G5vVZbzmDCP5Q,Postseason Pregame Tour*2026 Wild Card Game 3,2026-10-01,,True,offsale,Yankee Stadium,Bronx,,,,,,,There is a nineteen (19) ticket limit per Tour event.,https://www.ticketmaster.com/postseason-pregame-tour2026-wild-card-game-bronx-new-york-10-01-2026/event/1D00638BBB3A52DA
2026-09-29T15:40:22+00:00,mlb_postseason,G5vVZbydnigr-,Postseason Premium Pregame Tour*2026 Wild Card Game 1,2026-09-29,,True,offsale,Yankee Stadium,Bronx,,,,,,,There is a nine (9) ticket limit per Tour event.,https://www.ticketmaster.com/postseason-premium-pregame-tour2026-wild-card-bronx-new-york-09-29-2026/event/1D006390EAB357A1
2026-09-29T15:40:22+00:00,mlb_postseason,G5vVZbydnigrN,Postseason Premium Pregame Tour*2026 Wild Card Game 2,2026-09-30,,True,offsale,Yankee Stadium,Bronx,,,,,,,There is a nine (9) ticket limit per Tour event.,https://www.ticketmaster.com/postseason-premium-pregame-tour2026-wild-card-bronx-new-york-09-30-2026/event/1D006390EAB357A3
2026-09-29T15:40:22+00:00,mlb_postseason,G5vVZbzRDh9cV,Postseason Pregame Glimpse of Greatness Tour*2026 Wild Card Game 1,2026-09-29,,True,offsale,Yankee Stadium,Bronx,,,,,,,There is a nineteen (19) ticket limit per Tour event.,https://www.ticketmaster.com/postseason-pregame-glimpse-of-greatness-tour2026-bronx-new-york-09-29-2026/event/1D00638BFB6D7B74
2026-09-29T15:40:22+00:00,mlb_postseason,G5vVZbzRDhEcU,Postseason Pregame Glimpse of Greatness Tour*2026 Wild Card Game 2,2026-09-30,,True,offsale,Yankee Stadium,Bronx,,,,,,,There is a nineteen (19) ticket limit per Tour event.,https://www.ticketmaster.com/postseason-pregame-glimpse-of-greatness-tour2026-bronx-new-york-09-30-2026/event/1D00638BFB6E7B76
2026-09-29T15:40:22+00:00,mlb_postseason,G5vVZbydnigrP,Postseason Premium Pregame Tour*2026 Wild Card Game 3,2026-10-01,,True,offsale,Yankee Stadium,Bronx,,,,,,,There is a nine (9) ticket limit per Tour event.,https://www.ticketmaster.com/postseason-premium-pregame-tour2026-wild-card-bronx-new-york-10-01-2026/event/1D006390EAB357A5
2026-09-29T15:40:22+00:00,mlb_postseason,G5vVZbzRDhEcz,Postseason Pregame Glimpse of Greatness Tour*2026 Wild Card Game 3,2026-10-01,,True,offsale,Yankee Stadium,Bronx,,,,,,,There is a nineteen (19) ticket limit per Tour event.,https://www.ticketmaster.com/postseason-pregame-glimpse-of-greatness-tour2026-bronx-new-york-10-01-2026/event/1D00638BFB6E7B78
2026-09-29T15:40:22+00:00,mlb_postseason,vvG1zZ_o5fOWHh,Atlanta Braves Wild Card Game 3 * Premium Seating *,2026-10-01,,True,onsale,Truist Park,Atlanta,,,,,2026-09-17T17:00:00Z,2026-10-02T02:00:00Z,There is an overall 6 ticket limit for this event.,https://www.ticketmaster.com/atlanta-braves-wild-card-game-3-atlanta-georgia-10-01-2026/event/0E006512D483DF1B
2026-09-29T15:40:22+00:00,mlb_postseason,Z7r9jZ1AAZ4fk,TBD at Cleveland Guardians: ALDS (Home Game 1),2026-10-03,,True,onsale,Progressive Field,Cleveland,,,,,1900-01-01T18:00:00Z,2026-10-04T04:29:20Z,,https://www.ticketmaster.com/event/Z7r9jZ1AAZ4fk
2026-09-29T15:40:22+00:00,mlb_postseason,vvG1zZ_o1HmhbP,Atlanta Braves NLDS Home Game 2,2026-10-07,,True,onsale,Truist Park,Atlanta,,,,,2026-09-17T17:00:00Z,2026-10-08T02:00:00Z,There is an overall 6 ticket limit for this event.,https://www.ticketmaster.com/atlanta-braves-nlds-home-game-2-atlanta-georgia-10-07-2026/event/0E006512BCB9B625
2026-09-29T15:40:22+00:00,mlb_postseason,vvG18Z_GRS4Axp,ALCS Home Game 1,2026-10-15,,False,onsale,Rate Field,Chicago,,,,,2026-09-18T19:00:00Z,2026-10-15T05:00:00Z,There is a 6 ticket limit for this event.,https://www.ticketmaster.com/alcs-home-game-1-chicago-illinois-10-15-2026/event/040064CBF3545896
2026-09-29T15:40:22+00:00,mlb_postseason,vvG1zZ_o1HRlbR,Atlanta Braves NLDS Home Game 3,2026-10-09,,False,cancelled,Truist Park,Atlanta,,,,,2026-09-17T17:00:00Z,2026-10-09T05:00:00Z,There is an overall 6 ticket limit for this event.,https://www.ticketmaster.com/atlanta-braves-nlds-home-game-3-atlanta-georgia-10-09-2026/event/0E006512BCBEB62F
2026-09-29T15:40:22+00:00,mlb_postseason,vvG1zZ_o5fhuDl,Atlanta Braves NLDS Home Game 1 * Premium Seating *,2026-10-06,,True,onsale,Truist Park,Atlanta,,,,,2026-09-17T17:00:00Z,2026-10-07T02:00:00Z,There is an overall 6 ticket limit for this event.,https://www.ticketmaster.com/atlanta-braves-nlds-home-game-1-atlanta-georgia-10-06-2026/event/0E006512D46CDEEB
2026-09-29T15:40:22+00:00,mlb_postseason,vvG1zZ_o5fjqDm,Atlanta Braves NLDS Home Game 2 * Premium Seating *,2026-10-07,,True,onsale,Truist Park,Atlanta,,,,,2026-09-17T17:00:00Z,2026-10-08T02:00:00Z,There is an overall 6 ticket limit for this event.,https://www.ticketmaster.com/atlanta-braves-nlds-home-game-2-atlanta-georgia-10-07-2026/event/0E006512D471DEEE
2026-09-29T15:40:22+00:00,mlb_postseason,vvG18Z_GRSpPxP,ALCS Home Game 2,2026-10-16,,False,onsale,Rate Field,Chicago,,,,,2026-09-18T19:00:00Z,2026-10-16T05:00:00Z,There is a 6 ticket limit for this event.,https://www.ticketmaster.com/alcs-home-game-2-chicago-illinois-10-16-2026/event/040064CBF35A58A5
2026-09-29T15:40:22+00:00,mlb_postseason,vvG1zZ_o5fqqDy,Atlanta Braves NLDS Home Game 3 * Premium Seating *,2026-10-09,,False,cancelled,Truist Park,Atlanta,,,,,2026-09-17T17:00:00Z,2026-10-09T05:00:00Z,There is an overall 6 ticket limit for this event.,https://www.ticketmaster.com/atlanta-braves-nlds-home-game-3-atlanta-georgia-10-09-2026/event/0E006512D475DEF9
2026-09-29T15:40:22+00:00,mlb_postseason,vvG18Z_GRSb4xs,ALCS Home Game 3,2026-10-17,,False,onsale,Rate Field,Chicago,,,,,2026-09-18T19:00:00Z,2026-10-17T05:00:00Z,There is a 6 ticket limit for this event.,https://www.ticketmaster.com/alcs-home-game-3-chicago-illinois-10-17-2026/event/040064CBF36158B1
2026-09-29T15:40:22+00:00,mlb_postseason,Z7r9jZ1AAZ4Gz,"Chicago White Sox at Houston Astros: AL Wild Card (Home Game 3, If Necessary)",2026-10-01,16:00:00,False,onsale,Daikin Park,Houston,,,,,1900-01-01T06:00:00Z,2026-10-01T22:30:00Z,,https://www.ticketmaster.com/event/Z7r9jZ1AAZ4Gz
2026-09-29T15:40:22+00:00,mlb_postseason,1kk8vPk6GAuJdJu,NLCS Home Game 3,2026-10-16,,True,cancelled,Chase Field,Phoenix,,,,,2026-09-25T16:00:00Z,2026-10-17T05:00:00Z,There is an eight (8) ticket limit for this event.,https://www.ticketmaster.com/nlcs-home-game-3-phoenix-arizona-10-16-2026/event/190065187D98398D
2026-09-29T15:40:22+00:00,mlb_postseason,Z7r9jZ1AAZ4f6,TBD at Cleveland Guardians: ALDS (Home Game 2),2026-10-05,,True,onsale,Progressive Field,Cleveland,,,,,1900-01-01T18:00:00Z,2026-10-06T04:29:20Z,,https://www.ticketmaster.com/event/Z7r9jZ1AAZ4f6
2026-09-29T15:40:22+00:00,mlb_postseason,Z7r9jZ1AAZ437,"TBD at Cleveland Guardians: ALDS (Home Game 3, If Necessary)",2026-10-10,,True,onsale,Progressive Field,Cleveland,,,,,1900-01-01T18:00:00Z,2026-10-11T04:29:20Z,,https://www.ticketmaster.com/event/Z7r9jZ1AAZ437
2026-09-29T15:40:22+00:00,mlb_postseason,Z7r9jZ1A7JpJ3,TBD at Milwaukee Brewers: NLDS (Home Game 1),2026-10-03,19:00:00,False,onsale,American Family Field,Milwaukee,,,,,1900-01-01T18:00:00Z,2026-10-04T01:30:00Z,,https://www.ticketmaster.com/event/Z7r9jZ1A7JpJ3
2026-09-29T15:40:22+00:00,mlb_postseason,Z7r9jZ1AAZ4Gw,TBD at Tampa Bay Rays: ALDS (Home Game 1),2026-10-03,00:00:00,False,onsale,Tropicana Field,Saint Petersburg,,,,,1900-01-01T06:00:00Z,2026-10-03T05:30:00Z,,https://www.ticketmaster.com/event/Z7r9jZ1AAZ4Gw
2026-09-29T15:40:22+00:00,mlb_postseason,Z7r9jZ1AAZ4Gs,TBD at Tampa Bay Rays: ALDS (Home Game 2),2026-10-05,00:00:00,False,onsale,Tropicana Field,Saint Petersburg,,,,,1900-01-01T06:00:00Z,2026-10-05T05:30:00Z,,https://www.ticketmaster.com/event/Z7r9jZ1AAZ4Gs
2026-09-29T15:40:22+00:00,mlb_postseason,Z7r9jZ1AAZ4uo,"TBD at Tampa Bay Rays: ALDS (Home Game 3, If Necessary)",2026-10-10,00:00:00,False,onsale,Tropicana Field,Saint Petersburg,,,,,1900-01-01T06:00:00Z,2026-10-10T05:30:00Z,,https://www.ticketmaster.com/event/Z7r9jZ1AAZ4uo
2026-09-29T15:40:22+00:00,mlb_postseason,Z7r9jZ1A7JpP0,TBD at Milwaukee Brewers: NLDS (Home Game 2),2026-10-04,19:00:00,False,onsale,American Family Field,Milwaukee,,,,,1900-01-01T18:00:00Z,2026-10-05T01:30:00Z,,https://www.ticketmaster.com/event/Z7r9jZ1A7JpP0
2026-09-29T15:40:22+00:00,mlb_postseason,Z7r9jZ1AAZEj4,"TBD at Milwaukee Brewers: NLDS (Home Game 3, If Necessary)",2026-10-09,19:00:00,False,onsale,American Family Field,Milwaukee,,,,,1900-01-01T18:00:00Z,2026-10-10T01:30:00Z,,https://www.ticketmaster.com/event/Z7r9jZ1AAZEj4
2026-09-29T15:40:22+00:00,nfl_metlife,k7vGF_a6ecuTM,New York Giants vs. Arizona Cardinals,2026-10-04,13:00:00,False,onsale,MetLife Stadium,East Rutherford,,,,,2026-05-14T23:30:00Z,2026-10-04T18:00:00Z,There is a six (6) ticket limit per household.,https://www.ticketmaster.com/new-york-giants-vs-arizona-cardinals-east-rutherford-new-jersey-10-04-2026/event/00006491C2B4DFF7
2026-09-29T15:40:22+00:00,nfl_metlife,k7vGF_a6eVCZ0,New York Giants vs. New Orleans Saints,2026-10-18,13:00:00,False,onsale,MetLife Stadium,East Rutherford,,,,,2026-05-14T23:30:00Z,2026-10-18T18:00:00Z,There is a six (6) ticket limit per household.,https://www.ticketmaster.com/new-york-giants-vs-new-orleans-east-rutherford-new-jersey-10-18-2026/event/00006491C2D0E024
2026-09-29T15:40:22+00:00,nfl_metlife,k7vGF_a6ezmvd,New York Giants vs. San Francisco 49ers,2026-12-06,13:00:00,False,onsale,MetLife Stadium,East Rutherford,,,,,2026-05-14T23:30:00Z,2026-12-06T19:00:00Z,There is a six (6) ticket limit per household.,https://www.ticketmaster.com/new-york-giants-vs-san-francisco-east-rutherford-new-jersey-12-06-2026/event/00006491C2E2E043
2026-09-29T15:40:22+00:00,nfl_metlife,k7vGF_a6ewmZ_,New York Giants vs. Jacksonville Jaguars,2026-11-22,13:00:00,False,onsale,MetLife Stadium,East Rutherford,,,,,2026-05-14T23:30:00Z,2026-11-22T19:00:00Z,There is a six (6) ticket limit per household.,https://www.ticketmaster.com/new-york-giants-vs-jacksonville-jaguars-east-rutherford-new-jersey-11-22-2026/event/00006491C2CAE019
2026-09-29T15:40:22+00:00,nfl_metlife,k7vGF_a6eRmZe,New York Giants vs. Cleveland Browns,2026-12-20,13:00:00,False,onsale,MetLife Stadium,East Rutherford,,,,,2026-05-14T23:30:00Z,2026-12-20T19:00:00Z,There is a six (6) ticket limit per household.,https://www.ticketmaster.com/new-york-giants-vs-cleveland-browns-east-rutherford-new-jersey-12-20-2026/event/00006491C2BEE002
2026-09-29T15:40:22+00:00,nfl_metlife,k7vGF_a6eDmv8,New York Giants vs. Washington Commanders,2026-11-12,20:15:00,False,onsale,MetLife Stadium,East Rutherford,,,,,2026-05-14T23:30:00Z,2026-11-13T02:15:00Z,There is a six (6) ticket limit per household.,https://www.ticketmaster.com/new-york-giants-vs-washington-commanders-east-rutherford-new-jersey-11-12-2026/event/00006491C2EEE050
2026-09-29T15:40:22+00:00,nfl_metlife,k7vGF_FN-EYBU,New York Jets v. Buffalo Bills,2026-11-15,13:00:00,False,onsale,MetLife Stadium,East Rutherford,,,,,2026-05-15T16:00:00Z,2026-11-15T19:00:00Z,There is a six (6) ticket limit per account.,https://www.ticketmaster.com/new-york-jets-v-buffalo-bills-east-rutherford-new-jersey-11-15-2026/event/00006488E19F0EB6
2026-09-29T15:40:22+00:00,nfl_metlife,k7vGF_FN-xZy2,New York Jets v. Las Vegas Raiders,2026-11-01,13:00:00,False,onsale,MetLife Stadium,East Rutherford,,,,,2026-05-15T16:00:00Z,2026-11-01T19:00:00Z,There is a six (6) ticket limit per account.,https://www.ticketmaster.com/new-york-jets-v-las-vegas-east-rutherford-new-jersey-11-01-2026/event/00006488E1880E4F
2026-09-29T15:40:22+00:00,nfl_metlife,k7vGF_FN-J8Bt,New York Jets v. Cleveland Browns,2026-10-11,13:00:00,False,onsale,MetLife Stadium,East Rutherford,,,,,2026-05-15T16:00:00Z,2026-10-11T18:00:00Z,There is a six (6) ticket limit per account.,https://www.ticketmaster.com/new-york-jets-v-cleveland-browns-east-rutherford-new-jersey-10-11-2026/event/00006488E1990EA9
2026-09-29T15:40:22+00:00,nfl_metlife,k7vGF_FN-PZB_,New York Jets v. Denver Broncos,2026-12-13,13:00:00,False,onsale,MetLife Stadium,East Rutherford,,,,,2026-05-15T16:00:00Z,2026-12-13T19:00:00Z,There is a six (6) ticket limit per account.,https://www.ticketmaster.com/new-york-jets-v-denver-broncos-east-rutherford-new-jersey-12-13-2026/event/00006488E1940E99
2026-09-29T15:40:22+00:00,nfl_metlife,k7vGF_FN-OOzB,New York Jets v. Miami Dolphins,2026-10-25,13:00:00,False,onsale,MetLife Stadium,East Rutherford,,,,,2026-05-15T16:00:00Z,2026-10-25T18:00:00Z,There is a six (6) ticket limit per account.,https://www.ticketmaster.com/new-york-jets-v-miami-dolphins-east-rutherford-new-jersey-10-25-2026/event/00006488E1820E3A
2026-09-29T15:40:22+00:00,nfl_metlife,k7vGF_FN-LZzc,New York Jets v. Minnesota Vikings,2027-01-03,13:00:00,False,onsale,MetLife Stadium,East Rutherford,,,,,2026-05-15T16:00:00Z,2027-01-03T19:00:00Z,There is a six (6) ticket limit per account.,https://www.ticketmaster.com/new-york-jets-v-minnesota-vikings-east-rutherford-new-jersey-01-03-2027/event/00006488E17C0E2D
2026-09-29T15:40:22+00:00,nfl_metlife,k7vGF_FN-qYMW,New York Jets v. New England Patriots,2026-12-27,13:00:00,False,onsale,MetLife Stadium,East Rutherford,,,,,2026-05-15T16:00:00Z,2026-12-27T19:00:00Z,There is a six (6) ticket limit per account.,https://www.ticketmaster.com/new-york-jets-v-new-england-east-rutherford-new-jersey-12-27-2026/event/00006488E1770DFD
2026-09-29T16:00:23+00:00,mlb_postseason,G5vVZ_3wH1uYn,2026 NY Yankees v Boston Red Sox Wild Card Game 1,2026-09-29,20:00:00,False,onsale,Yankee Stadium,Bronx,,,,,2026-09-18T18:00:00Z,2026-09-30T01:00:00Z,Only a LIMITED number of Tickets (as determined by the Yankees in its sole and absolute discretion) will be made available during the presale.Maximum of eight (8) Tickets to each potential game scheduled to be played during the 2026 Wild Card and ALDS.,https://www.ticketmaster.com/2026-ny-yankees-v-boston-red-bronx-new-york-09-29-2026/event/1D00652CBC28DC2A
2026-09-29T16:00:23+00:00,mlb_postseason,G5vVZ_3wWEXeS,2026 NY Yankees v Boston Red Sox Wild Card Game 2,2026-09-30,20:00:00,False,onsale,Yankee Stadium,Bronx,,,,,2026-09-18T18:00:00Z,2026-10-01T01:00:00Z,Only a LIMITED number of Tickets (as determined by the Yankees in its sole and absolute discretion) will be made available during the presale.Maximum of eight (8) Tickets to each potential game scheduled to be played during the 2026 Wild Card and ALDS.,https://www.ticketmaster.com/2026-ny-yankees-v-boston-red-bronx-new-york-09-30-2026/event/1D00652CBD9FE0B3
2026-09-29T16:00:23+00:00,mlb_postseason,G5vVZ_3wWiXdW,2026 NY Yankees v Boston Red Sox Wild Card Game 3,2026-10-01,20:00:00,False,onsale,Yankee Stadium,Bronx,,,,,2026-09-18T18:00:00Z,2026-10-02T01:00:00Z,Only a LIMITED number of Tickets (as determined by the Yankees in its sole and absolute discretion) will be made available during the presale.Maximum of eight (8) Tickets to each potential game scheduled to be played during the 2026 Wild Card and ALDS.,https://www.ticketmaster.com/2026-ny-yankees-v-boston-red-bronx-new-york-10-01-2026/event/1D00652CBDB3E0FD
2026-09-29T16:00:23+00:00,mlb_postseason,G5vVZ_3Yebnyg,Pinstripe Pass * 2026 NY Yankees v Boston Red Sox Wild Card Game 1,2026-09-29,20:00:00,False,onsale,Yankee Stadium,Bronx,,,,,2026-09-18T18:00:00Z,2026-09-30T01:00:00Z,Only a LIMITED number of Tickets (as determined by the Yankees in its sole and absolute discretion) will be made available during the presale.Maximum of eight (8) Tickets to each potential game scheduled to be played during the 2026 Wild Card and ALDS.,https://www.ticketmaster.com/pinstripe-pass-2026-ny-yankees-v-bronx-new-york-09-29-2026/event/1D00652C0262AE75
2026-09-29T16:00:23+00:00,mlb_postseason,G5vVZ_3wcRlFC,2026 NY Yankees v Boston Red Sox Wild Card Game 1 * Premium Seating *,2026-09-29,20:00:00,False,onsale,Yankee Stadium,Bronx,,,,,2026-09-18T18:00:00Z,2026-09-30T01:00:00Z,Only a LIMITED number of Tickets (as determined by the Yankees in its sole and absolute discretion) will be made available during the presale.Maximum of eight (8) Tickets to each potential game scheduled to be played during the 2026 Wild Card and ALDS.,https://www.ticketmaster.com/2026-ny-yankees-v-boston-red-bronx-new-york-09-29-2026/event/1D00652CADBEB20E
2026-09-29T16:00:23+00:00,mlb_postseason,G5vVZ_3YdsD5c,Pinstripe Pass * 2026 NY Yankees v Boston Red Sox Wild Card Game 2,2026-09-30,20:00:00,False,onsale,Yankee Stadium,Bronx,,,,,2026-09-18T18:00:00Z,2026-10-01T01:00:00Z,Only a LIMITED number of Tickets (as determined by the Yankees in its sole and absolute discretion) will be made available during the presale.Maximum of eight (8) Tickets to each potential game scheduled to be played during the 2026 Wild Card and ALDS.,https://www.ticketmaster.com/pinstripe-pass-2026-ny-yankees-v-bronx-new-york-09-30-2026/event/1D00652C03C7B2ED
2026-09-29T16:00:23+00:00,mlb_postseason,G5vVZ_3wSFHFF,2026 NY Yankees v Boston Red Sox Wild Card Game 2 * Premium Seating *,2026-09-30,20:00:00,False,onsale,Yankee Stadium,Bronx,,,,,2026-09-18T18:00:00Z,2026-10-01T01:00:00Z,Only a LIMITED number of Tickets (as determined by the Yankees in its sole and absolute discretion) will be made available during the presale.Maximum of eight (8) Tickets to each potential game scheduled to be played during the 2026 Wild Card and ALDS.,https://www.ticketmaster.com/2026-ny-yankees-v-boston-red-bronx-new-york-09-30-2026/event/1D00652CB323C208
2026-09-29T16:00:23+00:00,mlb_postseason,G5vVZ_3wS_H1X,2026 NY Yankees v Boston Red Sox Wild Card Game 3 * Premium Seating *,2026-10-01,20:00:00,False,onsale,Yankee Stadium,Bronx,,,,,2026-09-18T18:00:00Z,2026-10-02T01:00:00Z,Only a LIMITED number of Tickets (as determined by the Yankees in its sole and absolute discretion) will be made available during the presale.Maximum of eight (8) Tickets to each potential game scheduled to be played during the 2026 Wild Card and ALDS.,https://www.ticketmaster.com/2026-ny-yankees-v-boston-red-bronx-new-york-10-01-2026/event/1D00652CB367C2BE
2026-09-29T16:00:23+00:00,mlb_postseason,G5vVZ_3wWBCk9,2026 NY Yankees Division Series Home Game 1,2026-10-07,,True,offsale,Yankee Stadium,Bronx,,,,,2026-09-18T18:00:00Z,,Only a LIMITED number of Tickets (as determined by the Yankees in its sole and absolute discretion) will be made available during the presale.Maximum of eight (8) Tickets to each potential game scheduled to be played during the 2026 Wild Card and ALDS.,https://www.ticketmaster.com/2026-ny-yankees-division-series-home-bronx-new-york-10-07-2026/event/1D00652CBDE8E197
2026-09-29T16:00:23+00:00,mlb_postseason,G5vVZ_3YdVlG6,Pinstripe Pass * 2026 NY Yankees v Boston Red Sox Wild Card Game 3,2026-10-01,20:00:00,False,onsale,Yankee Stadium,Bronx,,,,,2026-09-18T18:00:00Z,2026-10-02T01:00:00Z,Only a LIMITED number of Tickets (as determined by the Yankees in its sole and absolute discretion) will be made available during the presale.Maximum of eight (8) Tickets to each potential game scheduled to be played during the 2026 Wild Card and ALDS.,https://www.ticketmaster.com/pinstripe-pass-2026-ny-yankees-v-bronx-new-york-10-01-2026/event/1D00652C03D2B307
2026-09-29T16:00:23+00:00,mlb_postseason,G5vVZ_3wXaCa8,2026 NY Yankees Division Series Home Game 2,2026-10-08,,True,offsale,Yankee Stadium,Bronx,,,,,2026-09-18T18:00:00Z,,Only a LIMITED number of Tickets (as determined by the Yankees in its sole and absolute discretion) will be made available during the presale.Maximum of eight (8) Tickets to each potential game scheduled to be played during the 2026 Wild Card and ALDS.,https://www.ticketmaster.com/2026-ny-yankees-division-series-home-bronx-new-york-10-08-2026/event/1D00652CBE24E250
2026-09-29T16:00:23+00:00,mlb_postseason,G5vVZ_3Y7oDKe,Pinstripe Pass * 2026 NY Yankees Division Series Home Game 1,2026-10-07,,True,offsale,Yankee Stadium,Bronx,,,,,2026-09-18T18:00:00Z,,Only a LIMITED number of Tickets (as determined by the Yankees in its sole and absolute discretion) will be made available during the presale.Maximum of eight (8) Tickets to each potential game scheduled to be played during the 2026 Wild Card and ALDS.,https://www.ticketmaster.com/pinstripe-pass-2026-ny-yankees-division-bronx-new-york-10-07-2026/event/1D00652C0447B4C2
2026-09-29T16:00:23+00:00,mlb_postseason,G5vVZ_3wSMGo3,2026 NY Yankees Division Series Home Game 1 * Premium Seating *,2026-10-07,,True,offsale,Yankee Stadium,Bronx,,,,,2026-09-18T18:00:00Z,,Only a LIMITED number of Tickets (as determined by the Yankees in its sole and absolute discretion) will be made available during the presale.Maximum of eight (8) Tickets to each potential game scheduled to be played during the 2026 Wild Card and ALDS.,https://www.ticketmaster.com/2026-ny-yankees-division-series-home-bronx-new-york-10-07-2026/event/1D00652CB3DCC452
2026-09-29T16:00:23+00:00,mlb_postseason,G5vVZ_3Y7ql4F,Pinstripe Pass * 2026 NY Yankees Division Series Home Game 2,2026-10-08,,True,offsale,Yankee Stadium,Bronx,,,,,2026-09-18T18:00:00Z,,Only a LIMITED number of Tickets (as determined by the Yankees in its sole and absolute discretion) will be made available during the presale.Maximum of eight (8) Tickets to each potential game scheduled to be played during the 2026 Wild Card and ALDS.,https://www.ticketmaster.com/pinstripe-pass-2026-ny-yankees-division-bronx-new-york-10-08-2026/event/1D00652C0476B548
2026-09-29T16:00:23+00:00,mlb_postseason,G5vVZ_3wzZqvA,2026 NY Yankees Division Series Home Game 2 * Premium Seating *,2026-10-08,,True,offsale,Yankee Stadium,Bronx,,,,,2026-09-18T18:00:00Z,,Only a LIMITED number of Tickets (as determined by the Yankees in its sole and absolute discretion) will be made available during the presale.Maximum of eight (8) Tickets to each potential game scheduled to be played during the 2026 Wild Card and ALDS.,https://www.ticketmaster.com/2026-ny-yankees-division-series-home-bronx-new-york-10-08-2026/event/1D00652CB801D045
2026-09-29T16:00:23+00:00,mlb_postseason,Z7r9jZ1AAZP3b,TBD at Los Angeles Dodgers: NLDS (Home Game 1),2026-10-03,18:08:00,False,onsale,UNIQLO Field at Dodger Stadium,Los Angeles,,,,,1900-01-01T18:00:00Z,2026-10-04T03:08:00Z,,https://www.ticketmaster.com/event/Z7r9jZ1AAZP3b
2026-09-29T16:00:23+00:00,mlb_postseason,Z7r9jZ1AAZP3_,TBD at Los Angeles Dodgers: NLDS (Home Game 2),2026-10-04,18:08:00,False,onsale,UNIQLO Field at Dodger Stadium,Los Angeles,,,,,1900-01-01T18:00:00Z,2026-10-05T03:08:00Z,,https://www.ticketmaster.com/event/Z7r9jZ1AAZP3_
2026-09-29T16:00:23+00:00,mlb_postseason,Z7r9jZ1AAZPfZ,"TBD at Los Angeles Dodgers: NLDS (Home Game 3, If Necessary)",2026-10-09,18:08:00,False,onsale,UNIQLO Field at Dodger Stadium,Los Angeles,,,,,1900-01-01T18:00:00Z,2026-10-10T03:08:00Z,,https://www.ticketmaster.com/event/Z7r9jZ1AAZPfZ
2026-09-29T16:00:23+00:00,mlb_postseason,Z7r9jZ1AAZMa7,Chicago Cubs at San Diego Padres: NL Wild Card (Home Game 1),2026-09-29,19:00:00,False,onsale,PETCO Park,San Diego,,,,,1900-01-01T18:00:00Z,2026-09-30T03:30:00Z,,https://www.ticketmaster.com/event/Z7r9jZ1AAZMa7
2026-09-29T16:00:23+00:00,mlb_postseason,Z7r9jZ1AAZIk6,Chicago Cubs at San Diego Padres: NL Wild Card (Home Game 2),2026-09-30,19:00:00,False,onsale,PETCO Park,San Diego,,,,,1900-01-01T18:00:00Z,2026-10-01T03:30:00Z,,https://www.ticketmaster.com/event/Z7r9jZ1AAZIk6
2026-09-29T16:00:23+00:00,mlb_postseason,vvG1zZ_o1HYDbV,Atlanta Braves Wild Card Game 1,2026-09-29,14:00:00,False,onsale,Truist Park,Atlanta,,,,,2026-09-17T17:00:00Z,2026-09-29T19:00:00Z,There is an overall 6 ticket limit for this event.,https://www.ticketmaster.com/atlanta-braves-wild-card-game-1-atlanta-georgia-09-29-2026/event/0E006512BCC3B634
2026-09-29T16:00:23+00:00,mlb_postseason,Z7r9jZ1AAZU4s,Chicago White Sox at Houston Astros: AL Wild Card (Home Game 1),2026-09-29,16:00:00,False,onsale,Daikin Park,Houston,,,,,1900-01-01T18:00:00Z,2026-09-29T22:30:00Z,,https://www.ticketmaster.com/event/Z7r9jZ1AAZU4s
2026-09-29T16:00:23+00:00,mlb_postseason,vvG1zZ_o1Hwh_e,Atlanta Braves Wild Card Game 2,2026-09-30,14:00:00,False,onsale,Truist Park,Atlanta,,,,,2026-09-17T17:00:00Z,2026-09-30T19:00:00Z,There is an overall 6 ticket limit for this event.,https://www.ticketmaster.com/atlanta-braves-wild-card-game-2-atlanta-georgia-09-30-2026/event/0E006512BCC9B642
2026-09-29T16:00:23+00:00,mlb_postseason,vvG1zZ_o1HSl_o,Atlanta Braves Wild Card Game 3,2026-10-01,,True,onsale,Truist Park,Atlanta,,,,,2026-09-17T17:00:00Z,2026-10-02T02:00:00Z,There is an overall 6 ticket limit for this event.,https://www.ticketmaster.com/atlanta-braves-wild-card-game-3-atlanta-georgia-10-01-2026/event/0E006512BCCEB651
2026-09-29T16:00:23+00:00,mlb_postseason,vvG18Z_GRS2g-o,ALDS Home Game 1,2026-10-07,,False,onsale,Rate Field,Chicago,,,,,2026-09-18T19:00:00Z,2026-10-07T05:00:00Z,There is a 6 ticket limit for this event.,https://www.ticketmaster.com/alds-home-game-1-chicago-illinois-10-07-2026/event/040064CBF33F5851
2026-09-29T16:00:23+00:00,mlb_postseason,Z7r9jZ1AAZIAy,"Chicago Cubs at San Diego Padres: NL Wild Card (Home Game 3, If Necessary)",2026-10-01,19:00:00,False,onsale,PETCO Park,San Diego,,,,,1900-01-01T18:00:00Z,2026-10-02T03:30:00Z,,https://www.ticketmaster.com/event/Z7r9jZ1AAZIAy
2026-09-29T16:00:23+00:00,mlb_postseason,Z7r9jZ1AAZU4Y,Chicago White Sox at Houston Astros: AL Wild Card (Home Game 2),2026-09-30,16:00:00,False,onsale,Daikin Park,Houston,,,,,1900-01-01T18:00:00Z,2026-09-30T22:30:00Z,,https://www.ticketmaster.com/event/Z7r9jZ1AAZU4Y
2026-09-29T16:00:23+00:00,mlb_postseason,vvG18Z_GRSog-J,ALDS Home Game 2,2026-10-08,,False,onsale,Rate Field,Chicago,,,,,2026-09-18T19:00:00Z,2026-10-08T05:00:00Z,There is a 6 ticket limit for this event.,https://www.ticketmaster.com/alds-home-game-2-chicago-illinois-10-08-2026/event/040064CBF3475866
2026-09-29T16:00:23+00:00,mlb_postseason,vvG1zZ_o5frqHF,Atlanta Braves Wild Card Game 1 * Premium Seating *,2026-09-29,14:00:00,False,onsale,Truist Park,Atlanta,,,,,2026-09-17T17:00:00Z,2026-09-29T19:00:00Z,There is an overall 6 ticket limit for this event.,https://www.ticketmaster.com/atlanta-braves-wild-card-game-1-atlanta-georgia-09-29-2026/event/0E006512D479DF08
2026-09-29T16:00:23+00:00,mlb_postseason,vvG1zZ_o1Hc5b9,Atlanta Braves NLDS Home Game 1,2026-10-06,,True,onsale,Truist Park,Atlanta,,,,,2026-09-17T17:00:00Z,2026-10-07T02:00:00Z,There is an overall 6 ticket limit for this event.,https://www.ticketmaster.com/atlanta-braves-nlds-home-game-1-atlanta-georgia-10-06-2026/event/0E006512BCB4B617
2026-09-29T16:00:23+00:00,mlb_postseason,vvG1zZ_o5fLcHf,Atlanta Braves Wild Card Game 2 * Premium Seating *,2026-09-30,14:00:00,False,onsale,Truist Park,Atlanta,,,,,2026-09-17T17:00:00Z,2026-09-30T19:00:00Z,There is an overall 6 ticket limit for this event.,https://www.ticketmaster.com/atlanta-braves-wild-card-game-2-atlanta-georgia-09-30-2026/event/0E006512D47EDF14
2026-09-29T16:00:23+00:00,mlb_postseason,G5vVZbzmDC45b,Postseason Pregame Tour*2026 Wild Card Game 2,2026-09-30,,True,offsale,Yankee Stadium,Bronx,,,,,,,There is a nineteen (19) ticket limit per Tour event.,https://www.ticketmaster.com/postseason-pregame-tour2026-wild-card-game-bronx-new-york-09-30-2026/event/1D00638BBB3952D8
2026-09-29T16:00:23+00:00,mlb_postseason,G5vVZbzmDC45f,Postseason Pregame Tour*2026 Wild Card Game 1,2026-09-29,,True,offsale,Yankee Stadium,Bronx,,,,,,,There is a nineteen (19) ticket limit per Tour event.,https://www.ticketmaster.com/postseason-pregame-tour2026-wild-card-game-bronx-new-york-09-29-2026/event/1D00638BBB3952D4
2026-09-29T16:00:23+00:00,mlb_postseason,G5vVZbzmDCP5Q,Postseason Pregame Tour*2026 Wild Card Game 3,2026-10-01,,True,offsale,Yankee Stadium,Bronx,,,,,,,There is a nineteen (19) ticket limit per Tour event.,https://www.ticketmaster.com/postseason-pregame-tour2026-wild-card-game-bronx-new-york-10-01-2026/event/1D00638BBB3A52DA
2026-09-29T16:00:23+00:00,mlb_postseason,G5vVZbydnigr-,Postseason Premium Pregame Tour*2026 Wild Card Game 1,2026-09-29,,True,offsale,Yankee Stadium,Bronx,,,,,,,There is a nine (9) ticket limit per Tour event.,https://www.ticketmaster.com/postseason-premium-pregame-tour2026-wild-card-bronx-new-york-09-29-2026/event/1D006390EAB357A1
2026-09-29T16:00:23+00:00,mlb_postseason,G5vVZbzRDh9cV,Postseason Pregame Glimpse of Greatness Tour*2026 Wild Card Game 1,2026-09-29,,True,offsale,Yankee Stadium,Bronx,,,,,,,There is a nineteen (19) ticket limit per Tour event.,https://www.ticketmaster.com/postseason-pregame-glimpse-of-greatness-tour2026-bronx-new-york-09-29-2026/event/1D00638BFB6D7B74
2026-09-29T16:00:23+00:00,mlb_postseason,G5vVZbydnigrN,Postseason Premium Pregame Tour*2026 Wild Card Game 2,2026-09-30,,True,offsale,Yankee Stadium,Bronx,,,,,,,There is a nine (9) ticket limit per Tour event.,https://www.ticketmaster.com/postseason-premium-pregame-tour2026-wild-card-bronx-new-york-09-30-2026/event/1D006390EAB357A3
2026-09-29T16:00:23+00:00,mlb_postseason,G5vVZbzRDhEcU,Postseason Pregame Glimpse of Greatness Tour*2026 Wild Card Game 2,2026-09-30,,True,offsale,Yankee Stadium,Bronx,,,,,,,There is a nineteen (19) ticket limit per Tour event.,https://www.ticketmaster.com/postseason-pregame-glimpse-of-greatness-tour2026-bronx-new-york-09-30-2026/event/1D00638BFB6E7B76
2026-09-29T16:00:23+00:00,mlb_postseason,G5vVZbydnigrP,Postseason Premium Pregame Tour*2026 Wild Card Game 3,2026-10-01,,True,offsale,Yankee Stadium,Bronx,,,,,,,There is a nine (9) ticket limit per Tour event.,https://www.ticketmaster.com/postseason-premium-pregame-tour2026-wild-card-bronx-new-york-10-01-2026/event/1D006390EAB357A5
2026-09-29T16:00:23+00:00,mlb_postseason,G5vVZbzRDhEcz,Postseason Pregame Glimpse of Greatness Tour*2026 Wild Card Game 3,2026-10-01,,True,offsale,Yankee Stadium,Bronx,,,,,,,There is a nineteen (19) ticket limit per Tour event.,https://www.ticketmaster.com/postseason-pregame-glimpse-of-greatness-tour2026-bronx-new-york-10-01-2026/event/1D00638BFB6E7B78
2026-09-29T16:00:23+00:00,mlb_postseason,vvG1zZ_o5fOWHh,Atlanta Braves Wild Card Game 3 * Premium Seating *,2026-10-01,,True,onsale,Truist Park,Atlanta,,,,,2026-09-17T17:00:00Z,2026-10-02T02:00:00Z,There is an overall 6 ticket limit for this event.,https://www.ticketmaster.com/atlanta-braves-wild-card-game-3-atlanta-georgia-10-01-2026/event/0E006512D483DF1B
2026-09-29T16:00:23+00:00,mlb_postseason,Z7r9jZ1AAZ4fk,TBD at Cleveland Guardians: ALDS (Home Game 1),2026-10-03,,True,onsale,Progressive Field,Cleveland,,,,,1900-01-01T18:00:00Z,2026-10-04T04:29:20Z,,https://www.ticketmaster.com/event/Z7r9jZ1AAZ4fk
2026-09-29T16:00:23+00:00,mlb_postseason,vvG1zZ_o1HmhbP,Atlanta Braves NLDS Home Game 2,2026-10-07,,True,onsale,Truist Park,Atlanta,,,,,2026-09-17T17:00:00Z,2026-10-08T02:00:00Z,There is an overall 6 ticket limit for this event.,https://www.ticketmaster.com/atlanta-braves-nlds-home-game-2-atlanta-georgia-10-07-2026/event/0E006512BCB9B625
2026-09-29T16:00:23+00:00,mlb_postseason,vvG18Z_GRS4Axp,ALCS Home Game 1,2026-10-15,,False,onsale,Rate Field,Chicago,,,,,2026-09-18T19:00:00Z,2026-10-15T05:00:00Z,There is a 6 ticket limit for this event.,https://www.ticketmaster.com/alcs-home-game-1-chicago-illinois-10-15-2026/event/040064CBF3545896
2026-09-29T16:00:23+00:00,mlb_postseason,vvG1zZ_o1HRlbR,Atlanta Braves NLDS Home Game 3,2026-10-09,,False,cancelled,Truist Park,Atlanta,,,,,2026-09-17T17:00:00Z,2026-10-09T05:00:00Z,There is an overall 6 ticket limit for this event.,https://www.ticketmaster.com/atlanta-braves-nlds-home-game-3-atlanta-georgia-10-09-2026/event/0E006512BCBEB62F
2026-09-29T16:00:23+00:00,mlb_postseason,vvG1zZ_o5fhuDl,Atlanta Braves NLDS Home Game 1 * Premium Seating *,2026-10-06,,True,onsale,Truist Park,Atlanta,,,,,2026-09-17T17:00:00Z,2026-10-07T02:00:00Z,There is an overall 6 ticket limit for this event.,https://www.ticketmaster.com/atlanta-braves-nlds-home-game-1-atlanta-georgia-10-06-2026/event/0E006512D46CDEEB
2026-09-29T16:00:23+00:00,mlb_postseason,vvG1zZ_o5fjqDm,Atlanta Braves NLDS Home Game 2 * Premium Seating *,2026-10-07,,True,onsale,Truist Park,Atlanta,,,,,2026-09-17T17:00:00Z,2026-10-08T02:00:00Z,There is an overall 6 ticket limit for this event.,https://www.ticketmaster.com/atlanta-braves-nlds-home-game-2-atlanta-georgia-10-07-2026/event/0E006512D471DEEE
2026-09-29T16:00:23+00:00,mlb_postseason,vvG18Z_GRSpPxP,ALCS Home Game 2,2026-10-16,,False,onsale,Rate Field,Chicago,,,,,2026-09-18T19:00:00Z,2026-10-16T05:00:00Z,There is a 6 ticket limit for this event.,https://www.ticketmaster.com/alcs-home-game-2-chicago-illinois-10-16-2026/event/040064CBF35A58A5
2026-09-29T16:00:23+00:00,mlb_postseason,vvG1zZ_o5fqqDy,Atlanta Braves NLDS Home Game 3 * Premium Seating *,2026-10-09,,False,cancelled,Truist Park,Atlanta,,,,,2026-09-17T17:00:00Z,2026-10-09T05:00:00Z,There is an overall 6 ticket limit for this event.,https://www.ticketmaster.com/atlanta-braves-nlds-home-game-3-atlanta-georgia-10-09-2026/event/0E006512D475DEF9
2026-09-29T16:00:23+00:00,mlb_postseason,vvG18Z_GRSb4xs,ALCS Home Game 3,2026-10-17,,False,onsale,Rate Field,Chicago,,,,,2026-09-18T19:00:00Z,2026-10-17T05:00:00Z,There is a 6 ticket limit for this event.,https://www.ticketmaster.com/alcs-home-game-3-chicago-illinois-10-17-2026/event/040064CBF36158B1
2026-09-29T16:00:23+00:00,mlb_postseason,Z7r9jZ1AAZ4Gz,"Chicago White Sox at Houston Astros: AL Wild Card (Home Game 3, If Necessary)",2026-10-01,16:00:00,False,onsale,Daikin Park,Houston,,,,,1900-01-01T06:00:00Z,2026-10-01T22:30:00Z,,https://www.ticketmaster.com/event/Z7r9jZ1AAZ4Gz
2026-09-29T16:00:23+00:00,mlb_postseason,1kk8vPk6GAuJdJu,NLCS Home Game 3,2026-10-16,,True,cancelled,Chase Field,Phoenix,,,,,2026-09-25T16:00:00Z,2026-10-17T05:00:00Z,There is an eight (8) ticket limit for this event.,https://www.ticketmaster.com/nlcs-home-game-3-phoenix-arizona-10-16-2026/event/190065187D98398D
2026-09-29T16:00:23+00:00,mlb_postseason,Z7r9jZ1AAZ4f6,TBD at Cleveland Guardians: ALDS (Home Game 2),2026-10-05,,True,onsale,Progressive Field,Cleveland,,,,,1900-01-01T18:00:00Z,2026-10-06T04:29:20Z,,https://www.ticketmaster.com/event/Z7r9jZ1AAZ4f6
2026-09-29T16:00:23+00:00,mlb_postseason,Z7r9jZ1AAZ437,"TBD at Cleveland Guardians: ALDS (Home Game 3, If Necessary)",2026-10-10,,True,onsale,Progressive Field,Cleveland,,,,,1900-01-01T18:00:00Z,2026-10-11T04:29:20Z,,https://www.ticketmaster.com/event/Z7r9jZ1AAZ437
2026-09-29T16:00:23+00:00,mlb_postseason,Z7r9jZ1A7JpJ3,TBD at Milwaukee Brewers: NLDS (Home Game 1),2026-10-03,19:00:00,False,onsale,American Family Field,Milwaukee,,,,,1900-01-01T18:00:00Z,2026-10-04T01:30:00Z,,https://www.ticketmaster.com/event/Z7r9jZ1A7JpJ3
2026-09-29T16:00:23+00:00,mlb_postseason,Z7r9jZ1AAZ4Gw,TBD at Tampa Bay Rays: ALDS (Home Game 1),2026-10-03,00:00:00,False,onsale,Tropicana Field,Saint Petersburg,,,,,1900-01-01T06:00:00Z,2026-10-03T05:30:00Z,,https://www.ticketmaster.com/event/Z7r9jZ1AAZ4Gw
2026-09-29T16:00:23+00:00,mlb_postseason,Z7r9jZ1AAZ4Gs,TBD at Tampa Bay Rays: ALDS (Home Game 2),2026-10-05,00:00:00,False,onsale,Tropicana Field,Saint Petersburg,,,,,1900-01-01T06:00:00Z,2026-10-05T05:30:00Z,,https://www.ticketmaster.com/event/Z7r9jZ1AAZ4Gs
2026-09-29T16:00:23+00:00,mlb_postseason,Z7r9jZ1AAZ4uo,"TBD at Tampa Bay Rays: ALDS (Home Game 3, If Necessary)",2026-10-10,00:00:00,False,onsale,Tropicana Field,Saint Petersburg,,,,,1900-01-01T06:00:00Z,2026-10-10T05:30:00Z,,https://www.ticketmaster.com/event/Z7r9jZ1AAZ4uo
2026-09-29T16:00:23+00:00,mlb_postseason,Z7r9jZ1A7JpP0,TBD at Milwaukee Brewers: NLDS (Home Game 2),2026-10-04,19:00:00,False,onsale,American Family Field,Milwaukee,,,,,1900-01-01T18:00:00Z,2026-10-05T01:30:00Z,,https://www.ticketmaster.com/event/Z7r9jZ1A7JpP0
2026-09-29T16:00:23+00:00,mlb_postseason,Z7r9jZ1AAZEj4,"TBD at Milwaukee Brewers: NLDS (Home Game 3, If Necessary)",2026-10-09,19:00:00,False,onsale,American Family Field,Milwaukee,,,,,1900-01-01T18:00:00Z,2026-10-10T01:30:00Z,,https://www.ticketmaster.com/event/Z7r9jZ1AAZEj4
2026-09-29T16:00:23+00:00,nfl_metlife,k7vGF_a6ecuTM,New York Giants vs. Arizona Cardinals,2026-10-04,13:00:00,False,onsale,MetLife Stadium,East Rutherford,,,,,2026-05-14T23:30:00Z,2026-10-04T18:00:00Z,There is a six (6) ticket limit per household.,https://www.ticketmaster.com/new-york-giants-vs-arizona-cardinals-east-rutherford-new-jersey-10-04-2026/event/00006491C2B4DFF7
2026-09-29T16:00:23+00:00,nfl_metlife,k7vGF_a6eVCZ0,New York Giants vs. New Orleans Saints,2026-10-18,13:00:00,False,onsale,MetLife Stadium,East Rutherford,,,,,2026-05-14T23:30:00Z,2026-10-18T18:00:00Z,There is a six (6) ticket limit per household.,https://www.ticketmaster.com/new-york-giants-vs-new-orleans-east-rutherford-new-jersey-10-18-2026/event/00006491C2D0E024
2026-09-29T16:00:23+00:00,nfl_metlife,k7vGF_a6ezmvd,New York Giants vs. San Francisco 49ers,2026-12-06,13:00:00,False,onsale,MetLife Stadium,East Rutherford,,,,,2026-05-14T23:30:00Z,2026-12-06T19:00:00Z,There is a six (6) ticket limit per household.,https://www.ticketmaster.com/new-york-giants-vs-san-francisco-east-rutherford-new-jersey-12-06-2026/event/00006491C2E2E043
2026-09-29T16:00:23+00:00,nfl_metlife,k7vGF_a6ewmZ_,New York Giants vs. Jacksonville Jaguars,2026-11-22,13:00:00,False,onsale,MetLife Stadium,East Rutherford,,,,,2026-05-14T23:30:00Z,2026-11-22T19:00:00Z,There is a six (6) ticket limit per household.,https://www.ticketmaster.com/new-york-giants-vs-jacksonville-jaguars-east-rutherford-new-jersey-11-22-2026/event/00006491C2CAE019
2026-09-29T16:00:23+00:00,nfl_metlife,k7vGF_a6eRmZe,New York Giants vs. Cleveland Browns,2026-12-20,13:00:00,False,onsale,MetLife Stadium,East Rutherford,,,,,2026-05-14T23:30:00Z,2026-12-20T19:00:00Z,There is a six (6) ticket limit per household.,https://www.ticketmaster.com/new-york-giants-vs-cleveland-browns-east-rutherford-new-jersey-12-20-2026/event/00006491C2BEE002
2026-09-29T16:00:23+00:00,nfl_metlife,k7vGF_a6eDmv8,New York Giants vs. Washington Commanders,2026-11-12,20:15:00,False,onsale,MetLife Stadium,East Rutherford,,,,,2026-05-14T23:30:00Z,2026-11-13T02:15:00Z,There is a six (6) ticket limit per household.,https://www.ticketmaster.com/new-york-giants-vs-washington-commanders-east-rutherford-new-jersey-11-12-2026/event/00006491C2EEE050
2026-09-29T16:00:23+00:00,nfl_metlife,k7vGF_FN-EYBU,New York Jets v. Buffalo Bills,2026-11-15,13:00:00,False,onsale,MetLife Stadium,East Rutherford,,,,,2026-05-15T16:00:00Z,2026-11-15T19:00:00Z,There is a six (6) ticket limit per account.,https://www.ticketmaster.com/new-york-jets-v-buffalo-bills-east-rutherford-new-jersey-11-15-2026/event/00006488E19F0EB6
2026-09-29T16:00:23+00:00,nfl_metlife,k7vGF_FN-xZy2,New York Jets v. Las Vegas Raiders,2026-11-01,13:00:00,False,onsale,MetLife Stadium,East Rutherford,,,,,2026-05-15T16:00:00Z,2026-11-01T19:00:00Z,There is a six (6) ticket limit per account.,https://www.ticketmaster.com/new-york-jets-v-las-vegas-east-rutherford-new-jersey-11-01-2026/event/00006488E1880E4F
2026-09-29T16:00:23+00:00,nfl_metlife,k7vGF_FN-J8Bt,New York Jets v. Cleveland Browns,2026-10-11,13:00:00,False,onsale,MetLife Stadium,East Rutherford,,,,,2026-05-15T16:00:00Z,2026-10-11T18:00:00Z,There is a six (6) ticket limit per account.,https://www.ticketmaster.com/new-york-jets-v-cleveland-browns-east-rutherford-new-jersey-10-11-2026/event/00006488E1990EA9
2026-09-29T16:00:23+00:00,nfl_metlife,k7vGF_FN-PZB_,New York Jets v. Denver Broncos,2026-12-13,13:00:00,False,onsale,MetLife Stadium,East Rutherford,,,,,2026-05-15T16:00:00Z,2026-12-13T19:00:00Z,There is a six (6) ticket limit per account.,https://www.ticketmaster.com/new-york-jets-v-denver-broncos-east-rutherford-new-jersey-12-13-2026/event/00006488E1940E99
2026-09-29T16:00:23+00:00,nfl_metlife,k7vGF_FN-OOzB,New York Jets v. Miami Dolphins,2026-10-25,13:00:00,False,onsale,MetLife Stadium,East Rutherford,,,,,2026-05-15T16:00:00Z,2026-10-25T18:00:00Z,There is a six (6) ticket limit per account.,https://www.ticketmaster.com/new-york-jets-v-miami-dolphins-east-rutherford-new-jersey-10-25-2026/event/00006488E1820E3A
2026-09-29T16:00:23+00:00,nfl_metlife,k7vGF_FN-LZzc,New York Jets v. Minnesota Vikings,2027-01-03,13:00:00,False,onsale,MetLife Stadium,East Rutherford,,,,,2026-05-15T16:00:00Z,2027-01-03T19:00:00Z,There is a six (6) ticket limit per account.,https://www.ticketmaster.com/new-york-jets-v-minnesota-vikings-east-rutherford-new-jersey-01-03-2027/event/00006488E17C0E2D
2026-09-29T16:00:23+00:00,nfl_metlife,k7vGF_FN-qYMW,New York Jets v. New England Patriots,2026-12-27,13:00:00,False,onsale,MetLife Stadium,East Rutherford,,,,,2026-05-15T16:00:00Z,2026-12-27T19:00:00Z,There is a six (6) ticket limit per account.,https://www.ticketmaster.com/new-york-jets-v-new-england-east-rutherford-new-jersey-12-27-2026/event/00006488E1770DFD
2026-09-29T17:00:25+00:00,mlb_postseason,G5vVZ_3wH1uYn,2026 NY Yankees v Boston Red Sox Wild Card Game 1,2026-09-29,20:00:00,False,onsale,Yankee Stadium,Bronx,,,,,2026-09-18T18:00:00Z,2026-09-30T01:00:00Z,Only a LIMITED number of Tickets (as determined by the Yankees in its sole and absolute discretion) will be made available during the presale.Maximum of eight (8) Tickets to each potential game scheduled to be played during the 2026 Wild Card and ALDS.,https://www.ticketmaster.com/2026-ny-yankees-v-boston-red-bronx-new-york-09-29-2026/event/1D00652CBC28DC2A
2026-09-29T17:00:25+00:00,mlb_postseason,G5vVZ_3wWEXeS,2026 NY Yankees v Boston Red Sox Wild Card Game 2,2026-09-30,20:00:00,False,onsale,Yankee Stadium,Bronx,,,,,2026-09-18T18:00:00Z,2026-10-01T01:00:00Z,Only a LIMITED number of Tickets (as determined by the Yankees in its sole and absolute discretion) will be made available during the presale.Maximum of eight (8) Tickets to each potential game scheduled to be played during the 2026 Wild Card and ALDS.,https://www.ticketmaster.com/2026-ny-yankees-v-boston-red-bronx-new-york-09-30-2026/event/1D00652CBD9FE0B3
2026-09-29T17:00:25+00:00,mlb_postseason,G5vVZ_3wWiXdW,2026 NY Yankees v Boston Red Sox Wild Card Game 3,2026-10-01,20:00:00,False,onsale,Yankee Stadium,Bronx,,,,,2026-09-18T18:00:00Z,2026-10-02T01:00:00Z,Only a LIMITED number of Tickets (as determined by the Yankees in its sole and absolute discretion) will be made available during the presale.Maximum of eight (8) Tickets to each potential game scheduled to be played during the 2026 Wild Card and ALDS.,https://www.ticketmaster.com/2026-ny-yankees-v-boston-red-bronx-new-york-10-01-2026/event/1D00652CBDB3E0FD
2026-09-29T17:00:25+00:00,mlb_postseason,G5vVZ_3Yebnyg,Pinstripe Pass * 2026 NY Yankees v Boston Red Sox Wild Card Game 1,2026-09-29,20:00:00,False,onsale,Yankee Stadium,Bronx,,,,,2026-09-18T18:00:00Z,2026-09-30T01:00:00Z,Only a LIMITED number of Tickets (as determined by the Yankees in its sole and absolute discretion) will be made available during the presale.Maximum of eight (8) Tickets to each potential game scheduled to be played during the 2026 Wild Card and ALDS.,https://www.ticketmaster.com/pinstripe-pass-2026-ny-yankees-v-bronx-new-york-09-29-2026/event/1D00652C0262AE75
2026-09-29T17:00:25+00:00,mlb_postseason,G5vVZ_3wcRlFC,2026 NY Yankees v Boston Red Sox Wild Card Game 1 * Premium Seating *,2026-09-29,20:00:00,False,onsale,Yankee Stadium,Bronx,,,,,2026-09-18T18:00:00Z,2026-09-30T01:00:00Z,Only a LIMITED number of Tickets (as determined by the Yankees in its sole and absolute discretion) will be made available during the presale.Maximum of eight (8) Tickets to each potential game scheduled to be played during the 2026 Wild Card and ALDS.,https://www.ticketmaster.com/2026-ny-yankees-v-boston-red-bronx-new-york-09-29-2026/event/1D00652CADBEB20E
2026-09-29T17:00:25+00:00,mlb_postseason,G5vVZ_3YdsD5c,Pinstripe Pass * 2026 NY Yankees v Boston Red Sox Wild Card Game 2,2026-09-30,20:00:00,False,onsale,Yankee Stadium,Bronx,,,,,2026-09-18T18:00:00Z,2026-10-01T01:00:00Z,Only a LIMITED number of Tickets (as determined by the Yankees in its sole and absolute discretion) will be made available during the presale.Maximum of eight (8) Tickets to each potential game scheduled to be played during the 2026 Wild Card and ALDS.,https://www.ticketmaster.com/pinstripe-pass-2026-ny-yankees-v-bronx-new-york-09-30-2026/event/1D00652C03C7B2ED
2026-09-29T17:00:25+00:00,mlb_postseason,G5vVZ_3wSFHFF,2026 NY Yankees v Boston Red Sox Wild Card Game 2 * Premium Seating *,2026-09-30,20:00:00,False,onsale,Yankee Stadium,Bronx,,,,,2026-09-18T18:00:00Z,2026-10-01T01:00:00Z,Only a LIMITED number of Tickets (as determined by the Yankees in its sole and absolute discretion) will be made available during the presale.Maximum of eight (8) Tickets to each potential game scheduled to be played during the 2026 Wild Card and ALDS.,https://www.ticketmaster.com/2026-ny-yankees-v-boston-red-bronx-new-york-09-30-2026/event/1D00652CB323C208
2026-09-29T17:00:25+00:00,mlb_postseason,G5vVZ_3wS_H1X,2026 NY Yankees v Boston Red Sox Wild Card Game 3 * Premium Seating *,2026-10-01,20:00:00,False,onsale,Yankee Stadium,Bronx,,,,,2026-09-18T18:00:00Z,2026-10-02T01:00:00Z,Only a LIMITED number of Tickets (as determined by the Yankees in its sole and absolute discretion) will be made available during the presale.Maximum of eight (8) Tickets to each potential game scheduled to be played during the 2026 Wild Card and ALDS.,https://www.ticketmaster.com/2026-ny-yankees-v-boston-red-bronx-new-york-10-01-2026/event/1D00652CB367C2BE
2026-09-29T17:00:25+00:00,mlb_postseason,G5vVZ_3wWBCk9,2026 NY Yankees Division Series Home Game 1,2026-10-07,,True,offsale,Yankee Stadium,Bronx,,,,,2026-09-18T18:00:00Z,,Only a LIMITED number of Tickets (as determined by the Yankees in its sole and absolute discretion) will be made available during the presale.Maximum of eight (8) Tickets to each potential game scheduled to be played during the 2026 Wild Card and ALDS.,https://www.ticketmaster.com/2026-ny-yankees-division-series-home-bronx-new-york-10-07-2026/event/1D00652CBDE8E197
2026-09-29T17:00:25+00:00,mlb_postseason,G5vVZ_3YdVlG6,Pinstripe Pass * 2026 NY Yankees v Boston Red Sox Wild Card Game 3,2026-10-01,20:00:00,False,onsale,Yankee Stadium,Bronx,,,,,2026-09-18T18:00:00Z,2026-10-02T01:00:00Z,Only a LIMITED number of Tickets (as determined by the Yankees in its sole and absolute discretion) will be made available during the presale.Maximum of eight (8) Tickets to each potential game scheduled to be played during the 2026 Wild Card and ALDS.,https://www.ticketmaster.com/pinstripe-pass-2026-ny-yankees-v-bronx-new-york-10-01-2026/event/1D00652C03D2B307
2026-09-29T17:00:25+00:00,mlb_postseason,G5vVZ_3wXaCa8,2026 NY Yankees Division Series Home Game 2,2026-10-08,,True,offsale,Yankee Stadium,Bronx,,,,,2026-09-18T18:00:00Z,,Only a LIMITED number of Tickets (as determined by the Yankees in its sole and absolute discretion) will be made available during the presale.Maximum of eight (8) Tickets to each potential game scheduled to be played during the 2026 Wild Card and ALDS.,https://www.ticketmaster.com/2026-ny-yankees-division-series-home-bronx-new-york-10-08-2026/event/1D00652CBE24E250
2026-09-29T17:00:25+00:00,mlb_postseason,G5vVZ_3Y7oDKe,Pinstripe Pass * 2026 NY Yankees Division Series Home Game 1,2026-10-07,,True,offsale,Yankee Stadium,Bronx,,,,,2026-09-18T18:00:00Z,,Only a LIMITED number of Tickets (as determined by the Yankees in its sole and absolute discretion) will be made available during the presale.Maximum of eight (8) Tickets to each potential game scheduled to be played during the 2026 Wild Card and ALDS.,https://www.ticketmaster.com/pinstripe-pass-2026-ny-yankees-division-bronx-new-york-10-07-2026/event/1D00652C0447B4C2
2026-09-29T17:00:25+00:00,mlb_postseason,G5vVZ_3wSMGo3,2026 NY Yankees Division Series Home Game 1 * Premium Seating *,2026-10-07,,True,offsale,Yankee Stadium,Bronx,,,,,2026-09-18T18:00:00Z,,Only a LIMITED number of Tickets (as determined by the Yankees in its sole and absolute discretion) will be made available during the presale.Maximum of eight (8) Tickets to each potential game scheduled to be played during the 2026 Wild Card and ALDS.,https://www.ticketmaster.com/2026-ny-yankees-division-series-home-bronx-new-york-10-07-2026/event/1D00652CB3DCC452
2026-09-29T17:00:25+00:00,mlb_postseason,G5vVZ_3Y7ql4F,Pinstripe Pass * 2026 NY Yankees Division Series Home Game 2,2026-10-08,,True,offsale,Yankee Stadium,Bronx,,,,,2026-09-18T18:00:00Z,,Only a LIMITED number of Tickets (as determined by the Yankees in its sole and absolute discretion) will be made available during the presale.Maximum of eight (8) Tickets to each potential game scheduled to be played during the 2026 Wild Card and ALDS.,https://www.ticketmaster.com/pinstripe-pass-2026-ny-yankees-division-bronx-new-york-10-08-2026/event/1D00652C0476B548
2026-09-29T17:00:25+00:00,mlb_postseason,G5vVZ_3wzZqvA,2026 NY Yankees Division Series Home Game 2 * Premium Seating *,2026-10-08,,True,offsale,Yankee Stadium,Bronx,,,,,2026-09-18T18:00:00Z,,Only a LIMITED number of Tickets (as determined by the Yankees in its sole and absolute discretion) will be made available during the presale.Maximum of eight (8) Tickets to each potential game scheduled to be played during the 2026 Wild Card and ALDS.,https://www.ticketmaster.com/2026-ny-yankees-division-series-home-bronx-new-york-10-08-2026/event/1D00652CB801D045
2026-09-29T17:00:25+00:00,mlb_postseason,Z7r9jZ1AAZP3b,TBD at Los Angeles Dodgers: NLDS (Home Game 1),2026-10-03,18:08:00,False,onsale,UNIQLO Field at Dodger Stadium,Los Angeles,,,,,1900-01-01T18:00:00Z,2026-10-04T03:08:00Z,,https://www.ticketmaster.com/event/Z7r9jZ1AAZP3b
2026-09-29T17:00:25+00:00,mlb_postseason,Z7r9jZ1AAZP3_,TBD at Los Angeles Dodgers: NLDS (Home Game 2),2026-10-04,18:08:00,False,onsale,UNIQLO Field at Dodger Stadium,Los Angeles,,,,,1900-01-01T18:00:00Z,2026-10-05T03:08:00Z,,https://www.ticketmaster.com/event/Z7r9jZ1AAZP3_
2026-09-29T17:00:25+00:00,mlb_postseason,Z7r9jZ1AAZPfZ,"TBD at Los Angeles Dodgers: NLDS (Home Game 3, If Necessary)",2026-10-09,18:08:00,False,onsale,UNIQLO Field at Dodger Stadium,Los Angeles,,,,,1900-01-01T18:00:00Z,2026-10-10T03:08:00Z,,https://www.ticketmaster.com/event/Z7r9jZ1AAZPfZ
2026-09-29T17:00:25+00:00,mlb_postseason,Z7r9jZ1AAZMa7,Chicago Cubs at San Diego Padres: NL Wild Card (Home Game 1),2026-09-29,19:00:00,False,onsale,PETCO Park,San Diego,,,,,1900-01-01T18:00:00Z,2026-09-30T03:30:00Z,,https://www.ticketmaster.com/event/Z7r9jZ1AAZMa7
2026-09-29T17:00:25+00:00,mlb_postseason,Z7r9jZ1AAZIk6,Chicago Cubs at San Diego Padres: NL Wild Card (Home Game 2),2026-09-30,19:00:00,False,onsale,PETCO Park,San Diego,,,,,1900-01-01T18:00:00Z,2026-10-01T03:30:00Z,,https://www.ticketmaster.com/event/Z7r9jZ1AAZIk6
2026-09-29T17:00:25+00:00,mlb_postseason,vvG1zZ_o1HYDbV,Atlanta Braves Wild Card Game 1,2026-09-29,14:00:00,False,onsale,Truist Park,Atlanta,,,,,2026-09-17T17:00:00Z,2026-09-29T19:00:00Z,There is an overall 6 ticket limit for this event.,https://www.ticketmaster.com/atlanta-braves-wild-card-game-1-atlanta-georgia-09-29-2026/event/0E006512BCC3B634
2026-09-29T17:00:25+00:00,mlb_postseason,Z7r9jZ1AAZU4s,Chicago White Sox at Houston Astros: AL Wild Card (Home Game 1),2026-09-29,16:00:00,False,onsale,Daikin Park,Houston,,,,,1900-01-01T18:00:00Z,2026-09-29T22:30:00Z,,https://www.ticketmaster.com/event/Z7r9jZ1AAZU4s
2026-09-29T17:00:25+00:00,mlb_postseason,vvG1zZ_o1Hwh_e,Atlanta Braves Wild Card Game 2,2026-09-30,14:00:00,False,onsale,Truist Park,Atlanta,,,,,2026-09-17T17:00:00Z,2026-09-30T19:00:00Z,There is an overall 6 ticket limit for this event.,https://www.ticketmaster.com/atlanta-braves-wild-card-game-2-atlanta-georgia-09-30-2026/event/0E006512BCC9B642
2026-09-29T17:00:25+00:00,mlb_postseason,vvG1zZ_o1HSl_o,Atlanta Braves Wild Card Game 3,2026-10-01,,True,onsale,Truist Park,Atlanta,,,,,2026-09-17T17:00:00Z,2026-10-02T02:00:00Z,There is an overall 6 ticket limit for this event.,https://www.ticketmaster.com/atlanta-braves-wild-card-game-3-atlanta-georgia-10-01-2026/event/0E006512BCCEB651
2026-09-29T17:00:25+00:00,mlb_postseason,vvG18Z_GRS2g-o,ALDS Home Game 1,2026-10-07,,False,onsale,Rate Field,Chicago,,,,,2026-09-18T19:00:00Z,2026-10-07T05:00:00Z,There is a 6 ticket limit for this event.,https://www.ticketmaster.com/alds-home-game-1-chicago-illinois-10-07-2026/event/040064CBF33F5851
2026-09-29T17:00:25+00:00,mlb_postseason,Z7r9jZ1AAZIAy,"Chicago Cubs at San Diego Padres: NL Wild Card (Home Game 3, If Necessary)",2026-10-01,19:00:00,False,onsale,PETCO Park,San Diego,,,,,1900-01-01T18:00:00Z,2026-10-02T03:30:00Z,,https://www.ticketmaster.com/event/Z7r9jZ1AAZIAy
2026-09-29T17:00:25+00:00,mlb_postseason,Z7r9jZ1AAZU4Y,Chicago White Sox at Houston Astros: AL Wild Card (Home Game 2),2026-09-30,16:00:00,False,onsale,Daikin Park,Houston,,,,,1900-01-01T18:00:00Z,2026-09-30T22:30:00Z,,https://www.ticketmaster.com/event/Z7r9jZ1AAZU4Y
2026-09-29T17:00:25+00:00,mlb_postseason,vvG18Z_GRSog-J,ALDS Home Game 2,2026-10-08,,False,onsale,Rate Field,Chicago,,,,,2026-09-18T19:00:00Z,2026-10-08T05:00:00Z,There is a 6 ticket limit for this event.,https://www.ticketmaster.com/alds-home-game-2-chicago-illinois-10-08-2026/event/040064CBF3475866
2026-09-29T17:00:25+00:00,mlb_postseason,vvG1zZ_o5frqHF,Atlanta Braves Wild Card Game 1 * Premium Seating *,2026-09-29,14:00:00,False,onsale,Truist Park,Atlanta,,,,,2026-09-17T17:00:00Z,2026-09-29T19:00:00Z,There is an overall 6 ticket limit for this event.,https://www.ticketmaster.com/atlanta-braves-wild-card-game-1-atlanta-georgia-09-29-2026/event/0E006512D479DF08
2026-09-29T17:00:25+00:00,mlb_postseason,vvG1zZ_o1Hc5b9,Atlanta Braves NLDS Home Game 1,2026-10-06,,True,onsale,Truist Park,Atlanta,,,,,2026-09-17T17:00:00Z,2026-10-07T02:00:00Z,There is an overall 6 ticket limit for this event.,https://www.ticketmaster.com/atlanta-braves-nlds-home-game-1-atlanta-georgia-10-06-2026/event/0E006512BCB4B617
2026-09-29T17:00:25+00:00,mlb_postseason,vvG1zZ_o5fLcHf,Atlanta Braves Wild Card Game 2 * Premium Seating *,2026-09-30,14:00:00,False,onsale,Truist Park,Atlanta,,,,,2026-09-17T17:00:00Z,2026-09-30T19:00:00Z,There is an overall 6 ticket limit for this event.,https://www.ticketmaster.com/atlanta-braves-wild-card-game-2-atlanta-georgia-09-30-2026/event/0E006512D47EDF14
2026-09-29T17:00:25+00:00,mlb_postseason,G5vVZbzmDC45f,Postseason Pregame Tour*2026 Wild Card Game 1,2026-09-29,,True,offsale,Yankee Stadium,Bronx,,,,,,,There is a nineteen (19) ticket limit per Tour event.,https://www.ticketmaster.com/postseason-pregame-tour2026-wild-card-game-bronx-new-york-09-29-2026/event/1D00638BBB3952D4
2026-09-29T17:00:25+00:00,mlb_postseason,G5vVZbzmDC45b,Postseason Pregame Tour*2026 Wild Card Game 2,2026-09-30,,True,offsale,Yankee Stadium,Bronx,,,,,,,There is a nineteen (19) ticket limit per Tour event.,https://www.ticketmaster.com/postseason-pregame-tour2026-wild-card-game-bronx-new-york-09-30-2026/event/1D00638BBB3952D8
2026-09-29T17:00:25+00:00,mlb_postseason,G5vVZbzmDCP5Q,Postseason Pregame Tour*2026 Wild Card Game 3,2026-10-01,,True,offsale,Yankee Stadium,Bronx,,,,,,,There is a nineteen (19) ticket limit per Tour event.,https://www.ticketmaster.com/postseason-pregame-tour2026-wild-card-game-bronx-new-york-10-01-2026/event/1D00638BBB3A52DA
2026-09-29T17:00:25+00:00,mlb_postseason,G5vVZbydnigr-,Postseason Premium Pregame Tour*2026 Wild Card Game 1,2026-09-29,,True,offsale,Yankee Stadium,Bronx,,,,,,,There is a nine (9) ticket limit per Tour event.,https://www.ticketmaster.com/postseason-premium-pregame-tour2026-wild-card-bronx-new-york-09-29-2026/event/1D006390EAB357A1
2026-09-29T17:00:25+00:00,mlb_postseason,G5vVZbydnigrN,Postseason Premium Pregame Tour*2026 Wild Card Game 2,2026-09-30,,True,offsale,Yankee Stadium,Bronx,,,,,,,There is a nine (9) ticket limit per Tour event.,https://www.ticketmaster.com/postseason-premium-pregame-tour2026-wild-card-bronx-new-york-09-30-2026/event/1D006390EAB357A3
2026-09-29T17:00:25+00:00,mlb_postseason,G5vVZbzRDh9cV,Postseason Pregame Glimpse of Greatness Tour*2026 Wild Card Game 1,2026-09-29,,True,offsale,Yankee Stadium,Bronx,,,,,,,There is a nineteen (19) ticket limit per Tour event.,https://www.ticketmaster.com/postseason-pregame-glimpse-of-greatness-tour2026-bronx-new-york-09-29-2026/event/1D00638BFB6D7B74
2026-09-29T17:00:25+00:00,mlb_postseason,G5vVZbzRDhEcU,Postseason Pregame Glimpse of Greatness Tour*2026 Wild Card Game 2,2026-09-30,,True,offsale,Yankee Stadium,Bronx,,,,,,,There is a nineteen (19) ticket limit per Tour event.,https://www.ticketmaster.com/postseason-pregame-glimpse-of-greatness-tour2026-bronx-new-york-09-30-2026/event/1D00638BFB6E7B76
2026-09-29T17:00:25+00:00,mlb_postseason,G5vVZbydnigrP,Postseason Premium Pregame Tour*2026 Wild Card Game 3,2026-10-01,,True,offsale,Yankee Stadium,Bronx,,,,,,,There is a nine (9) ticket limit per Tour event.,https://www.ticketmaster.com/postseason-premium-pregame-tour2026-wild-card-bronx-new-york-10-01-2026/event/1D006390EAB357A5
2026-09-29T17:00:25+00:00,mlb_postseason,G5vVZbzRDhEcz,Postseason Pregame Glimpse of Greatness Tour*2026 Wild Card Game 3,2026-10-01,,True,offsale,Yankee Stadium,Bronx,,,,,,,There is a nineteen (19) ticket limit per Tour event.,https://www.ticketmaster.com/postseason-pregame-glimpse-of-greatness-tour2026-bronx-new-york-10-01-2026/event/1D00638BFB6E7B78
2026-09-29T17:00:25+00:00,mlb_postseason,vvG1zZ_o5fOWHh,Atlanta Braves Wild Card Game 3 * Premium Seating *,2026-10-01,,True,onsale,Truist Park,Atlanta,,,,,2026-09-17T17:00:00Z,2026-10-02T02:00:00Z,There is an overall 6 ticket limit for this event.,https://www.ticketmaster.com/atlanta-braves-wild-card-game-3-atlanta-georgia-10-01-2026/event/0E006512D483DF1B
2026-09-29T17:00:25+00:00,mlb_postseason,Z7r9jZ1AAZ4fk,TBD at Cleveland Guardians: ALDS (Home Game 1),2026-10-03,,True,onsale,Progressive Field,Cleveland,,,,,1900-01-01T18:00:00Z,2026-10-04T04:29:20Z,,https://www.ticketmaster.com/event/Z7r9jZ1AAZ4fk
2026-09-29T17:00:25+00:00,mlb_postseason,vvG1zZ_o1HmhbP,Atlanta Braves NLDS Home Game 2,2026-10-07,,True,onsale,Truist Park,Atlanta,,,,,2026-09-17T17:00:00Z,2026-10-08T02:00:00Z,There is an overall 6 ticket limit for this event.,https://www.ticketmaster.com/atlanta-braves-nlds-home-game-2-atlanta-georgia-10-07-2026/event/0E006512BCB9B625
2026-09-29T17:00:25+00:00,mlb_postseason,vvG18Z_GRS4Axp,ALCS Home Game 1,2026-10-15,,False,onsale,Rate Field,Chicago,,,,,2026-09-18T19:00:00Z,2026-10-15T05:00:00Z,There is a 6 ticket limit for this event.,https://www.ticketmaster.com/alcs-home-game-1-chicago-illinois-10-15-2026/event/040064CBF3545896
2026-09-29T17:00:25+00:00,mlb_postseason,vvG1zZ_o1HRlbR,Atlanta Braves NLDS Home Game 3,2026-10-09,,False,cancelled,Truist Park,Atlanta,,,,,2026-09-17T17:00:00Z,2026-10-09T05:00:00Z,There is an overall 6 ticket limit for this event.,https://www.ticketmaster.com/atlanta-braves-nlds-home-game-3-atlanta-georgia-10-09-2026/event/0E006512BCBEB62F
2026-09-29T17:00:25+00:00,mlb_postseason,vvG1zZ_o5fhuDl,Atlanta Braves NLDS Home Game 1 * Premium Seating *,2026-10-06,,True,onsale,Truist Park,Atlanta,,,,,2026-09-17T17:00:00Z,2026-10-07T02:00:00Z,There is an overall 6 ticket limit for this event.,https://www.ticketmaster.com/atlanta-braves-nlds-home-game-1-atlanta-georgia-10-06-2026/event/0E006512D46CDEEB
2026-09-29T17:00:25+00:00,mlb_postseason,vvG1zZ_o5fjqDm,Atlanta Braves NLDS Home Game 2 * Premium Seating *,2026-10-07,,True,onsale,Truist Park,Atlanta,,,,,2026-09-17T17:00:00Z,2026-10-08T02:00:00Z,There is an overall 6 ticket limit for this event.,https://www.ticketmaster.com/atlanta-braves-nlds-home-game-2-atlanta-georgia-10-07-2026/event/0E006512D471DEEE
2026-09-29T17:00:25+00:00,mlb_postseason,vvG18Z_GRSpPxP,ALCS Home Game 2,2026-10-16,,False,onsale,Rate Field,Chicago,,,,,2026-09-18T19:00:00Z,2026-10-16T05:00:00Z,There is a 6 ticket limit for this event.,https://www.ticketmaster.com/alcs-home-game-2-chicago-illinois-10-16-2026/event/040064CBF35A58A5
2026-09-29T17:00:25+00:00,mlb_postseason,vvG1zZ_o5fqqDy,Atlanta Braves NLDS Home Game 3 * Premium Seating *,2026-10-09,,False,cancelled,Truist Park,Atlanta,,,,,2026-09-17T17:00:00Z,2026-10-09T05:00:00Z,There is an overall 6 ticket limit for this event.,https://www.ticketmaster.com/atlanta-braves-nlds-home-game-3-atlanta-georgia-10-09-2026/event/0E006512D475DEF9
2026-09-29T17:00:25+00:00,mlb_postseason,vvG18Z_GRSb4xs,ALCS Home Game 3,2026-10-17,,False,onsale,Rate Field,Chicago,,,,,2026-09-18T19:00:00Z,2026-10-17T05:00:00Z,There is a 6 ticket limit for this event.,https://www.ticketmaster.com/alcs-home-game-3-chicago-illinois-10-17-2026/event/040064CBF36158B1
2026-09-29T17:00:25+00:00,mlb_postseason,Z7r9jZ1AAZ4Gz,"Chicago White Sox at Houston Astros: AL Wild Card (Home Game 3, If Necessary)",2026-10-01,16:00:00,False,onsale,Daikin Park,Houston,,,,,1900-01-01T06:00:00Z,2026-10-01T22:30:00Z,,https://www.ticketmaster.com/event/Z7r9jZ1AAZ4Gz
2026-09-29T17:00:25+00:00,mlb_postseason,1kk8vPk6GAuJdJu,NLCS Home Game 3,2026-10-16,,True,cancelled,Chase Field,Phoenix,,,,,2026-09-25T16:00:00Z,2026-10-17T05:00:00Z,There is an eight (8) ticket limit for this event.,https://www.ticketmaster.com/nlcs-home-game-3-phoenix-arizona-10-16-2026/event/190065187D98398D
2026-09-29T17:00:25+00:00,mlb_postseason,Z7r9jZ1AAZ4f6,TBD at Cleveland Guardians: ALDS (Home Game 2),2026-10-05,,True,onsale,Progressive Field,Cleveland,,,,,1900-01-01T18:00:00Z,2026-10-06T04:29:20Z,,https://www.ticketmaster.com/event/Z7r9jZ1AAZ4f6
2026-09-29T17:00:25+00:00,mlb_postseason,Z7r9jZ1AAZ437,"TBD at Cleveland Guardians: ALDS (Home Game 3, If Necessary)",2026-10-10,,True,onsale,Progressive Field,Cleveland,,,,,1900-01-01T18:00:00Z,2026-10-11T04:29:20Z,,https://www.ticketmaster.com/event/Z7r9jZ1AAZ437
2026-09-29T17:00:25+00:00,mlb_postseason,Z7r9jZ1A7JpJ3,TBD at Milwaukee Brewers: NLDS (Home Game 1),2026-10-03,19:00:00,False,onsale,American Family Field,Milwaukee,,,,,1900-01-01T18:00:00Z,2026-10-04T01:30:00Z,,https://www.ticketmaster.com/event/Z7r9jZ1A7JpJ3
2026-09-29T17:00:25+00:00,mlb_postseason,Z7r9jZ1AAZ4Gw,TBD at Tampa Bay Rays: ALDS (Home Game 1),2026-10-03,00:00:00,False,onsale,Tropicana Field,Saint Petersburg,,,,,1900-01-01T06:00:00Z,2026-10-03T05:30:00Z,,https://www.ticketmaster.com/event/Z7r9jZ1AAZ4Gw
2026-09-29T17:00:25+00:00,mlb_postseason,Z7r9jZ1AAZ4Gs,TBD at Tampa Bay Rays: ALDS (Home Game 2),2026-10-05,00:00:00,False,onsale,Tropicana Field,Saint Petersburg,,,,,1900-01-01T06:00:00Z,2026-10-05T05:30:00Z,,https://www.ticketmaster.com/event/Z7r9jZ1AAZ4Gs
2026-09-29T17:00:25+00:00,mlb_postseason,Z7r9jZ1AAZ4uo,"TBD at Tampa Bay Rays: ALDS (Home Game 3, If Necessary)",2026-10-10,00:00:00,False,onsale,Tropicana Field,Saint Petersburg,,,,,1900-01-01T06:00:00Z,2026-10-10T05:30:00Z,,https://www.ticketmaster.com/event/Z7r9jZ1AAZ4uo
2026-09-29T17:00:25+00:00,mlb_postseason,Z7r9jZ1A7JpP0,TBD at Milwaukee Brewers: NLDS (Home Game 2),2026-10-04,19:00:00,False,onsale,American Family Field,Milwaukee,,,,,1900-01-01T18:00:00Z,2026-10-05T01:30:00Z,,https://www.ticketmaster.com/event/Z7r9jZ1A7JpP0
2026-09-29T17:00:25+00:00,mlb_postseason,Z7r9jZ1AAZEj4,"TBD at Milwaukee Brewers: NLDS (Home Game 3, If Necessary)",2026-10-09,19:00:00,False,onsale,American Family Field,Milwaukee,,,,,1900-01-01T18:00:00Z,2026-10-10T01:30:00Z,,https://www.ticketmaster.com/event/Z7r9jZ1AAZEj4
2026-09-29T17:00:25+00:00,mlb_postseason,vv170Z_KGkSYmKTy,Dodgers Watch Party (Game 3 of NLDS) Time: TBD,2026-10-06,16:00:00,False,onsale,The Regent Theater,Los Angeles,,,,,2026-09-29T17:00:00Z,2026-10-06T23:00:00Z,,https://www.eventbrite.com/e/2002482384718?aff=oddtdtcreator
2026-09-29T17:00:25+00:00,nfl_metlife,k7vGF_a6ecuTM,New York Giants vs. Arizona Cardinals,2026-10-04,13:00:00,False,onsale,MetLife Stadium,East Rutherford,,,,,2026-05-14T23:30:00Z,2026-10-04T18:00:00Z,There is a six (6) ticket limit per household.,https://www.ticketmaster.com/new-york-giants-vs-arizona-cardinals-east-rutherford-new-jersey-10-04-2026/event/00006491C2B4DFF7
2026-09-29T17:00:25+00:00,nfl_metlife,k7vGF_a6eVCZ0,New York Giants vs. New Orleans Saints,2026-10-18,13:00:00,False,onsale,MetLife Stadium,East Rutherford,,,,,2026-05-14T23:30:00Z,2026-10-18T18:00:00Z,There is a six (6) ticket limit per household.,https://www.ticketmaster.com/new-york-giants-vs-new-orleans-east-rutherford-new-jersey-10-18-2026/event/00006491C2D0E024
2026-09-29T17:00:25+00:00,nfl_metlife,k7vGF_a6ezmvd,New York Giants vs. San Francisco 49ers,2026-12-06,13:00:00,False,onsale,MetLife Stadium,East Rutherford,,,,,2026-05-14T23:30:00Z,2026-12-06T19:00:00Z,There is a six (6) ticket limit per household.,https://www.ticketmaster.com/new-york-giants-vs-san-francisco-east-rutherford-new-jersey-12-06-2026/event/00006491C2E2E043
2026-09-29T17:00:25+00:00,nfl_metlife,k7vGF_a6ewmZ_,New York Giants vs. Jacksonville Jaguars,2026-11-22,13:00:00,False,onsale,MetLife Stadium,East Rutherford,,,,,2026-05-14T23:30:00Z,2026-11-22T19:00:00Z,There is a six (6) ticket limit per household.,https://www.ticketmaster.com/new-york-giants-vs-jacksonville-jaguars-east-rutherford-new-jersey-11-22-2026/event/00006491C2CAE019
2026-09-29T17:00:25+00:00,nfl_metlife,k7vGF_a6eRmZe,New York Giants vs. Cleveland Browns,2026-12-20,13:00:00,False,onsale,MetLife Stadium,East Rutherford,,,,,2026-05-14T23:30:00Z,2026-12-20T19:00:00Z,There is a six (6) ticket limit per household.,https://www.ticketmaster.com/new-york-giants-vs-cleveland-browns-east-rutherford-new-jersey-12-20-2026/event/00006491C2BEE002
2026-09-29T17:00:25+00:00,nfl_metlife,k7vGF_a6eDmv8,New York Giants vs. Washington Commanders,2026-11-12,20:15:00,False,onsale,MetLife Stadium,East Rutherford,,,,,2026-05-14T23:30:00Z,2026-11-13T02:15:00Z,There is a six (6) ticket limit per household.,https://www.ticketmaster.com/new-york-giants-vs-washington-commanders-east-rutherford-new-jersey-11-12-2026/event/00006491C2EEE050
2026-09-29T17:00:25+00:00,nfl_metlife,k7vGF_FN-EYBU,New York Jets v. Buffalo Bills,2026-11-15,13:00:00,False,onsale,MetLife Stadium,East Rutherford,,,,,2026-05-15T16:00:00Z,2026-11-15T19:00:00Z,There is a six (6) ticket limit per account.,https://www.ticketmaster.com/new-york-jets-v-buffalo-bills-east-rutherford-new-jersey-11-15-2026/event/00006488E19F0EB6
2026-09-29T17:00:25+00:00,nfl_metlife,k7vGF_FN-xZy2,New York Jets v. Las Vegas Raiders,2026-11-01,13:00:00,False,onsale,MetLife Stadium,East Rutherford,,,,,2026-05-15T16:00:00Z,2026-11-01T19:00:00Z,There is a six (6) ticket limit per account.,https://www.ticketmaster.com/new-york-jets-v-las-vegas-east-rutherford-new-jersey-11-01-2026/event/00006488E1880E4F
2026-09-29T17:00:25+00:00,nfl_metlife,k7vGF_FN-J8Bt,New York Jets v. Cleveland Browns,2026-10-11,13:00:00,False,onsale,MetLife Stadium,East Rutherford,,,,,2026-05-15T16:00:00Z,2026-10-11T18:00:00Z,There is a six (6) ticket limit per account.,https://www.ticketmaster.com/new-york-jets-v-cleveland-browns-east-rutherford-new-jersey-10-11-2026/event/00006488E1990EA9
2026-09-29T17:00:25+00:00,nfl_metlife,k7vGF_FN-PZB_,New York Jets v. Denver Broncos,2026-12-13,13:00:00,False,onsale,MetLife Stadium,East Rutherford,,,,,2026-05-15T16:00:00Z,2026-12-13T19:00:00Z,There is a six (6) ticket limit per account.,https://www.ticketmaster.com/new-york-jets-v-denver-broncos-east-rutherford-new-jersey-12-13-2026/event/00006488E1940E99
2026-09-29T17:00:25+00:00,nfl_metlife,k7vGF_FN-OOzB,New York Jets v. Miami Dolphins,2026-10-25,13:00:00,False,onsale,MetLife Stadium,East Rutherford,,,,,2026-05-15T16:00:00Z,2026-10-25T18:00:00Z,There is a six (6) ticket limit per account.,https://www.ticketmaster.com/new-york-jets-v-miami-dolphins-east-rutherford-new-jersey-10-25-2026/event/00006488E1820E3A
2026-09-29T17:00:25+00:00,nfl_metlife,k7vGF_FN-LZzc,New York Jets v. Minnesota Vikings,2027-01-03,13:00:00,False,onsale,MetLife Stadium,East Rutherford,,,,,2026-05-15T16:00:00Z,2027-01-03T19:00:00Z,There is a six (6) ticket limit per account.,https://www.ticketmaster.com/new-york-jets-v-minnesota-vikings-east-rutherford-new-jersey-01-03-2027/event/00006488E17C0E2D
2026-09-29T17:00:25+00:00,nfl_metlife,k7vGF_FN-qYMW,New York Jets v. New England Patriots,2026-12-27,13:00:00,False,onsale,MetLife Stadium,East Rutherford,,,,,2026-05-15T16:00:00Z,2026-12-27T19:00:00Z,There is a six (6) ticket limit per account.,https://www.ticketmaster.com/new-york-jets-v-new-england-east-rutherford-new-jersey-12-27-2026/event/00006488E1770DFD
2026-09-29T18:00:22+00:00,mlb_postseason,G5vVZ_3wH1uYn,2026 NY Yankees v Boston Red Sox Wild Card Game 1,2026-09-29,20:00:00,False,onsale,Yankee Stadium,Bronx,,,,,2026-09-18T18:00:00Z,2026-09-30T01:00:00Z,Only a LIMITED number of Tickets (as determined by the Yankees in its sole and absolute discretion) will be made available during the presale.Maximum of eight (8) Tickets to each potential game scheduled to be played during the 2026 Wild Card and ALDS.,https://www.ticketmaster.com/2026-ny-yankees-v-boston-red-bronx-new-york-09-29-2026/event/1D00652CBC28DC2A
2026-09-29T18:00:22+00:00,mlb_postseason,G5vVZ_3wWEXeS,2026 NY Yankees v Boston Red Sox Wild Card Game 2,2026-09-30,20:00:00,False,onsale,Yankee Stadium,Bronx,,,,,2026-09-18T18:00:00Z,2026-10-01T01:00:00Z,Only a LIMITED number of Tickets (as determined by the Yankees in its sole and absolute discretion) will be made available during the presale.Maximum of eight (8) Tickets to each potential game scheduled to be played during the 2026 Wild Card and ALDS.,https://www.ticketmaster.com/2026-ny-yankees-v-boston-red-bronx-new-york-09-30-2026/event/1D00652CBD9FE0B3
2026-09-29T18:00:22+00:00,mlb_postseason,G5vVZ_3wWiXdW,2026 NY Yankees v Boston Red Sox Wild Card Game 3,2026-10-01,20:00:00,False,onsale,Yankee Stadium,Bronx,,,,,2026-09-18T18:00:00Z,2026-10-02T01:00:00Z,Only a LIMITED number of Tickets (as determined by the Yankees in its sole and absolute discretion) will be made available during the presale.Maximum of eight (8) Tickets to each potential game scheduled to be played during the 2026 Wild Card and ALDS.,https://www.ticketmaster.com/2026-ny-yankees-v-boston-red-bronx-new-york-10-01-2026/event/1D00652CBDB3E0FD
2026-09-29T18:00:22+00:00,mlb_postseason,G5vVZ_3Yebnyg,Pinstripe Pass * 2026 NY Yankees v Boston Red Sox Wild Card Game 1,2026-09-29,20:00:00,False,onsale,Yankee Stadium,Bronx,,,,,2026-09-18T18:00:00Z,2026-09-30T01:00:00Z,Only a LIMITED number of Tickets (as determined by the Yankees in its sole and absolute discretion) will be made available during the presale.Maximum of eight (8) Tickets to each potential game scheduled to be played during the 2026 Wild Card and ALDS.,https://www.ticketmaster.com/pinstripe-pass-2026-ny-yankees-v-bronx-new-york-09-29-2026/event/1D00652C0262AE75
2026-09-29T18:00:22+00:00,mlb_postseason,G5vVZ_3wcRlFC,2026 NY Yankees v Boston Red Sox Wild Card Game 1 * Premium Seating *,2026-09-29,20:00:00,False,onsale,Yankee Stadium,Bronx,,,,,2026-09-18T18:00:00Z,2026-09-30T01:00:00Z,Only a LIMITED number of Tickets (as determined by the Yankees in its sole and absolute discretion) will be made available during the presale.Maximum of eight (8) Tickets to each potential game scheduled to be played during the 2026 Wild Card and ALDS.,https://www.ticketmaster.com/2026-ny-yankees-v-boston-red-bronx-new-york-09-29-2026/event/1D00652CADBEB20E
2026-09-29T18:00:22+00:00,mlb_postseason,G5vVZ_3YdsD5c,Pinstripe Pass * 2026 NY Yankees v Boston Red Sox Wild Card Game 2,2026-09-30,20:00:00,False,onsale,Yankee Stadium,Bronx,,,,,2026-09-18T18:00:00Z,2026-10-01T01:00:00Z,Only a LIMITED number of Tickets (as determined by the Yankees in its sole and absolute discretion) will be made available during the presale.Maximum of eight (8) Tickets to each potential game scheduled to be played during the 2026 Wild Card and ALDS.,https://www.ticketmaster.com/pinstripe-pass-2026-ny-yankees-v-bronx-new-york-09-30-2026/event/1D00652C03C7B2ED
2026-09-29T18:00:22+00:00,mlb_postseason,G5vVZ_3wSFHFF,2026 NY Yankees v Boston Red Sox Wild Card Game 2 * Premium Seating *,2026-09-30,20:00:00,False,onsale,Yankee Stadium,Bronx,,,,,2026-09-18T18:00:00Z,2026-10-01T01:00:00Z,Only a LIMITED number of Tickets (as determined by the Yankees in its sole and absolute discretion) will be made available during the presale.Maximum of eight (8) Tickets to each potential game scheduled to be played during the 2026 Wild Card and ALDS.,https://www.ticketmaster.com/2026-ny-yankees-v-boston-red-bronx-new-york-09-30-2026/event/1D00652CB323C208
2026-09-29T18:00:22+00:00,mlb_postseason,G5vVZ_3wS_H1X,2026 NY Yankees v Boston Red Sox Wild Card Game 3 * Premium Seating *,2026-10-01,20:00:00,False,onsale,Yankee Stadium,Bronx,,,,,2026-09-18T18:00:00Z,2026-10-02T01:00:00Z,Only a LIMITED number of Tickets (as determined by the Yankees in its sole and absolute discretion) will be made available during the presale.Maximum of eight (8) Tickets to each potential game scheduled to be played during the 2026 Wild Card and ALDS.,https://www.ticketmaster.com/2026-ny-yankees-v-boston-red-bronx-new-york-10-01-2026/event/1D00652CB367C2BE
2026-09-29T18:00:22+00:00,mlb_postseason,G5vVZ_3wWBCk9,2026 NY Yankees Division Series Home Game 1,2026-10-07,,True,offsale,Yankee Stadium,Bronx,,,,,2026-09-18T18:00:00Z,,Only a LIMITED number of Tickets (as determined by the Yankees in its sole and absolute discretion) will be made available during the presale.Maximum of eight (8) Tickets to each potential game scheduled to be played during the 2026 Wild Card and ALDS.,https://www.ticketmaster.com/2026-ny-yankees-division-series-home-bronx-new-york-10-07-2026/event/1D00652CBDE8E197
2026-09-29T18:00:22+00:00,mlb_postseason,G5vVZ_3YdVlG6,Pinstripe Pass * 2026 NY Yankees v Boston Red Sox Wild Card Game 3,2026-10-01,20:00:00,False,onsale,Yankee Stadium,Bronx,,,,,2026-09-18T18:00:00Z,2026-10-02T01:00:00Z,Only a LIMITED number of Tickets (as determined by the Yankees in its sole and absolute discretion) will be made available during the presale.Maximum of eight (8) Tickets to each potential game scheduled to be played during the 2026 Wild Card and ALDS.,https://www.ticketmaster.com/pinstripe-pass-2026-ny-yankees-v-bronx-new-york-10-01-2026/event/1D00652C03D2B307
2026-09-29T18:00:22+00:00,mlb_postseason,G5vVZ_3wXaCa8,2026 NY Yankees Division Series Home Game 2,2026-10-08,,True,offsale,Yankee Stadium,Bronx,,,,,2026-09-18T18:00:00Z,,Only a LIMITED number of Tickets (as determined by the Yankees in its sole and absolute discretion) will be made available during the presale.Maximum of eight (8) Tickets to each potential game scheduled to be played during the 2026 Wild Card and ALDS.,https://www.ticketmaster.com/2026-ny-yankees-division-series-home-bronx-new-york-10-08-2026/event/1D00652CBE24E250
2026-09-29T18:00:22+00:00,mlb_postseason,G5vVZ_3Y7oDKe,Pinstripe Pass * 2026 NY Yankees Division Series Home Game 1,2026-10-07,,True,offsale,Yankee Stadium,Bronx,,,,,2026-09-18T18:00:00Z,,Only a LIMITED number of Tickets (as determined by the Yankees in its sole and absolute discretion) will be made available during the presale.Maximum of eight (8) Tickets to each potential game scheduled to be played during the 2026 Wild Card and ALDS.,https://www.ticketmaster.com/pinstripe-pass-2026-ny-yankees-division-bronx-new-york-10-07-2026/event/1D00652C0447B4C2
2026-09-29T18:00:22+00:00,mlb_postseason,G5vVZ_3wSMGo3,2026 NY Yankees Division Series Home Game 1 * Premium Seating *,2026-10-07,,True,offsale,Yankee Stadium,Bronx,,,,,2026-09-18T18:00:00Z,,Only a LIMITED number of Tickets (as determined by the Yankees in its sole and absolute discretion) will be made available during the presale.Maximum of eight (8) Tickets to each potential game scheduled to be played during the 2026 Wild Card and ALDS.,https://www.ticketmaster.com/2026-ny-yankees-division-series-home-bronx-new-york-10-07-2026/event/1D00652CB3DCC452
2026-09-29T18:00:22+00:00,mlb_postseason,G5vVZ_3Y7ql4F,Pinstripe Pass * 2026 NY Yankees Division Series Home Game 2,2026-10-08,,True,offsale,Yankee Stadium,Bronx,,,,,2026-09-18T18:00:00Z,,Only a LIMITED number of Tickets (as determined by the Yankees in its sole and absolute discretion) will be made available during the presale.Maximum of eight (8) Tickets to each potential game scheduled to be played during the 2026 Wild Card and ALDS.,https://www.ticketmaster.com/pinstripe-pass-2026-ny-yankees-division-bronx-new-york-10-08-2026/event/1D00652C0476B548
2026-09-29T18:00:22+00:00,mlb_postseason,G5vVZ_3wzZqvA,2026 NY Yankees Division Series Home Game 2 * Premium Seating *,2026-10-08,,True,offsale,Yankee Stadium,Bronx,,,,,2026-09-18T18:00:00Z,,Only a LIMITED number of Tickets (as determined by the Yankees in its sole and absolute discretion) will be made available during the presale.Maximum of eight (8) Tickets to each potential game scheduled to be played during the 2026 Wild Card and ALDS.,https://www.ticketmaster.com/2026-ny-yankees-division-series-home-bronx-new-york-10-08-2026/event/1D00652CB801D045
2026-09-29T18:00:22+00:00,mlb_postseason,Z7r9jZ1AAZP3b,TBD at Los Angeles Dodgers: NLDS (Home Game 1),2026-10-03,18:08:00,False,onsale,UNIQLO Field at Dodger Stadium,Los Angeles,,,,,1900-01-01T18:00:00Z,2026-10-04T03:08:00Z,,https://www.ticketmaster.com/event/Z7r9jZ1AAZP3b
2026-09-29T18:00:22+00:00,mlb_postseason,Z7r9jZ1AAZP3_,TBD at Los Angeles Dodgers: NLDS (Home Game 2),2026-10-04,18:08:00,False,onsale,UNIQLO Field at Dodger Stadium,Los Angeles,,,,,1900-01-01T18:00:00Z,2026-10-05T03:08:00Z,,https://www.ticketmaster.com/event/Z7r9jZ1AAZP3_
2026-09-29T18:00:22+00:00,mlb_postseason,Z7r9jZ1AAZPfZ,"TBD at Los Angeles Dodgers: NLDS (Home Game 3, If Necessary)",2026-10-09,18:08:00,False,onsale,UNIQLO Field at Dodger Stadium,Los Angeles,,,,,1900-01-01T18:00:00Z,2026-10-10T03:08:00Z,,https://www.ticketmaster.com/event/Z7r9jZ1AAZPfZ
2026-09-29T18:00:22+00:00,mlb_postseason,Z7r9jZ1AAZMa7,Chicago Cubs at San Diego Padres: NL Wild Card (Home Game 1),2026-09-29,19:00:00,False,onsale,PETCO Park,San Diego,,,,,1900-01-01T18:00:00Z,2026-09-30T03:30:00Z,,https://www.ticketmaster.com/event/Z7r9jZ1AAZMa7
2026-09-29T18:00:22+00:00,mlb_postseason,Z7r9jZ1AAZIk6,Chicago Cubs at San Diego Padres: NL Wild Card (Home Game 2),2026-09-30,19:00:00,False,onsale,PETCO Park,San Diego,,,,,1900-01-01T18:00:00Z,2026-10-01T03:30:00Z,,https://www.ticketmaster.com/event/Z7r9jZ1AAZIk6
2026-09-29T18:00:22+00:00,mlb_postseason,vvG1zZ_o1HYDbV,Atlanta Braves Wild Card Game 1,2026-09-29,14:00:00,False,onsale,Truist Park,Atlanta,,,,,2026-09-17T17:00:00Z,2026-09-29T19:00:00Z,There is an overall 6 ticket limit for this event.,https://www.ticketmaster.com/atlanta-braves-wild-card-game-1-atlanta-georgia-09-29-2026/event/0E006512BCC3B634
2026-09-29T18:00:22+00:00,mlb_postseason,Z7r9jZ1AAZU4s,Chicago White Sox at Houston Astros: AL Wild Card (Home Game 1),2026-09-29,16:00:00,False,onsale,Daikin Park,Houston,,,,,1900-01-01T18:00:00Z,2026-09-29T22:30:00Z,,https://www.ticketmaster.com/event/Z7r9jZ1AAZU4s
2026-09-29T18:00:22+00:00,mlb_postseason,vvG1zZ_o1Hwh_e,Atlanta Braves Wild Card Game 2,2026-09-30,14:00:00,False,onsale,Truist Park,Atlanta,,,,,2026-09-17T17:00:00Z,2026-09-30T19:00:00Z,There is an overall 6 ticket limit for this event.,https://www.ticketmaster.com/atlanta-braves-wild-card-game-2-atlanta-georgia-09-30-2026/event/0E006512BCC9B642
2026-09-29T18:00:22+00:00,mlb_postseason,vvG1zZ_o1HSl_o,Atlanta Braves Wild Card Game 3,2026-10-01,,True,onsale,Truist Park,Atlanta,,,,,2026-09-17T17:00:00Z,2026-10-02T02:00:00Z,There is an overall 6 ticket limit for this event.,https://www.ticketmaster.com/atlanta-braves-wild-card-game-3-atlanta-georgia-10-01-2026/event/0E006512BCCEB651
2026-09-29T18:00:22+00:00,mlb_postseason,vvG18Z_GRS2g-o,ALDS Home Game 1,2026-10-07,,False,onsale,Rate Field,Chicago,,,,,2026-09-18T19:00:00Z,2026-10-07T05:00:00Z,There is a 6 ticket limit for this event.,https://www.ticketmaster.com/alds-home-game-1-chicago-illinois-10-07-2026/event/040064CBF33F5851
2026-09-29T18:00:22+00:00,mlb_postseason,Z7r9jZ1AAZIAy,"Chicago Cubs at San Diego Padres: NL Wild Card (Home Game 3, If Necessary)",2026-10-01,19:00:00,False,onsale,PETCO Park,San Diego,,,,,1900-01-01T18:00:00Z,2026-10-02T03:30:00Z,,https://www.ticketmaster.com/event/Z7r9jZ1AAZIAy
2026-09-29T18:00:22+00:00,mlb_postseason,Z7r9jZ1AAZU4Y,Chicago White Sox at Houston Astros: AL Wild Card (Home Game 2),2026-09-30,16:00:00,False,onsale,Daikin Park,Houston,,,,,1900-01-01T18:00:00Z,2026-09-30T22:30:00Z,,https://www.ticketmaster.com/event/Z7r9jZ1AAZU4Y
2026-09-29T18:00:22+00:00,mlb_postseason,vvG18Z_GRSog-J,ALDS Home Game 2,2026-10-08,,False,onsale,Rate Field,Chicago,,,,,2026-09-18T19:00:00Z,2026-10-08T05:00:00Z,There is a 6 ticket limit for this event.,https://www.ticketmaster.com/alds-home-game-2-chicago-illinois-10-08-2026/event/040064CBF3475866
2026-09-29T18:00:22+00:00,mlb_postseason,vvG1zZ_o5frqHF,Atlanta Braves Wild Card Game 1 * Premium Seating *,2026-09-29,14:00:00,False,onsale,Truist Park,Atlanta,,,,,2026-09-17T17:00:00Z,2026-09-29T19:00:00Z,There is an overall 6 ticket limit for this event.,https://www.ticketmaster.com/atlanta-braves-wild-card-game-1-atlanta-georgia-09-29-2026/event/0E006512D479DF08
2026-09-29T18:00:22+00:00,mlb_postseason,vvG1zZ_o1Hc5b9,Atlanta Braves NLDS Home Game 1,2026-10-06,,True,onsale,Truist Park,Atlanta,,,,,2026-09-17T17:00:00Z,2026-10-07T02:00:00Z,There is an overall 6 ticket limit for this event.,https://www.ticketmaster.com/atlanta-braves-nlds-home-game-1-atlanta-georgia-10-06-2026/event/0E006512BCB4B617
2026-09-29T18:00:22+00:00,mlb_postseason,vvG1zZ_o5fLcHf,Atlanta Braves Wild Card Game 2 * Premium Seating *,2026-09-30,14:00:00,False,onsale,Truist Park,Atlanta,,,,,2026-09-17T17:00:00Z,2026-09-30T19:00:00Z,There is an overall 6 ticket limit for this event.,https://www.ticketmaster.com/atlanta-braves-wild-card-game-2-atlanta-georgia-09-30-2026/event/0E006512D47EDF14
2026-09-29T18:00:22+00:00,mlb_postseason,G5vVZbzmDC45b,Postseason Pregame Tour*2026 Wild Card Game 2,2026-09-30,,True,offsale,Yankee Stadium,Bronx,,,,,,,There is a nineteen (19) ticket limit per Tour event.,https://www.ticketmaster.com/postseason-pregame-tour2026-wild-card-game-bronx-new-york-09-30-2026/event/1D00638BBB3952D8
2026-09-29T18:00:22+00:00,mlb_postseason,G5vVZbzmDC45f,Postseason Pregame Tour*2026 Wild Card Game 1,2026-09-29,,True,offsale,Yankee Stadium,Bronx,,,,,,,There is a nineteen (19) ticket limit per Tour event.,https://www.ticketmaster.com/postseason-pregame-tour2026-wild-card-game-bronx-new-york-09-29-2026/event/1D00638BBB3952D4
2026-09-29T18:00:22+00:00,mlb_postseason,G5vVZbzmDCP5Q,Postseason Pregame Tour*2026 Wild Card Game 3,2026-10-01,,True,offsale,Yankee Stadium,Bronx,,,,,,,There is a nineteen (19) ticket limit per Tour event.,https://www.ticketmaster.com/postseason-pregame-tour2026-wild-card-game-bronx-new-york-10-01-2026/event/1D00638BBB3A52DA
2026-09-29T18:00:22+00:00,mlb_postseason,G5vVZbydnigr-,Postseason Premium Pregame Tour*2026 Wild Card Game 1,2026-09-29,,True,offsale,Yankee Stadium,Bronx,,,,,,,There is a nine (9) ticket limit per Tour event.,https://www.ticketmaster.com/postseason-premium-pregame-tour2026-wild-card-bronx-new-york-09-29-2026/event/1D006390EAB357A1
2026-09-29T18:00:22+00:00,mlb_postseason,G5vVZbzRDh9cV,Postseason Pregame Glimpse of Greatness Tour*2026 Wild Card Game 1,2026-09-29,,True,offsale,Yankee Stadium,Bronx,,,,,,,There is a nineteen (19) ticket limit per Tour event.,https://www.ticketmaster.com/postseason-pregame-glimpse-of-greatness-tour2026-bronx-new-york-09-29-2026/event/1D00638BFB6D7B74
2026-09-29T18:00:22+00:00,mlb_postseason,G5vVZbydnigrN,Postseason Premium Pregame Tour*2026 Wild Card Game 2,2026-09-30,,True,offsale,Yankee Stadium,Bronx,,,,,,,There is a nine (9) ticket limit per Tour event.,https://www.ticketmaster.com/postseason-premium-pregame-tour2026-wild-card-bronx-new-york-09-30-2026/event/1D006390EAB357A3
2026-09-29T18:00:22+00:00,mlb_postseason,G5vVZbzRDhEcU,Postseason Pregame Glimpse of Greatness Tour*2026 Wild Card Game 2,2026-09-30,,True,offsale,Yankee Stadium,Bronx,,,,,,,There is a nineteen (19) ticket limit per Tour event.,https://www.ticketmaster.com/postseason-pregame-glimpse-of-greatness-tour2026-bronx-new-york-09-30-2026/event/1D00638BFB6E7B76
2026-09-29T18:00:22+00:00,mlb_postseason,G5vVZbydnigrP,Postseason Premium Pregame Tour*2026 Wild Card Game 3,2026-10-01,,True,offsale,Yankee Stadium,Bronx,,,,,,,There is a nine (9) ticket limit per Tour event.,https://www.ticketmaster.com/postseason-premium-pregame-tour2026-wild-card-bronx-new-york-10-01-2026/event/1D006390EAB357A5
2026-09-29T18:00:22+00:00,mlb_postseason,G5vVZbzRDhEcz,Postseason Pregame Glimpse of Greatness Tour*2026 Wild Card Game 3,2026-10-01,,True,offsale,Yankee Stadium,Bronx,,,,,,,There is a nineteen (19) ticket limit per Tour event.,https://www.ticketmaster.com/postseason-pregame-glimpse-of-greatness-tour2026-bronx-new-york-10-01-2026/event/1D00638BFB6E7B78
2026-09-29T18:00:22+00:00,mlb_postseason,vvG1zZ_o5fOWHh,Atlanta Braves Wild Card Game 3 * Premium Seating *,2026-10-01,,True,onsale,Truist Park,Atlanta,,,,,2026-09-17T17:00:00Z,2026-10-02T02:00:00Z,There is an overall 6 ticket limit for this event.,https://www.ticketmaster.com/atlanta-braves-wild-card-game-3-atlanta-georgia-10-01-2026/event/0E006512D483DF1B
2026-09-29T18:00:22+00:00,mlb_postseason,Z7r9jZ1AAZ4fk,TBD at Cleveland Guardians: ALDS (Home Game 1),2026-10-03,,True,onsale,Progressive Field,Cleveland,,,,,1900-01-01T18:00:00Z,2026-10-04T04:29:20Z,,https://www.ticketmaster.com/event/Z7r9jZ1AAZ4fk
2026-09-29T18:00:22+00:00,mlb_postseason,vvG1zZ_o1HmhbP,Atlanta Braves NLDS Home Game 2,2026-10-07,,True,onsale,Truist Park,Atlanta,,,,,2026-09-17T17:00:00Z,2026-10-08T02:00:00Z,There is an overall 6 ticket limit for this event.,https://www.ticketmaster.com/atlanta-braves-nlds-home-game-2-atlanta-georgia-10-07-2026/event/0E006512BCB9B625
2026-09-29T18:00:22+00:00,mlb_postseason,vvG18Z_GRS4Axp,ALCS Home Game 1,2026-10-15,,False,onsale,Rate Field,Chicago,,,,,2026-09-18T19:00:00Z,2026-10-15T05:00:00Z,There is a 6 ticket limit for this event.,https://www.ticketmaster.com/alcs-home-game-1-chicago-illinois-10-15-2026/event/040064CBF3545896
2026-09-29T18:00:22+00:00,mlb_postseason,vvG1zZ_o1HRlbR,Atlanta Braves NLDS Home Game 3,2026-10-09,,False,cancelled,Truist Park,Atlanta,,,,,2026-09-17T17:00:00Z,2026-10-09T05:00:00Z,There is an overall 6 ticket limit for this event.,https://www.ticketmaster.com/atlanta-braves-nlds-home-game-3-atlanta-georgia-10-09-2026/event/0E006512BCBEB62F
2026-09-29T18:00:22+00:00,mlb_postseason,vvG1zZ_o5fhuDl,Atlanta Braves NLDS Home Game 1 * Premium Seating *,2026-10-06,,True,onsale,Truist Park,Atlanta,,,,,2026-09-17T17:00:00Z,2026-10-07T02:00:00Z,There is an overall 6 ticket limit for this event.,https://www.ticketmaster.com/atlanta-braves-nlds-home-game-1-atlanta-georgia-10-06-2026/event/0E006512D46CDEEB
2026-09-29T18:00:22+00:00,mlb_postseason,vvG1zZ_o5fjqDm,Atlanta Braves NLDS Home Game 2 * Premium Seating *,2026-10-07,,True,onsale,Truist Park,Atlanta,,,,,2026-09-17T17:00:00Z,2026-10-08T02:00:00Z,There is an overall 6 ticket limit for this event.,https://www.ticketmaster.com/atlanta-braves-nlds-home-game-2-atlanta-georgia-10-07-2026/event/0E006512D471DEEE
2026-09-29T18:00:22+00:00,mlb_postseason,vvG18Z_GRSpPxP,ALCS Home Game 2,2026-10-16,,False,onsale,Rate Field,Chicago,,,,,2026-09-18T19:00:00Z,2026-10-16T05:00:00Z,There is a 6 ticket limit for this event.,https://www.ticketmaster.com/alcs-home-game-2-chicago-illinois-10-16-2026/event/040064CBF35A58A5
2026-09-29T18:00:22+00:00,mlb_postseason,vvG1zZ_o5fqqDy,Atlanta Braves NLDS Home Game 3 * Premium Seating *,2026-10-09,,False,cancelled,Truist Park,Atlanta,,,,,2026-09-17T17:00:00Z,2026-10-09T05:00:00Z,There is an overall 6 ticket limit for this event.,https://www.ticketmaster.com/atlanta-braves-nlds-home-game-3-atlanta-georgia-10-09-2026/event/0E006512D475DEF9
2026-09-29T18:00:22+00:00,mlb_postseason,vvG18Z_GRSb4xs,ALCS Home Game 3,2026-10-17,,False,onsale,Rate Field,Chicago,,,,,2026-09-18T19:00:00Z,2026-10-17T05:00:00Z,There is a 6 ticket limit for this event.,https://www.ticketmaster.com/alcs-home-game-3-chicago-illinois-10-17-2026/event/040064CBF36158B1
2026-09-29T18:00:22+00:00,mlb_postseason,Z7r9jZ1AAZ4Gz,"Chicago White Sox at Houston Astros: AL Wild Card (Home Game 3, If Necessary)",2026-10-01,16:00:00,False,onsale,Daikin Park,Houston,,,,,1900-01-01T06:00:00Z,2026-10-01T22:30:00Z,,https://www.ticketmaster.com/event/Z7r9jZ1AAZ4Gz
2026-09-29T18:00:22+00:00,mlb_postseason,1kk8vPk6GAuJdJu,NLCS Home Game 3,2026-10-16,,True,cancelled,Chase Field,Phoenix,,,,,2026-09-25T16:00:00Z,2026-10-17T05:00:00Z,There is an eight (8) ticket limit for this event.,https://www.ticketmaster.com/nlcs-home-game-3-phoenix-arizona-10-16-2026/event/190065187D98398D
2026-09-29T18:00:22+00:00,mlb_postseason,Z7r9jZ1AAZ4f6,TBD at Cleveland Guardians: ALDS (Home Game 2),2026-10-05,,True,onsale,Progressive Field,Cleveland,,,,,1900-01-01T18:00:00Z,2026-10-06T04:29:20Z,,https://www.ticketmaster.com/event/Z7r9jZ1AAZ4f6
2026-09-29T18:00:22+00:00,mlb_postseason,Z7r9jZ1AAZ437,"TBD at Cleveland Guardians: ALDS (Home Game 3, If Necessary)",2026-10-10,,True,onsale,Progressive Field,Cleveland,,,,,1900-01-01T18:00:00Z,2026-10-11T04:29:20Z,,https://www.ticketmaster.com/event/Z7r9jZ1AAZ437
2026-09-29T18:00:22+00:00,mlb_postseason,Z7r9jZ1A7JpJ3,TBD at Milwaukee Brewers: NLDS (Home Game 1),2026-10-03,19:00:00,False,onsale,American Family Field,Milwaukee,,,,,1900-01-01T18:00:00Z,2026-10-04T01:30:00Z,,https://www.ticketmaster.com/event/Z7r9jZ1A7JpJ3
2026-09-29T18:00:22+00:00,mlb_postseason,Z7r9jZ1AAZ4Gw,TBD at Tampa Bay Rays: ALDS (Home Game 1),2026-10-03,00:00:00,False,onsale,Tropicana Field,Saint Petersburg,,,,,1900-01-01T06:00:00Z,2026-10-03T05:30:00Z,,https://www.ticketmaster.com/event/Z7r9jZ1AAZ4Gw
2026-09-29T18:00:22+00:00,mlb_postseason,Z7r9jZ1AAZ4Gs,TBD at Tampa Bay Rays: ALDS (Home Game 2),2026-10-05,00:00:00,False,onsale,Tropicana Field,Saint Petersburg,,,,,1900-01-01T06:00:00Z,2026-10-05T05:30:00Z,,https://www.ticketmaster.com/event/Z7r9jZ1AAZ4Gs
2026-09-29T18:00:22+00:00,mlb_postseason,Z7r9jZ1AAZ4uo,"TBD at Tampa Bay Rays: ALDS (Home Game 3, If Necessary)",2026-10-10,00:00:00,False,onsale,Tropicana Field,Saint Petersburg,,,,,1900-01-01T06:00:00Z,2026-10-10T05:30:00Z,,https://www.ticketmaster.com/event/Z7r9jZ1AAZ4uo
2026-09-29T18:00:22+00:00,mlb_postseason,Z7r9jZ1A7JpP0,TBD at Milwaukee Brewers: NLDS (Home Game 2),2026-10-04,19:00:00,False,onsale,American Family Field,Milwaukee,,,,,1900-01-01T18:00:00Z,2026-10-05T01:30:00Z,,https://www.ticketmaster.com/event/Z7r9jZ1A7JpP0
2026-09-29T18:00:22+00:00,mlb_postseason,Z7r9jZ1AAZEj4,"TBD at Milwaukee Brewers: NLDS (Home Game 3, If Necessary)",2026-10-09,19:00:00,False,onsale,American Family Field,Milwaukee,,,,,1900-01-01T18:00:00Z,2026-10-10T01:30:00Z,,https://www.ticketmaster.com/event/Z7r9jZ1AAZEj4
2026-09-29T18:00:22+00:00,mlb_postseason,vv170Z_KGkSYmKTy,Dodgers Watch Party (Game 3 of NLDS) Time: TBD,2026-10-06,16:00:00,False,onsale,The Regent Theater,Los Angeles,,,,,2026-09-29T17:00:00Z,2026-10-06T23:00:00Z,,https://www.eventbrite.com/e/2002482384718?aff=oddtdtcreator
2026-09-29T18:00:22+00:00,nfl_metlife,k7vGF_a6ecuTM,New York Giants vs. Arizona Cardinals,2026-10-04,13:00:00,False,onsale,MetLife Stadium,East Rutherford,,,,,2026-05-14T23:30:00Z,2026-10-04T18:00:00Z,There is a six (6) ticket limit per household.,https://www.ticketmaster.com/new-york-giants-vs-arizona-cardinals-east-rutherford-new-jersey-10-04-2026/event/00006491C2B4DFF7
2026-09-29T18:00:22+00:00,nfl_metlife,k7vGF_a6eVCZ0,New York Giants vs. New Orleans Saints,2026-10-18,13:00:00,False,onsale,MetLife Stadium,East Rutherford,,,,,2026-05-14T23:30:00Z,2026-10-18T18:00:00Z,There is a six (6) ticket limit per household.,https://www.ticketmaster.com/new-york-giants-vs-new-orleans-east-rutherford-new-jersey-10-18-2026/event/00006491C2D0E024
2026-09-29T18:00:22+00:00,nfl_metlife,k7vGF_a6ezmvd,New York Giants vs. San Francisco 49ers,2026-12-06,13:00:00,False,onsale,MetLife Stadium,East Rutherford,,,,,2026-05-14T23:30:00Z,2026-12-06T19:00:00Z,There is a six (6) ticket limit per household.,https://www.ticketmaster.com/new-york-giants-vs-san-francisco-east-rutherford-new-jersey-12-06-2026/event/00006491C2E2E043
2026-09-29T18:00:22+00:00,nfl_metlife,k7vGF_a6ewmZ_,New York Giants vs. Jacksonville Jaguars,2026-11-22,13:00:00,False,onsale,MetLife Stadium,East Rutherford,,,,,2026-05-14T23:30:00Z,2026-11-22T19:00:00Z,There is a six (6) ticket limit per household.,https://www.ticketmaster.com/new-york-giants-vs-jacksonville-jaguars-east-rutherford-new-jersey-11-22-2026/event/00006491C2CAE019
2026-09-29T18:00:22+00:00,nfl_metlife,k7vGF_a6eRmZe,New York Giants vs. Cleveland Browns,2026-12-20,13:00:00,False,onsale,MetLife Stadium,East Rutherford,,,,,2026-05-14T23:30:00Z,2026-12-20T19:00:00Z,There is a six (6) ticket limit per household.,https://www.ticketmaster.com/new-york-giants-vs-cleveland-browns-east-rutherford-new-jersey-12-20-2026/event/00006491C2BEE002
2026-09-29T18:00:22+00:00,nfl_metlife,k7vGF_a6eDmv8,New York Giants vs. Washington Commanders,2026-11-12,20:15:00,False,onsale,MetLife Stadium,East Rutherford,,,,,2026-05-14T23:30:00Z,2026-11-13T02:15:00Z,There is a six (6) ticket limit per household.,https://www.ticketmaster.com/new-york-giants-vs-washington-commanders-east-rutherford-new-jersey-11-12-2026/event/00006491C2EEE050
2026-09-29T18:00:22+00:00,nfl_metlife,k7vGF_FN-EYBU,New York Jets v. Buffalo Bills,2026-11-15,13:00:00,False,onsale,MetLife Stadium,East Rutherford,,,,,2026-05-15T16:00:00Z,2026-11-15T19:00:00Z,There is a six (6) ticket limit per account.,https://www.ticketmaster.com/new-york-jets-v-buffalo-bills-east-rutherford-new-jersey-11-15-2026/event/00006488E19F0EB6
2026-09-29T18:00:22+00:00,nfl_metlife,k7vGF_FN-xZy2,New York Jets v. Las Vegas Raiders,2026-11-01,13:00:00,False,onsale,MetLife Stadium,East Rutherford,,,,,2026-05-15T16:00:00Z,2026-11-01T19:00:00Z,There is a six (6) ticket limit per account.,https://www.ticketmaster.com/new-york-jets-v-las-vegas-east-rutherford-new-jersey-11-01-2026/event/00006488E1880E4F
2026-09-29T18:00:22+00:00,nfl_metlife,k7vGF_FN-J8Bt,New York Jets v. Cleveland Browns,2026-10-11,13:00:00,False,onsale,MetLife Stadium,East Rutherford,,,,,2026-05-15T16:00:00Z,2026-10-11T18:00:00Z,There is a six (6) ticket limit per account.,https://www.ticketmaster.com/new-york-jets-v-cleveland-browns-east-rutherford-new-jersey-10-11-2026/event/00006488E1990EA9
2026-09-29T18:00:22+00:00,nfl_metlife,k7vGF_FN-PZB_,New York Jets v. Denver Broncos,2026-12-13,13:00:00,False,onsale,MetLife Stadium,East Rutherford,,,,,2026-05-15T16:00:00Z,2026-12-13T19:00:00Z,There is a six (6) ticket limit per account.,https://www.ticketmaster.com/new-york-jets-v-denver-broncos-east-rutherford-new-jersey-12-13-2026/event/00006488E1940E99
2026-09-29T18:00:22+00:00,nfl_metlife,k7vGF_FN-OOzB,New York Jets v. Miami Dolphins,2026-10-25,13:00:00,False,onsale,MetLife Stadium,East Rutherford,,,,,2026-05-15T16:00:00Z,2026-10-25T18:00:00Z,There is a six (6) ticket limit per account.,https://www.ticketmaster.com/new-york-jets-v-miami-dolphins-east-rutherford-new-jersey-10-25-2026/event/00006488E1820E3A
2026-09-29T18:00:22+00:00,nfl_metlife,k7vGF_FN-LZzc,New York Jets v. Minnesota Vikings,2027-01-03,13:00:00,False,onsale,MetLife Stadium,East Rutherford,,,,,2026-05-15T16:00:00Z,2027-01-03T19:00:00Z,There is a six (6) ticket limit per account.,https://www.ticketmaster.com/new-york-jets-v-minnesota-vikings-east-rutherford-new-jersey-01-03-2027/event/00006488E17C0E2D
2026-09-29T18:00:22+00:00,nfl_metlife,k7vGF_FN-qYMW,New York Jets v. New England Patriots,2026-12-27,13:00:00,False,onsale,MetLife Stadium,East Rutherford,,,,,2026-05-15T16:00:00Z,2026-12-27T19:00:00Z,There is a six (6) ticket limit per account.,https://www.ticketmaster.com/new-york-jets-v-new-england-east-rutherford-new-jersey-12-27-2026/event/00006488E1770DFD
